2026-04-07 19:45:26,517 [INFO] Activator:176 - 


2026-04-07 19:45:26,521 [INFO] Activator:177 - !SESSION log4j initialized
2026-04-07 19:45:29,736 [INFO] LogOutputStream:77 - [STDOUT_REDIRECT] 
2026-04-07 19:45:31,955 [INFO] LogOutputStream:77 - [STDOUT_REDIRECT] 
2026-04-07 19:45:33,545 [ERROR] LogOutputStream:75 - [STDERR_REDIRECT] 
2026-04-07 19:45:34,242 [INFO] ApplicationProperties:184 - Using Application install path: /Applications/STM32CubeIDE.app/Contents/Eclipse/plugins/com.st.stm32cube.common.mx_6.15.0.202507011659
2026-04-07 19:45:34,255 [INFO] DbMcusXml:78 - Set database path to: /Applications/STM32CubeIDE.app/Contents/Eclipse/plugins/com.st.stm32cube.common.mx_6.15.0.202507011659//db//mcu/
2026-04-07 19:45:34,255 [INFO] ApiDb:274 - Set plugin database path to: /Applications/STM32CubeIDE.app/Contents/Eclipse/plugins/com.st.stm32cube.common.mx_6.15.0.202507011659//db//plugins/boardmanager/
2026-04-07 19:45:34,255 [WARN] ApiDb:259 - Overriding images path with different value:  => /Applications/STM32CubeIDE.app/Contents/Eclipse/plugins/com.st.stm32cube.common.mx_6.15.0.202507011659//db//plugins/mcufinder/images/
2026-04-07 19:45:34,260 [INFO] ApiDb:250 - Set database path to: /Users/jaspertan/.stmcufinder/plugins/mcufinder//mcu/
2026-04-07 19:45:34,261 [INFO] DbMcusAds:125 - Set database path to: /Users/jaspertan/.stmcufinder/plugins/mcufinder//mcu/
2026-04-07 19:45:34,262 [INFO] CrossReferenceDbSqlite:203 - Set database path to: /Users/jaspertan/.stmcufinder/plugins/mcufinder//mcu/cs/
2026-04-07 19:45:34,358 [INFO] RulesReader:64 - Compatibility file has been processed (317 Rules)
2026-04-07 19:45:34,400 [INFO] DbMcusXml:78 - Set database path to: /Applications/STM32CubeIDE.app/Contents/Eclipse/plugins/com.st.stm32cube.common.mx_6.15.0.202507011659//db//mcu/
2026-04-07 19:45:34,400 [INFO] ApiDb:274 - Set plugin database path to: /Applications/STM32CubeIDE.app/Contents/Eclipse/plugins/com.st.stm32cube.common.mx_6.15.0.202507011659//db//plugins/boardmanager/
2026-04-07 19:45:34,400 [INFO] ApiDb:261 - Set plugin images path to: /Applications/STM32CubeIDE.app/Contents/Eclipse/plugins/com.st.stm32cube.common.mx_6.15.0.202507011659//db//plugins/mcufinder/images/
2026-04-07 19:45:34,401 [WARN] DbFile:41 - Overriding database path with different value: /Users/jaspertan/.stmcufinder/plugins/mcufinder/ => /Users/jaspertan/.stmcufinder/plugins/mcufinder
2026-04-07 19:45:34,401 [INFO] ApiDb:250 - Set database path to: /Users/jaspertan/.stmcufinder/plugins/mcufinder//mcu/
2026-04-07 19:45:34,401 [WARN] DbFile:41 - Overriding database path with different value: /Users/jaspertan/.stmcufinder/plugins/mcufinder/ => /Users/jaspertan/.stmcufinder/plugins/mcufinder
2026-04-07 19:45:34,401 [INFO] DbMcusAds:125 - Set database path to: /Users/jaspertan/.stmcufinder/plugins/mcufinder//mcu/
2026-04-07 19:45:34,401 [WARN] DbFile:41 - Overriding database path with different value: /Users/jaspertan/.stmcufinder/plugins/mcufinder/ => /Users/jaspertan/.stmcufinder/plugins/mcufinder
2026-04-07 19:45:34,401 [WARN] DbFile:41 - Overriding database path with different value: /Users/jaspertan/.stmcufinder/plugins/mcufinder/ => /Users/jaspertan/.stmcufinder/plugins/mcufinder
2026-04-07 19:45:34,402 [INFO] CrossReferenceDbSqlite:203 - Set database path to: /Users/jaspertan/.stmcufinder/plugins/mcufinder//mcu/cs/
2026-04-07 19:45:34,453 [INFO] MainPanel:274 - HeapMemory: 268435456
2026-04-07 19:45:35,085 [INFO] DbMcusXml:78 - Set database path to: /Applications/STM32CubeIDE.app/Contents/Eclipse/plugins/com.st.stm32cube.common.mx_6.15.0.202507011659//db//mcu/
2026-04-07 19:45:35,086 [INFO] ApiDb:274 - Set plugin database path to: /Applications/STM32CubeIDE.app/Contents/Eclipse/plugins/com.st.stm32cube.common.mx_6.15.0.202507011659//db//plugins/boardmanager/
2026-04-07 19:45:35,086 [INFO] ApiDb:261 - Set plugin images path to: /Applications/STM32CubeIDE.app/Contents/Eclipse/plugins/com.st.stm32cube.common.mx_6.15.0.202507011659//db//plugins/mcufinder/images/
2026-04-07 19:45:35,086 [WARN] DbFile:41 - Overriding database path with different value: /Users/jaspertan/.stmcufinder/plugins/mcufinder/ => /Users/jaspertan/.stmcufinder/plugins/mcufinder
2026-04-07 19:45:35,087 [INFO] ApiDb:250 - Set database path to: /Users/jaspertan/.stmcufinder/plugins/mcufinder//mcu/
2026-04-07 19:45:35,087 [WARN] DbFile:41 - Overriding database path with different value: /Users/jaspertan/.stmcufinder/plugins/mcufinder/ => /Users/jaspertan/.stmcufinder/plugins/mcufinder
2026-04-07 19:45:35,087 [INFO] DbMcusAds:125 - Set database path to: /Users/jaspertan/.stmcufinder/plugins/mcufinder//mcu/
2026-04-07 19:45:35,087 [WARN] DbFile:41 - Overriding database path with different value: /Users/jaspertan/.stmcufinder/plugins/mcufinder/ => /Users/jaspertan/.stmcufinder/plugins/mcufinder
2026-04-07 19:45:35,087 [WARN] DbFile:41 - Overriding database path with different value: /Users/jaspertan/.stmcufinder/plugins/mcufinder/ => /Users/jaspertan/.stmcufinder/plugins/mcufinder
2026-04-07 19:45:35,087 [INFO] CrossReferenceDbSqlite:203 - Set database path to: /Users/jaspertan/.stmcufinder/plugins/mcufinder//mcu/cs/
2026-04-07 19:45:35,100 [INFO] ApplicationProperties:184 - Using Application install path: /Applications/STM32CubeIDE.app/Contents/Eclipse/plugins/com.st.stm32cube.common.mx_6.15.0.202507011659
2026-04-07 19:45:35,101 [INFO] PluginManage:196 - Search for loadable plugins [exclusion list=, ]
2026-04-07 19:45:35,102 [INFO] PluginManage:310 - Check plugin analytics
2026-04-07 19:45:35,248 [INFO] AnalyticsPlugin:253 - Accepted Software Licenses: 
2026-04-07 19:45:35,248 [INFO] AnalyticsPlugin:255 - Accepted CMSIS Pack Licenses: 
2026-04-07 19:45:35,248 [INFO] AnalyticsPlugin:257 - Accepted Firmware Licenses: FW.F4.1.28.0
2026-04-07 19:45:35,255 [INFO] PluginManage:359 - Loaded plugin analytics (category:tool,tabindex:-1)
2026-04-07 19:45:35,256 [INFO] PluginManage:310 - Check plugin cadmodel
2026-04-07 19:45:35,267 [INFO] CADModel:105 - Init CAD model plugin
2026-04-07 19:45:35,267 [INFO] PluginManage:359 - Loaded plugin cadmodel (category:power,tabindex:5)
2026-04-07 19:45:35,268 [INFO] PluginManage:310 - Check plugin clock
2026-04-07 19:45:35,275 [INFO] PluginManage:359 - Loaded plugin clock (category:base,tabindex:2)
2026-04-07 19:45:35,275 [INFO] PluginManage:310 - Check plugin ddr
2026-04-07 19:45:35,277 [INFO] PluginManage:359 - Loaded plugin ddr (category:tool,tabindex:6)
2026-04-07 19:45:35,277 [INFO] PluginManage:310 - Check plugin filemanager
2026-04-07 19:45:35,418 [INFO] PluginManage:359 - Loaded plugin filemanager (category:base,tabindex:10)
2026-04-07 19:45:35,418 [INFO] PluginManage:310 - Check plugin ipmanager
2026-04-07 19:45:35,424 [INFO] PluginManage:359 - Loaded plugin ipmanager (category:base,tabindex:5)
2026-04-07 19:45:35,425 [INFO] PluginManage:310 - Check plugin lpbam
2026-04-07 19:45:35,434 [INFO] PluginManage:359 - Loaded plugin lpbam (category:base,tabindex:0)
2026-04-07 19:45:35,434 [INFO] PluginManage:310 - Check plugin memorymap
2026-04-07 19:45:35,442 [INFO] PluginManage:359 - Loaded plugin memorymap (category:base,tabindex:4)
2026-04-07 19:45:35,442 [INFO] PluginManage:310 - Check plugin pinoutandconfiguration
2026-04-07 19:45:35,447 [INFO] PluginManage:359 - Loaded plugin pinoutandconfiguration (category:base,tabindex:1)
2026-04-07 19:45:35,447 [INFO] PluginManage:310 - Check plugin pinoutconfig
2026-04-07 19:45:35,512 [WARN] SupportedApi:132 - Cannot load RTOS API schema: s4s-elt-must-match.1: The content of 'definitions' must match (annotation?, (simpleType | complexType)?, (unique | key | keyref)*)). A problem was found starting at: attribute.
2026-04-07 19:45:35,619 [INFO] PluginManage:359 - Loaded plugin pinoutconfig (category:base,tabindex:0)
2026-04-07 19:45:35,619 [INFO] PluginManage:310 - Check plugin power
2026-04-07 19:45:35,628 [INFO] PluginManage:359 - Loaded plugin power (category:power,tabindex:4)
2026-04-07 19:45:35,628 [INFO] PluginManage:310 - Check plugin projectmanager
2026-04-07 19:45:35,648 [INFO] PluginManage:359 - Loaded plugin projectmanager (category:projectmanager,tabindex:4)
2026-04-07 19:45:35,648 [INFO] PluginManage:310 - Check plugin rif
2026-04-07 19:45:35,655 [INFO] PluginManage:359 - Loaded plugin rif (category:base,tabindex:3)
2026-04-07 19:45:35,655 [INFO] PluginManage:310 - Check plugin thirdparty
2026-04-07 19:45:35,778 [INFO] PluginManage:359 - Loaded plugin thirdparty (category:base,tabindex:-1)
2026-04-07 19:45:35,779 [INFO] PluginManage:310 - Check plugin tools
2026-04-07 19:45:35,778 [WARN] IntegrityCheckThread:84 - waiting for thirdparty lock release [integrity check]
2026-04-07 19:45:35,781 [INFO] IntegrityCheckThread:86 - entering critical section [integrity check]
2026-04-07 19:45:35,782 [INFO] ThirdPartyUpdaterWithRetryManager:70 - Updater plugin not ready yet. [1/15]
2026-04-07 19:45:35,784 [INFO] PluginManage:359 - Loaded plugin tools (category:base,tabindex:7)
2026-04-07 19:45:35,785 [INFO] PluginManage:310 - Check plugin tutovideos
2026-04-07 19:45:35,915 [INFO] PluginManage:359 - Loaded plugin tutovideos (category:base,tabindex:-1)
2026-04-07 19:45:35,915 [INFO] PluginManage:310 - Check plugin updater
2026-04-07 19:45:35,937 [INFO] PluginManage:359 - Loaded plugin updater (category:base,tabindex:12)
2026-04-07 19:45:35,937 [INFO] PluginManage:310 - Check plugin userauth
2026-04-07 19:45:35,941 [INFO] UserAuth:118 - Init User Auth plugin
2026-04-07 19:45:35,942 [INFO] PluginManage:359 - Loaded plugin userauth (category:base,tabindex:14)
2026-04-07 19:45:35,942 [INFO] PluginManage:283 - PluginManage : Loaded plugins [18]
2026-04-07 19:45:36,103 [INFO] PinOutPanel:1589 - setPackage(No Configuration,No Configuration)
2026-04-07 19:45:36,169 [INFO] CADModel:165 - CPN selected for project level
2026-04-07 19:45:36,170 [INFO] CADModel:114 - Register for checkConnection events
2026-04-07 19:45:36,178 [INFO] IPUIPlugin:80 - create IPUIPlugin
2026-04-07 19:45:36,179 [INFO] PluginManager:220 - loadIPPluginJar : add mdma
2026-04-07 19:45:36,183 [INFO] IPUIPlugin:80 - create IPUIPlugin
2026-04-07 19:45:36,184 [INFO] PluginManager:220 - loadIPPluginJar : add freertos
2026-04-07 19:45:36,186 [INFO] IPUIPlugin:80 - create IPUIPlugin
2026-04-07 19:45:36,186 [INFO] PluginManager:220 - loadIPPluginJar : add gic
2026-04-07 19:45:36,192 [INFO] IPUIPlugin:80 - create IPUIPlugin
2026-04-07 19:45:36,193 [INFO] PluginManager:220 - loadIPPluginJar : add adc
2026-04-07 19:45:36,194 [INFO] IPUIPlugin:80 - create IPUIPlugin
2026-04-07 19:45:36,194 [INFO] PluginManager:220 - loadIPPluginJar : add gtzc
2026-04-07 19:45:36,195 [INFO] IPUIPlugin:80 - create IPUIPlugin
2026-04-07 19:45:36,195 [INFO] PluginManager:220 - loadIPPluginJar : add quadspi
2026-04-07 19:45:36,196 [INFO] IPUIPlugin:80 - create IPUIPlugin
2026-04-07 19:45:36,196 [INFO] PluginManager:220 - loadIPPluginJar : add aes
2026-04-07 19:45:36,197 [INFO] IPUIPlugin:80 - create IPUIPlugin
2026-04-07 19:45:36,198 [INFO] PluginManager:220 - loadIPPluginJar : add pdm2pcm
2026-04-07 19:45:36,198 [INFO] IPUIPlugin:80 - create IPUIPlugin
2026-04-07 19:45:36,198 [INFO] PluginManager:220 - loadIPPluginJar : add hash
2026-04-07 19:45:36,199 [INFO] IPUIPlugin:80 - create IPUIPlugin
2026-04-07 19:45:36,199 [INFO] PluginManager:220 - loadIPPluginJar : add tim
2026-04-07 19:45:36,213 [INFO] IPUIPlugin:80 - create IPUIPlugin
2026-04-07 19:45:36,213 [INFO] PluginManager:220 - loadIPPluginJar : add tsc
2026-04-07 19:45:36,217 [INFO] IPUIPlugin:80 - create IPUIPlugin
2026-04-07 19:45:36,217 [INFO] PluginManager:220 - loadIPPluginJar : add extmemmanager
2026-04-07 19:45:36,218 [INFO] IPUIPlugin:80 - create IPUIPlugin
2026-04-07 19:45:36,218 [INFO] PluginManager:220 - loadIPPluginJar : add ts
2026-04-07 19:45:36,219 [INFO] IPUIPlugin:80 - create IPUIPlugin
2026-04-07 19:45:36,219 [INFO] PluginManager:220 - loadIPPluginJar : add radio
2026-04-07 19:45:36,220 [INFO] IPUIPlugin:80 - create IPUIPlugin
2026-04-07 19:45:36,220 [INFO] PluginManager:220 - loadIPPluginJar : add can
2026-04-07 19:45:36,221 [INFO] IPUIPlugin:80 - create IPUIPlugin
2026-04-07 19:45:36,221 [INFO] PluginManager:220 - loadIPPluginJar : add dma3
2026-04-07 19:45:36,222 [INFO] IPUIPlugin:80 - create IPUIPlugin
2026-04-07 19:45:36,222 [INFO] PluginManager:220 - loadIPPluginJar : add dfsdm
2026-04-07 19:45:36,223 [INFO] IPUIPlugin:80 - create IPUIPlugin
2026-04-07 19:45:36,223 [INFO] PluginManager:220 - loadIPPluginJar : add spi
2026-04-07 19:45:36,224 [INFO] IPUIPlugin:80 - create IPUIPlugin
2026-04-07 19:45:36,224 [INFO] PluginManager:220 - loadIPPluginJar : add gfxmmu
2026-04-07 19:45:36,225 [INFO] IPUIPlugin:80 - create IPUIPlugin
2026-04-07 19:45:36,225 [INFO] PluginManager:220 - loadIPPluginJar : add genericplugin
2026-04-07 19:45:36,226 [INFO] IPUIPlugin:80 - create IPUIPlugin
2026-04-07 19:45:36,226 [INFO] PluginManager:220 - loadIPPluginJar : add cryp
2026-04-07 19:45:36,228 [INFO] IPUIPlugin:80 - create IPUIPlugin
2026-04-07 19:45:36,228 [INFO] PluginManager:220 - loadIPPluginJar : add gpio
2026-04-07 19:45:36,230 [INFO] IPUIPlugin:80 - create IPUIPlugin
2026-04-07 19:45:36,230 [INFO] PluginManager:220 - loadIPPluginJar : add ddr_ctrl_phy
2026-04-07 19:45:36,231 [INFO] IPUIPlugin:80 - create IPUIPlugin
2026-04-07 19:45:36,231 [INFO] PluginManager:220 - loadIPPluginJar : add comp
2026-04-07 19:45:36,233 [INFO] IPUIPlugin:80 - create IPUIPlugin
2026-04-07 19:45:36,233 [INFO] PluginManager:220 - loadIPPluginJar : add tracer_emb
2026-04-07 19:45:36,234 [INFO] IPUIPlugin:80 - create IPUIPlugin
2026-04-07 19:45:36,234 [INFO] PluginManager:220 - loadIPPluginJar : add openamp
2026-04-07 19:45:36,237 [INFO] IPUIPlugin:80 - create IPUIPlugin
2026-04-07 19:45:36,237 [INFO] PluginManager:220 - loadIPPluginJar : add stm32_wpan
2026-04-07 19:45:36,241 [INFO] IPUIPlugin:80 - create IPUIPlugin
2026-04-07 19:45:36,243 [INFO] PluginManager:220 - loadIPPluginJar : add plateformsettings
2026-04-07 19:45:36,245 [INFO] IPUIPlugin:80 - create IPUIPlugin
2026-04-07 19:45:36,245 [INFO] PluginManager:220 - loadIPPluginJar : add ipddr
2026-04-07 19:45:36,246 [INFO] IPUIPlugin:80 - create IPUIPlugin
2026-04-07 19:45:36,246 [INFO] PluginManager:220 - loadIPPluginJar : add usart
2026-04-07 19:45:36,247 [INFO] IPUIPlugin:80 - create IPUIPlugin
2026-04-07 19:45:36,247 [INFO] PluginManager:220 - loadIPPluginJar : add ltdc
2026-04-07 19:45:36,248 [INFO] IPUIPlugin:80 - create IPUIPlugin
2026-04-07 19:45:36,248 [INFO] PluginManager:220 - loadIPPluginJar : add nvic
2026-04-07 19:45:36,249 [INFO] IPUIPlugin:80 - create IPUIPlugin
2026-04-07 19:45:36,249 [INFO] PluginManager:220 - loadIPPluginJar : add fatfs
2026-04-07 19:45:36,254 [INFO] IPUIPlugin:80 - create IPUIPlugin
2026-04-07 19:45:36,254 [INFO] PluginManager:220 - loadIPPluginJar : add linkedlist
2026-04-07 19:45:36,257 [INFO] IPUIPlugin:80 - create IPUIPlugin
2026-04-07 19:45:36,257 [INFO] PluginManager:220 - loadIPPluginJar : add dma
2026-04-07 19:45:36,259 [INFO] IPUIPlugin:80 - create IPUIPlugin
2026-04-07 19:45:36,259 [INFO] PluginManager:220 - loadIPPluginJar : add fmc
2026-04-07 19:45:36,260 [INFO] IPUIPlugin:80 - create IPUIPlugin
2026-04-07 19:45:36,260 [INFO] PluginManager:220 - loadIPPluginJar : add i2s
2026-04-07 19:45:36,261 [INFO] IPUIPlugin:80 - create IPUIPlugin
2026-04-07 19:45:36,261 [INFO] PluginManager:220 - loadIPPluginJar : add ucpd
2026-04-07 19:45:36,262 [INFO] IPUIPlugin:80 - create IPUIPlugin
2026-04-07 19:45:36,262 [INFO] PluginManager:220 - loadIPPluginJar : add lorawan
2026-04-07 19:45:36,263 [INFO] IPUIPlugin:80 - create IPUIPlugin
2026-04-07 19:45:36,263 [INFO] PluginManager:220 - loadIPPluginJar : add opamp
2026-04-07 19:45:36,265 [INFO] IPUIPlugin:80 - create IPUIPlugin
2026-04-07 19:45:36,265 [INFO] PluginManager:220 - loadIPPluginJar : add i3c
2026-04-07 19:45:36,267 [INFO] IPUIPlugin:80 - create IPUIPlugin
2026-04-07 19:45:36,270 [INFO] PluginManager:220 - loadIPPluginJar : add touchsensing
2026-04-07 19:45:36,272 [INFO] IPUIPlugin:80 - create IPUIPlugin
2026-04-07 19:45:36,272 [INFO] PluginManager:220 - loadIPPluginJar : add i2c
2026-04-07 19:45:36,274 [INFO] IPUIPlugin:80 - create IPUIPlugin
2026-04-07 19:45:36,274 [INFO] PluginManager:220 - loadIPPluginJar : add resmgrutility
2026-04-07 19:45:36,275 [INFO] IPUIPlugin:80 - create IPUIPlugin
2026-04-07 19:45:36,275 [INFO] PluginManager:220 - loadIPPluginJar : add sai
2026-04-07 19:45:36,276 [INFO] IPUIPlugin:80 - create IPUIPlugin
2026-04-07 19:45:36,277 [INFO] PluginManager:220 - loadIPPluginJar : add usbx
2026-04-07 19:45:36,394 [FATAL] Updater:351 - Updater called before beeing initialized
2026-04-07 19:45:36,432 [INFO] RulesReader:64 - Compatibility file has been processed (317 Rules)
2026-04-07 19:45:36,445 [INFO] RulesReader:64 - Compatibility file has been processed (317 Rules)
2026-04-07 19:45:36,453 [INFO] CADModel:165 - CPN selected for project level
2026-04-07 19:45:36,453 [INFO] CADModel:114 - Register for checkConnection events
2026-04-07 19:45:36,454 [FATAL] Updater:351 - Updater called before beeing initialized
2026-04-07 19:45:36,454 [ERROR] CADModel:125 - Updater not yet initialized, retry later 
2026-04-07 19:45:36,662 [FATAL] Updater:351 - Updater called before beeing initialized
2026-04-07 19:45:36,663 [INFO] CADModel:165 - CPN selected for project level
2026-04-07 19:45:36,663 [INFO] CADModel:114 - Register for checkConnection events
2026-04-07 19:45:36,663 [FATAL] Updater:351 - Updater called before beeing initialized
2026-04-07 19:45:36,663 [ERROR] CADModel:125 - Updater not yet initialized, retry later 
2026-04-07 19:45:36,666 [FATAL] Updater:351 - Updater called before beeing initialized
2026-04-07 19:45:36,800 [FATAL] Updater:351 - Updater called before beeing initialized
2026-04-07 19:45:36,804 [INFO] DbMcusAds:53 - JSON generation date=Thu Mar 05 06:32:52 PST 2026 (1772721172890)
2026-04-07 19:45:36,804 [FATAL] Updater:351 - Updater called before beeing initialized
2026-04-07 19:45:37,056 [WARN] DetailPanel:346 - Failed to get advertising image, set to default
2026-04-07 19:45:37,113 [FATAL] Updater:351 - Updater called before beeing initialized
2026-04-07 19:45:37,116 [FATAL] Updater:351 - Updater called before beeing initialized
2026-04-07 19:45:37,116 [FATAL] Updater:351 - Updater called before beeing initialized
2026-04-07 19:45:37,116 [WARN] DetailPanel:346 - Failed to get advertising image, set to default
2026-04-07 19:45:37,118 [FATAL] Updater:351 - Updater called before beeing initialized
2026-04-07 19:45:37,161 [ERROR] Updater:1198 - MainUpdater not yet initialized. External WinMGr cannot be set.
2026-04-07 19:45:37,163 [INFO] Updater:1134 - Updater Version found : 6.15.0
2026-04-07 19:45:37,175 [INFO] ApplicationProperties:184 - Using Application install path: /Applications/STM32CubeIDE.app/Contents/Eclipse/plugins/com.st.stm32cube.common.mx_6.15.0.202507011659
2026-04-07 19:45:37,517 [INFO] MainUpdater:2872 - connection check result : 10
2026-04-07 19:45:37,518 [INFO] MainUpdater:289 - Updater Check For Update Now.
2026-04-07 19:45:37,518 [INFO] MicroXplorer:498 - Change Database Version : DB.6.0.150
2026-04-07 19:45:37,525 [INFO] McuFinderGlobals:63 - Set McuFinder mode to 2 (CubeIDE integrated)
2026-04-07 19:45:37,527 [INFO] UserAuth:487 - Internet connection configuration mode: 1
2026-04-07 19:45:37,541 [INFO] JxBrowserEngine:152 - Initiate JxBrowser Engine with user profile folder
2026-04-07 19:45:37,747 [INFO] CheckServerUpdateThread:120 - End of CheckServer Thread
2026-04-07 19:45:38,978 [WARN] PackLoader:240 - Cannot read IP mode file for STMicroelectronics.X-CUBE-AZRTOS-H7.3.5.0
2026-04-07 19:45:39,007 [WARN] PackLoader:240 - Cannot read IP mode file for STMicroelectronics.FP-SNS-MOTENVWB1.1.4.0
2026-04-07 19:45:39,022 [WARN] PackLoader:240 - Cannot read IP mode file for STMicroelectronics.FP-ATR-ASTRA1.2.0.2
2026-04-07 19:45:39,029 [WARN] PackLoader:240 - Cannot read IP mode file for STMicroelectronics.X-CUBE-SMBUS.2.1.0
2026-04-07 19:45:39,034 [WARN] PackLoader:240 - Cannot read IP mode file for STMicroelectronics.X-CUBE-ST60.1.0.0
2026-04-07 19:45:39,063 [WARN] PackLoader:240 - Cannot read IP mode file for STMicroelectronics.X-CUBE-AZRTOS-F7.1.1.0
2026-04-07 19:45:39,075 [WARN] PackLoader:240 - Cannot read IP mode file for STMicroelectronics.FP-SNS-MOTENV1.5.1.0
2026-04-07 19:45:39,146 [WARN] PackLoader:240 - Cannot read IP mode file for Infineon.AIROC-Wi-Fi-Bluetooth-STM32.1.7.0
2026-04-07 19:45:39,197 [WARN] PackLoader:240 - Cannot read IP mode file for STMicroelectronics.X-CUBE-AZRTOS-H7.3.4.0
2026-04-07 19:45:39,218 [WARN] PackLoader:240 - Cannot read IP mode file for STMicroelectronics.X-CUBE-DISPLAY.3.0.0
2026-04-07 19:45:39,233 [WARN] PackLoader:240 - Cannot read IP mode file for STMicroelectronics.FP-SNS-MOTENVWB1.1.5.0
2026-04-07 19:45:39,242 [WARN] PackLoader:240 - Cannot read IP mode file for STMicroelectronics.X-CUBE-NFC10.1.0.0
2026-04-07 19:45:39,272 [WARN] PackLoader:240 - Cannot read IP mode file for STMicroelectronics.X-CUBE-BLEMGR.4.0.0
2026-04-07 19:45:39,290 [WARN] PackLoader:240 - Cannot read IP mode file for STMicroelectronics.X-CUBE-ST60.1.1.0
2026-04-07 19:45:39,297 [WARN] PackLoader:240 - Cannot read IP mode file for emotas.I-CUBE-CANOPEN.1.3.0
2026-04-07 19:45:39,302 [WARN] PackLoader:240 - Cannot read IP mode file for STMicroelectronics.X-CUBE-GNSS1.7.1.0
2026-04-07 19:45:39,315 [WARN] ConditionMgr:438 - getConditionDescription Invalid condition id : Cortex-A Device cause : null
2026-04-07 19:45:39,332 [WARN] ConditionMgr:1044 - genDependencies : Invalid condition id : Cortex-A Device cause : null
2026-04-07 19:45:39,332 [WARN] ConditionMgr:1044 - genDependencies : Invalid condition id : Cortex-A Device cause : null
2026-04-07 19:45:39,332 [WARN] ConditionMgr:1044 - genDependencies : Invalid condition id : Cortex-A Device cause : null
2026-04-07 19:45:39,342 [WARN] PackLoader:240 - Cannot read IP mode file for STMicroelectronics.X-CUBE-AI.10.0.0
2026-04-07 19:45:39,352 [WARN] PackLoader:240 - Cannot read IP mode file for STMicroelectronics.FP-SNS-STBOX1.2.1.0
2026-04-07 19:45:39,360 [WARN] PackLoader:240 - Cannot read IP mode file for STMicroelectronics.FP-SNS-SMARTAG2.1.2.0
2026-04-07 19:45:39,365 [WARN] PackLoader:240 - Cannot read IP mode file for STMicroelectronics.FP-SNS-FLIGHT1.5.1.0
2026-04-07 19:45:39,373 [INFO] LogOutputStream:77 - [STDOUT_REDIRECT] 1 : Invalid condition id : UX_CORESTACK_Condition cause : null
2026-04-07 19:45:39,374 [INFO] LogOutputStream:77 - [STDOUT_REDIRECT] 1 : Invalid condition id : UX_CORESTACK_Condition cause : null
2026-04-07 19:45:39,374 [INFO] LogOutputStream:77 - [STDOUT_REDIRECT] 1 : Invalid condition id : UX_CORESTACK_Condition cause : null
2026-04-07 19:45:39,374 [INFO] LogOutputStream:77 - [STDOUT_REDIRECT] 1 : Invalid condition id : UX_CORESTACK_Condition cause : null
2026-04-07 19:45:39,374 [INFO] LogOutputStream:77 - [STDOUT_REDIRECT] 1 : Invalid condition id : UX_CORESTACK_Condition cause : null
2026-04-07 19:45:39,382 [WARN] PackLoader:240 - Cannot read IP mode file for STMicroelectronics.X-CUBE-AZRTOS-WL.2.0.0
2026-04-07 19:45:39,389 [WARN] PackLoader:240 - Cannot read IP mode file for STMicroelectronics.FP-SNS-MOTENV1.5.0.0
2026-04-07 19:45:39,410 [WARN] PackLoader:240 - Cannot read IP mode file for STMicroelectronics.X-CUBE-AZRTOS-H7RS.1.2.0
2026-04-07 19:45:39,422 [WARN] PackLoader:240 - Cannot read IP mode file for WES.I-CUBE-Cesium.1.3.0
2026-04-07 19:45:39,429 [WARN] PackLoader:240 - Cannot read IP mode file for STMicroelectronics.X-CUBE-BLE2.3.3.0
2026-04-07 19:45:39,447 [WARN] PackLoader:240 - Cannot read IP mode file for STMicroelectronics.X-CUBE-NFC9.1.0.0
2026-04-07 19:45:39,456 [WARN] PackLoader:240 - Cannot read IP mode file for STMicroelectronics.X-CUBE-BLE1.7.1.0
2026-04-07 19:45:39,461 [WARN] PackLoader:240 - Cannot read IP mode file for wolfSSL.I-CUBE-wolfMQTT.1.19.2
2026-04-07 19:45:39,473 [WARN] PackLoader:240 - Cannot read IP mode file for STMicroelectronics.X-CUBE-FREERTOS.1.4.0
2026-04-07 19:45:39,479 [WARN] PackLoader:240 - Cannot read IP mode file for STMicroelectronics.X-CUBE-EEPRMA1.5.2.0
2026-04-07 19:45:39,490 [WARN] PackLoader:240 - Cannot read IP mode file for STMicroelectronics.X-CUBE-ST67W61.1.1.0
2026-04-07 19:45:39,499 [WARN] PackLoader:240 - Cannot read IP mode file for STMicroelectronics.X-CUBE-AI.10.1.0
2026-04-07 19:45:39,655 [WARN] PackLoader:240 - Cannot read IP mode file for STMicroelectronics.X-CUBE-MEMS1.12.0.0
2026-04-07 19:45:39,909 [WARN] PackLoader:240 - Cannot read IP mode file for STMicroelectronics.X-CUBE-MEMS1.11.2.0
2026-04-07 19:45:40,027 [WARN] PackLoader:240 - Cannot read IP mode file for STMicroelectronics.X-CUBE-AZRTOS-G0.1.1.0
2026-04-07 19:45:40,041 [WARN] PackLoader:240 - Cannot read IP mode file for STMicroelectronics.X-CUBE-SAFEA1.1.2.2
2026-04-07 19:45:40,047 [WARN] PackLoader:240 - Cannot read IP mode file for STMicroelectronics.X-CUBE-NFC4.3.0.0
2026-04-07 19:45:40,064 [WARN] PackLoader:240 - Cannot read IP mode file for EmbeddedOffice.I-CUBE-FS-RTOS.1.0.1
2026-04-07 19:45:40,072 [WARN] PackLoader:240 - Cannot read IP mode file for STMicroelectronics.X-CUBE-WB05N.2.0.0
2026-04-07 19:45:40,076 [WARN] PackLoader:240 - Cannot read IP mode file for wolfSSL.I-CUBE-wolfTPM.3.8.0
2026-04-07 19:45:40,081 [WARN] PackLoader:240 - Cannot read IP mode file for STMicroelectronics.X-CUBE-TCPP.4.2.0
2026-04-07 19:45:40,086 [WARN] PackLoader:240 - Cannot read IP mode file for RealThread.X-CUBE-RT-Thread_Nano.4.1.1
2026-04-07 19:45:40,088 [WARN] PackLoader:240 - Cannot read IP mode file for STMicroelectronics.FP-ATR-SIGFOX1.3.2.0
2026-04-07 19:45:40,091 [WARN] PackLoader:240 - Cannot read IP mode file for STMicroelectronics.X-CUBE-EEPRMA1.5.1.0
2026-04-07 19:45:40,097 [WARN] PackLoader:240 - Cannot read IP mode file for STMicroelectronics.X-CUBE-FREERTOS.1.5.0
2026-04-07 19:45:40,100 [WARN] PackLoader:240 - Cannot read IP mode file for wolfSSL.I-CUBE-wolfSSL.5.7.6
2026-04-07 19:45:40,102 [WARN] PackLoader:240 - Cannot read IP mode file for ITTIA_DB.I-CUBE-ITTIADB.8.9.0
2026-04-07 19:45:40,109 [WARN] PackLoader:240 - Cannot read IP mode file for STMicroelectronics.X-CUBE-NFC6.3.2.0
2026-04-07 19:45:40,126 [WARN] PackLoader:240 - Cannot read IP mode file for STMicroelectronics.X-CUBE-ST67W61.1.0.0
2026-04-07 19:45:40,133 [WARN] PackLoader:240 - Cannot read IP mode file for STMicroelectronics.X-CUBE-AI.10.2.0
2026-04-07 19:45:40,176 [WARN] PackLoader:240 - Cannot read IP mode file for SEGGER.I-CUBE-embOS.1.3.1
2026-04-07 19:45:40,201 [WARN] PackLoader:240 - Cannot read IP mode file for STMicroelectronics.X-CUBE-ALGOBUILD.1.4.0
2026-04-07 19:45:40,261 [WARN] PackLoader:240 - Cannot read IP mode file for STMicroelectronics.X-CUBE-MEMS1.11.3.0
2026-04-07 19:45:40,491 [WARN] PackLoader:240 - Cannot read IP mode file for STMicroelectronics.X-CUBE-PM33A1.1.0.0
2026-04-07 19:45:40,542 [WARN] PackLoader:240 - Cannot read IP mode file for STMicroelectronics.X-CUBE-AZRTOS-F4.1.1.0
2026-04-07 19:45:40,551 [WARN] PackLoader:240 - Cannot read IP mode file for Avnet-IotConnect.X-CUBE-IoTC-DA16k-PMOD.1.0.0
2026-04-07 19:45:40,554 [WARN] PackLoader:240 - Cannot read IP mode file for STMicroelectronics.X-CUBE-ISPU.2.1.0
2026-04-07 19:45:40,566 [WARN] PackLoader:240 - Cannot read IP mode file for STMicroelectronics.X-CUBE-IPS.3.2.0
2026-04-07 19:45:40,573 [WARN] PackLoader:240 - Cannot read IP mode file for STMicroelectronics.eDS-WB_DPC_TT-BIDIR.2.1.1
2026-04-07 19:45:40,579 [WARN] PackLoader:240 - Cannot read IP mode file for STMicroelectronics.X-CUBE-NFC12.1.0.0
2026-04-07 19:45:40,599 [WARN] PackLoader:240 - Cannot read IP mode file for STMicroelectronics.X-CUBE-AZRTOS-L5.2.0.0
2026-04-07 19:45:40,609 [WARN] PackLoader:240 - Cannot read IP mode file for STMicroelectronics.X-CUBE-NFC6.3.1.0
2026-04-07 19:45:40,613 [WARN] PackLoader:240 - Cannot read IP mode file for STMicroelectronics.eDS-WB_DPC_VIENNA.1.2.0
2026-04-07 19:45:40,615 [WARN] PackLoader:240 - Cannot read IP mode file for STMicroelectronics.eDS-WB_DPC_3PH2L-BIDIR.1.1.1
2026-04-07 19:45:40,619 [WARN] PackLoader:240 - Cannot read IP mode file for STMicroelectronics.X-CUBE-FREERTOS.1.3.1
2026-04-07 19:45:40,623 [WARN] PackLoader:240 - Cannot read IP mode file for STMicroelectronics.X-CUBE-FREERTOS.1.3.0
2026-04-07 19:45:40,627 [WARN] PackLoader:240 - Cannot read IP mode file for STMicroelectronics.X-CUBE-NFC7.1.0.1
2026-04-07 19:45:40,646 [WARN] PackLoader:240 - Cannot read IP mode file for STMicroelectronics.X-CUBE-TOUCHGFX.4.26.0
2026-04-07 19:45:40,650 [WARN] PackLoader:240 - Cannot read IP mode file for STMicroelectronics.X-CUBE-TOUCHGFX.4.26.1
2026-04-07 19:45:40,658 [WARN] PackLoader:240 - Cannot read IP mode file for STMicroelectronics.FP-SNS-STAIOTCFT.1.0.0
2026-04-07 19:45:40,667 [WARN] PackLoader:240 - Cannot read IP mode file for STMicroelectronics.X-CUBE-DPower.1.3.0
2026-04-07 19:45:40,693 [WARN] ConditionMgr:438 - getConditionDescription Invalid condition id : LAN8742 Phy interface Condition cause : null
2026-04-07 19:45:40,694 [WARN] PackLoader:240 - Cannot read IP mode file for STMicroelectronics.X-CUBE-AZRTOS-L4.2.0.0
2026-04-07 19:45:40,696 [WARN] ConditionMgr:1044 - genDependencies : Invalid condition id : LAN8742 Phy interface Condition cause : null
2026-04-07 19:45:40,697 [WARN] ConditionMgr:1044 - genDependencies : Invalid condition id : LAN8742 Phy interface Condition cause : null
2026-04-07 19:45:40,698 [WARN] ConditionMgr:1044 - genDependencies : Invalid condition id : LAN8742 Phy interface Condition cause : null
2026-04-07 19:45:40,716 [WARN] PackLoader:240 - Cannot read IP mode file for STMicroelectronics.X-CUBE-SFXS2LP1.4.0.0
2026-04-07 19:45:40,728 [WARN] PackLoader:240 - Cannot read IP mode file for STMicroelectronics.X-CUBE-ST67W61.1.2.0
2026-04-07 19:45:40,754 [WARN] PackLoader:240 - Cannot read IP mode file for STMicroelectronics.X-CUBE-AZRTOS-H7.3.3.0
2026-04-07 19:45:40,777 [WARN] PackLoader:240 - Cannot read IP mode file for STMicroelectronics.X-CUBE-BLEMGR.4.1.0
2026-04-07 19:45:40,793 [WARN] ConditionMgr:438 - getConditionDescription Invalid condition id : UX DEVICE CLASS RTOS Condition cause : null
2026-04-07 19:45:40,793 [WARN] ConditionMgr:438 - getConditionDescription Invalid condition id : UX DEVICE CLASS RTOS Condition cause : null
2026-04-07 19:45:40,796 [WARN] PackLoader:240 - Cannot read IP mode file for STMicroelectronics.X-CUBE-AZRTOS-WB.2.0.0
2026-04-07 19:45:40,797 [WARN] ConditionMgr:1044 - genDependencies : Invalid condition id : UX DEVICE CLASS RTOS Condition cause : null
2026-04-07 19:45:40,797 [WARN] ConditionMgr:1044 - genDependencies : Invalid condition id : UX DEVICE CLASS RTOS Condition cause : null
2026-04-07 19:45:40,797 [WARN] ConditionMgr:1044 - genDependencies : Invalid condition id : UX DEVICE CLASS RTOS Condition cause : null
2026-04-07 19:45:40,798 [WARN] ConditionMgr:1044 - genDependencies : Invalid condition id : UX DEVICE CLASS RTOS Condition cause : null
2026-04-07 19:45:40,798 [WARN] ConditionMgr:1044 - genDependencies : Invalid condition id : UX DEVICE CLASS RTOS Condition cause : null
2026-04-07 19:45:40,820 [WARN] PackLoader:240 - Cannot read IP mode file for STMicroelectronics.X-CUBE-GNSS1.7.0.1
2026-04-07 19:45:40,825 [WARN] PackLoader:240 - Cannot read IP mode file for STMicroelectronics.X-CUBE-TOUCHGFX.4.25.0
2026-04-07 19:45:40,830 [WARN] PackLoader:240 - Cannot read IP mode file for STMicroelectronics.FP-SNS-STBOX1.2.0.0
2026-04-07 19:45:40,840 [WARN] PackLoader:240 - Cannot read IP mode file for STMicroelectronics.X-CUBE-STSE01.2.0.0
2026-04-07 19:45:40,850 [WARN] PackLoader:240 - Cannot read IP mode file for STMicroelectronics.X-CUBE-SUBG2.5.0.0
2026-04-07 19:45:40,876 [WARN] PackLoader:240 - Cannot read IP mode file for STMicroelectronics.X-CUBE-AZRTOS-H7RS.1.1.0
2026-04-07 19:45:40,882 [WARN] PackLoader:240 - Cannot read IP mode file for Cesanta.I-CUBE-Mongoose.7.13.0
2026-04-07 19:45:40,897 [WARN] PackLoader:240 - Cannot read IP mode file for STMicroelectronics.X-CUBE-AZRTOS-G4.2.0.0
2026-04-07 19:45:40,901 [WARN] PackLoader:240 - Cannot read IP mode file for wolfSSL.I-CUBE-wolfSSH.1.4.20
2026-04-07 19:45:40,903 [WARN] PackLoader:240 - Cannot read IP mode file for STMicroelectronics.X-CUBE-NFC7.2.0.0
2026-04-07 19:45:40,919 [WARN] PackLoader:240 - Cannot read IP mode file for STMicroelectronics.X-CUBE-IPS.3.1.0
2026-04-07 19:45:40,927 [WARN] PackLoader:240 - Cannot read IP mode file for STMicroelectronics.X-CUBE-ALS.1.0.2
2026-04-07 19:45:40,934 [WARN] PackLoader:240 - Cannot read IP mode file for STMicroelectronics.X-CUBE-STSE01.1.0.0
2026-04-07 19:45:40,941 [WARN] PackLoader:240 - Cannot read IP mode file for portGmbH.I-Cube-SoM-uGOAL.1.1.0
2026-04-07 19:45:40,952 [WARN] PackLoader:240 - Cannot read IP mode file for STMicroelectronics.X-CUBE-TOF1.3.4.3
2026-04-07 19:45:40,972 [INFO] ThirdParty:978 - Integrity check success = true
2026-04-07 19:45:40,973 [INFO] IntegrityCheckThread:100 - exiting critical section [integrity check]
2026-04-07 19:45:40,973 [INFO] IntegrityCheckThread:103 - End integrity checks thread
2026-04-07 19:46:03,574 [INFO] WebApp:169 - Instantiating new browser for Auth
2026-04-07 19:46:05,077 [INFO] WebApp:463 - Apply proxy settings
2026-04-07 19:46:05,117 [INFO] WebApp:508 - Chromium authenticates against Manually configured proxy
2026-04-07 19:46:05,129 [INFO] WebApp:516 - Username used for proxy authentication: 
2026-04-07 19:46:05,165 [INFO] WebApp:900 - Register for checkConnection events
2026-04-07 19:46:05,166 [INFO] WebApp:463 - Apply proxy settings
2026-04-07 19:46:05,176 [INFO] WebApp:508 - Chromium authenticates against Manually configured proxy
2026-04-07 19:46:05,177 [INFO] WebApp:516 - Username used for proxy authentication: 
2026-04-07 19:46:05,388 [INFO] WebApp:225 - Starting web application
2026-04-07 19:46:05,389 [INFO] WebApp:593 - Web application path used /Applications/STM32CubeIDE.app/Contents/Eclipse/plugins/com.st.stm32cube.common.mx_6.15.0.202507011659/db/plugins/mcufinder/reactClient1/index.html
2026-04-07 19:46:05,814 [INFO] WebApp:191 - Connection restablished
2026-04-07 19:46:06,523 [INFO] UserAuth:487 - Internet connection configuration mode: 1
2026-04-07 19:46:10,603 [INFO] McuFinderGlobals:63 - Set McuFinder mode to 2 (CubeIDE integrated)
2026-04-07 19:46:10,615 [INFO] MainUpdater:2872 - connection check result : 10
2026-04-07 19:46:10,616 [INFO] MainUpdater:2872 - connection check result : 10
2026-04-07 19:46:11,606 [INFO] MicroXplorer:468 - Change Database Path : 
2026-04-07 19:46:11,608 [INFO] MicroXplorer:498 - Change Database Version : DB.6.0.150
2026-04-07 19:46:11,616 [WARN] ThirdParty:871 - waiting for thirdparty lock release [close project]
2026-04-07 19:46:11,616 [INFO] ThirdParty:873 - entering critical section [close project]
2026-04-07 19:46:11,625 [INFO] ThirdParty:883 - exiting critical section [close project]
2026-04-07 19:46:11,637 [INFO] PinOutPanel:1589 - setPackage(No Configuration,No Configuration)
2026-04-07 19:46:11,644 [INFO] UtilMem:75 - Begin LoadConfig() Used Memory: 428645392 Bytes (534773760)
2026-04-07 19:46:11,646 [INFO] MicroXplorer:468 - Change Database Path : 
2026-04-07 19:46:11,646 [INFO] MicroXplorer:498 - Change Database Version : DB.6.0.150
2026-04-07 19:46:11,647 [INFO] OpenFileManager:355 - Change cursor
2026-04-07 19:46:11,778 [INFO] Mcu:2029 - Initializing MCU STM32F042F6Px STM32F042F6Px STM32F042F6P6TR
2026-04-07 19:46:13,360 [INFO] Context:786 - Trying to add GPIOservice into a context  which must be forbidden
2026-04-07 19:46:14,273 [INFO] ImportTextPane:234 - (OptionalMessage_ERROR) Pin0 (VP_RIF_VS_RIF1) cannot be retrieved for this MCU
2026-04-07 19:46:14,526 [INFO] RtosManager:558 - Registered RTOS mode: class=CMSIS, group=RTOS, mode=CMSIS_V1, owner=FREERTOS
2026-04-07 19:46:14,527 [INFO] RtosManager:558 - Registered RTOS mode: class=CMSIS, group=RTOS2, mode=CMSIS_V2, owner=FREERTOS
2026-04-07 19:46:14,528 [INFO] RtosManager:558 - Registered RTOS mode: class=RTOS, group=Core, mode=CMSIS_V1, owner=FREERTOS
2026-04-07 19:46:14,528 [INFO] RtosManager:558 - Registered RTOS mode: class=RTOS, group=Core, mode=CMSIS_V2, owner=FREERTOS
2026-04-07 19:46:14,528 [WARN] ModelIntegratedComponent:184 - Missing modes for component STMicroelectronics:FreeRTOS:0.0.1:STMicroelectronics:RTOS:FreeRTOS:Core:::10.2.0:
2026-04-07 19:46:14,535 [WARN] ModelIntegratedComponent:63 - No mode defined for component null
2026-04-07 19:46:14,535 [WARN] ModelIntegratedComponent:63 - No mode defined for component null
2026-04-07 19:46:14,535 [WARN] ModelIntegratedComponent:63 - No mode defined for component null
2026-04-07 19:46:14,535 [WARN] ModelIntegratedComponent:63 - No mode defined for component null
2026-04-07 19:46:14,535 [WARN] ModelIntegratedComponent:63 - No mode defined for component null
2026-04-07 19:46:14,535 [WARN] ModelIntegratedComponent:63 - No mode defined for component null
2026-04-07 19:46:14,535 [WARN] ModelIntegratedComponent:63 - No mode defined for component null
2026-04-07 19:46:14,535 [WARN] ModelIntegratedComponent:63 - No mode defined for component null
2026-04-07 19:46:14,535 [WARN] ModelIntegratedComponent:63 - No mode defined for component null
2026-04-07 19:46:14,535 [WARN] ModelIntegratedComponent:63 - No mode defined for component null
2026-04-07 19:46:14,535 [WARN] ModelIntegratedComponent:63 - No mode defined for component null
2026-04-07 19:46:14,535 [WARN] ModelIntegratedComponent:63 - No mode defined for component null
2026-04-07 19:46:14,535 [WARN] ModelIntegratedComponent:63 - No mode defined for component null
2026-04-07 19:46:14,535 [WARN] ModelIntegratedComponent:63 - No mode defined for component null
2026-04-07 19:46:14,535 [WARN] ModelIntegratedComponent:63 - No mode defined for component null
2026-04-07 19:46:14,535 [WARN] ModelIntegratedComponent:63 - No mode defined for component null
2026-04-07 19:46:14,535 [WARN] ModelIntegratedComponent:63 - No mode defined for component null
2026-04-07 19:46:14,535 [WARN] ModelIntegratedComponent:63 - No mode defined for component null
2026-04-07 19:46:14,535 [WARN] ModelIntegratedComponent:63 - No mode defined for component null
2026-04-07 19:46:14,535 [WARN] ModelIntegratedComponent:63 - No mode defined for component null
2026-04-07 19:46:14,535 [WARN] ModelIntegratedComponent:63 - No mode defined for component null
2026-04-07 19:46:14,535 [WARN] ModelIntegratedComponent:63 - No mode defined for component null
2026-04-07 19:46:14,535 [WARN] ModelIntegratedComponent:63 - No mode defined for component null
2026-04-07 19:46:14,535 [WARN] ModelIntegratedComponent:63 - No mode defined for component null
2026-04-07 19:46:14,535 [WARN] ModelIntegratedComponent:63 - No mode defined for component null
2026-04-07 19:46:14,535 [WARN] ModelIntegratedComponent:63 - No mode defined for component null
2026-04-07 19:46:14,536 [WARN] ModelIntegratedComponent:63 - No mode defined for component null
2026-04-07 19:46:14,536 [WARN] ModelIntegratedComponent:63 - No mode defined for component null
2026-04-07 19:46:14,536 [WARN] ModelIntegratedComponent:63 - No mode defined for component null
2026-04-07 19:46:14,536 [WARN] ModelIntegratedComponent:63 - No mode defined for component null
2026-04-07 19:46:14,536 [WARN] ModelIntegratedComponent:63 - No mode defined for component null
2026-04-07 19:46:14,536 [WARN] ModelIntegratedComponent:63 - No mode defined for component null
2026-04-07 19:46:14,536 [WARN] ModelIntegratedComponent:63 - No mode defined for component null
2026-04-07 19:46:14,536 [WARN] ModelIntegratedComponent:63 - No mode defined for component null
2026-04-07 19:46:14,536 [WARN] ModelIntegratedComponent:63 - No mode defined for component null
2026-04-07 19:46:14,536 [WARN] ModelPack:524 - Component already loaded: STMicroelectronics:HAL Drivers:0.0.0:STMicroelectronics:Device:STMicro_Driver:XSPI:HAL::0.0.1:HAL_XSPI
2026-04-07 19:46:14,786 [INFO] ThirdPartyModel:298 - Start build external matchings
2026-04-07 19:46:15,304 [INFO] ThirdPartyModel:316 - End build external matchings
2026-04-07 19:46:15,943 [INFO] ApiDb:581 - Connected to CubeFinder SQLite database (/Users/jaspertan/.stmcufinder/plugins/mcufinder/mcu/cube-finder-db.db)
2026-04-07 19:46:15,985 [INFO] ApiDb:668 - CubeFinder database Data Model version=2.1
2026-04-07 19:46:15,986 [INFO] ApiDb:669 - CubeFinder database Configuration version=3.0.42
2026-04-07 19:46:15,986 [INFO] ApiDb:670 - CubeFinder database generation date=2026-03-11 (1773229989)
2026-04-07 19:46:15,987 [INFO] ApiDb:671 - CubeFinder database FW Pack versions=[FP-ATR-ASTRA1_V2.0.0, FP-SNS-FLIGHT1_V5.1.0, FP-SNS-MOTENV1_V5.1.0, FP-SNS-MOTENVWB1_V1.5.0, FP-SNS-SMARTAG2_V1.2.0, FP-SNS-STBOX1_V2.1.0, STM32Cube_FW_C0_V1.4.0, STM32Cube_FW_F4_V1.28.3, STM32Cube_FW_F7_V1.17.4, STM32Cube_FW_G0_V1.6.3, STM32Cube_FW_G4_V1.6.2, STM32Cube_FW_H5_V1.6.0, STM32Cube_FW_H7RS_V1.3.0, STM32Cube_FW_H7_V1.13.0, STM32Cube_FW_L0_V1.12.2, STM32Cube_FW_L4_V1.18.2, STM32Cube_FW_L5_V1.6.0, STM32Cube_FW_N6_V1.3.0, STM32Cube_FW_U0_V1.3.0, STM32Cube_FW_U3_V1.3.0, STM32Cube_FW_U5_V1.8.0, STM32Cube_FW_WB0_V1.4.0, STM32Cube_FW_WBA_V1.9.0, STM32Cube_FW_WB_V1.24.0, STM32Cube_FW_WL3_V1.4.0, STM32Cube_FW_WL_V1.5.0, X-CUBE-ALGOBUILD_V1.4.0, X-CUBE-ALS_V1.0.2, X-CUBE-AZRTOS-F4_V1.1.0, X-CUBE-AZRTOS-F7_V1.1.0, X-CUBE-AZRTOS-G0_V1.1.0, X-CUBE-AZRTOS-G4_V2.0.0, X-CUBE-AZRTOS-H7RS_V1.1.0, X-CUBE-AZRTOS-H7_V3.4.0, X-CUBE-AZRTOS-L4_V2.0.0, X-CUBE-AZRTOS-L5_V2.0.0, X-CUBE-AZRTOS-WB_V2.0.0, X-CUBE-AZRTOS-WL_V2.0.0, X-CUBE-BLE1_V7.1.0, X-CUBE-BLE2_V3.3.0, X-CUBE-BLEMGR_V4.1.0, X-CUBE-EEPRMA1_V5.2.0, X-CUBE-FREERTOS_V1.5.0, X-CUBE-GNSS1_V6.0.0, X-CUBE-MEMS1_V12.0.0, X-CUBE-NFC4_V3.0.0, X-CUBE-NFC7_V2.0.0, X-CUBE-SFXS2LP1_V4.0.0, X-CUBE-ST67W61_V1.2.0, X-CUBE-SUBG2_V5.0.0, X-CUBE-TOF1_V3.4.3]
2026-04-07 19:46:16,160 [INFO] DbBoardsSqlite:226 - include board P-NUCLEO-WB55-NUCLEO as a kit item of type 'Nucleo-64'
2026-04-07 19:46:16,170 [INFO] DbBoardsSqlite:226 - include board P-NUCLEO-WB55-USBDONGLE as a kit item of type 'Nucleo USB Dongle'
2026-04-07 19:46:16,173 [INFO] DbBoardsSqlite:226 - include board STEVAL-IDP005V1 as a kit item of type 'Evaluation Board'
2026-04-07 19:46:16,173 [INFO] DbBoardsSqlite:226 - include board STEVAL-IDP005V2 as a kit item of type 'Evaluation Board'
2026-04-07 19:46:16,525 [INFO] ApiDb:240 - Found 880 in-development CPN: [B-G473E-ZEST1S, B-WB1M-WPAN1, B-WBA5M-WPAN, B-WL5M-SUBG1, NUCLEO-C031C6, NUCLEO-C051C8, NUCLEO-C071RB, NUCLEO-C092RC, NUCLEO-H503RB, NUCLEO-H533RE, NUCLEO-H563ZI, NUCLEO-H7S3L8, NUCLEO-N657X0-Q, NUCLEO-U031R8, NUCLEO-U083RC, NUCLEO-U385RG-Q, NUCLEO-U545RE-Q, NUCLEO-U5A5ZJ-Q, NUCLEO-WB05KZ, NUCLEO-WB07CC, NUCLEO-WB09KE, NUCLEO-WBA52CG, NUCLEO-WBA55CG, NUCLEO-WL33CC1, NUCLEO-WL33CC2, STEVAL-PROTEUS1, STEVAL-SMARTAG2, STEVAL-STWINBX1, STM320518-EVAL, STM32C0116-DK, STM32C011D6Y3TR, STM32C011D6Y6TR, STM32C011F4P3, STM32C011F4P6, STM32C011F4U3, STM32C011F4U6TR, STM32C011F6P3, STM32C011F6P6, STM32C011F6U3, STM32C011F6U6TR, STM32C011J4M3, STM32C011J4M6, STM32C011J6M3, STM32C011J6M6, STM32C0316-DK, STM32C031C4T3, STM32C031C4T6, STM32C031C4U3, STM32C031C4U6, STM32C031C6T3, STM32C031C6T6, STM32C031C6U3, STM32C031C6U6, STM32C031F4P3, STM32C031F4P6, STM32C031F6P3, STM32C031F6P6, STM32C031G4U3, STM32C031G4U6, STM32C031G6U3, STM32C031G6U6, STM32C031K4T3, STM32C031K4T6, STM32C031K4U3, STM32C031K4U6, STM32C031K6T3, STM32C031K6T6, STM32C031K6U3, STM32C031K6U6, STM32C051C6T6, STM32C051C6U6, STM32C051C8T6, STM32C051C8U6, STM32C051D8Y6TR, STM32C051F6P6, STM32C051F8P6, STM32C051G6U6, STM32C051G8U6, STM32C051K6T6, STM32C051K6U6, STM32C051K8T6, STM32C071C8T6, STM32C071C8T6N, STM32C071C8U6, STM32C071C8U6N, STM32C071CBT6, STM32C071CBT6N, STM32C071CBU6, STM32C071CBU6N, STM32C071F8P6, STM32C071F8P6N, STM32C071FBP6, STM32C071FBP6N, STM32C071FBY6TR, STM32C071G8U6, STM32C071G8U6N, STM32C071GBU6, STM32C071GBU6N, STM32C071K8T6, STM32C071K8T6N, STM32C071K8U6, STM32C071K8U6N, STM32C071KBT6, STM32C071KBT6N, STM32C071KBU6, STM32C071KBU6N, STM32C071R8T6, STM32C071R8T6N, STM32C071RBI6N, STM32C071RBT6, STM32C071RBT6N, STM32C091CBT6, STM32C091CBU6, STM32C091CCT6, STM32C091CCU6, STM32C091ECY6TR, STM32C091FBP6, STM32C091FCP6, STM32C091GBU6, STM32C091GCU6, STM32C091KBT6, STM32C091KBU6, STM32C091KCT6, STM32C091KCU6, STM32C091RBT6, STM32C091RCI6, STM32C091RCT6, STM32C092CBT6, STM32C092CBU6, STM32C092CCT6, STM32C092CCU6, STM32C092ECY6TR, STM32C092FBP6, STM32C092FCP6, STM32C092GBU6, STM32C092GCU6, STM32C092KBT6, STM32C092KBU6, STM32C092KCT6, STM32C092KCU6, STM32C092RBT6, STM32C092RCI6, STM32C092RCT6, STM32G071K8TXN, STM32G071K8UXN, STM32G081GBU6N, STM32G081KBT6N, STM32G081KBUXN, STM32G0B1CCT6N, STM32G0B1KCT6, STM32G0B1NEY6TR, STM32G0B1RCT6N, STM32G0C1CCT6, STM32G0C1CCT6N, STM32G0C1CCU6N, STM32G0C1CET6N, STM32G0C1CEU6N, STM32G0C1KCT6, STM32G0C1NEY6TR, STM32G0C1RCI6N, STM32G0C1RCT6N, STM32G0C1REI6N, STM32G0C1RET6N, STM32G0C1VCI6, STM32G0C1VEI6, STM32G411C6T3, STM32G411C6T6, STM32G411C6U3, STM32G411C6U6, STM32G411C8T3, STM32G411C8T6, STM32G411C8U3, STM32G411C8U6, STM32G411CBT3, STM32G411CBT6, STM32G411CBU3, STM32G411CBU6, STM32G411K6T3, STM32G411K6T6, STM32G411K6U3, STM32G411K6U6, STM32G411K8T3, STM32G411K8T6, STM32G411K8U3, STM32G411K8U6, STM32G411KBT3, STM32G411KBT6, STM32G411KBU3, STM32G411KBU6, STM32G411M6T3, STM32G411M6T6, STM32G411M8T3, STM32G411M8T6, STM32G411MBT3, STM32G411MBT6, STM32G411R6T3, STM32G411R6T6, STM32G411R8T3, STM32G411R8T6, STM32G411RBT3, STM32G411RBT6, STM32G414CBT3, STM32G414CBT6, STM32G414CBU3, STM32G414CBU6, STM32G414CCT3, STM32G414CCT6, STM32G414CCU3, STM32G414CCU6, STM32G414MBT3, STM32G414MBT6, STM32G414MCT3, STM32G414MCT6, STM32G414RBT3, STM32G414RBT6, STM32G414RCT3, STM32G414RCT6, STM32G414VBT3, STM32G414VBT6, STM32G414VCT3, STM32G414VCT6, STM32G431CBT3Z, STM32G431RBT3Z, STM32G471CCT6, STM32G471CCU6, STM32G471CET3, STM32G471CET6, STM32G471CEU3, STM32G471CEU6, STM32G471MCT6, STM32G471MET3, STM32G471MET6, STM32G471MEY6TR, STM32G471QCT6, STM32G471QET3, STM32G471RCT6, STM32G471RET3, STM32G471RET6, STM32G471VCH6, STM32G471VCI6, STM32G471VCT6, STM32G471VEH3, STM32G471VEH6, STM32G471VEI3, STM32G471VEI6, STM32G471VET3, STM32G471VET6, STM32G473QET3Z, STM32G473RET3Z, STM32G474CCT6, STM32G491RET3Z, STM32H503CBT6, STM32H503CBU6, STM32H503EBY6TR, STM32H503KBU6, STM32H503RBT6, STM32H523CCT6, STM32H523CCU6, STM32H523CET6, STM32H523CEU6, STM32H523HEY6TR, STM32H523RCT6, STM32H523RET6, STM32H523VCI6, STM32H523VCT6, STM32H523VEI6, STM32H523VET6, STM32H523ZCJ6, STM32H523ZCT6, STM32H523ZEJ6, STM32H523ZET6, STM32H533CET6, STM32H533CEU6, STM32H533HEY6TR, STM32H533RET6, STM32H533VEI6, STM32H533VET6, STM32H533ZEJ6, STM32H533ZET6, STM32H562AGI6, STM32H562AII6, STM32H562IGK6, STM32H562IGT6, STM32H562IIK6, STM32H562IIT6, STM32H562RGT6, STM32H562RGV6, STM32H562RIT6, STM32H562RIV6, STM32H562VGT6, STM32H562VIT6, STM32H562ZGT6, STM32H562ZIT6, STM32H563AGI6, STM32H563AII3Q, STM32H563AII6, STM32H563IGK6, STM32H563IGT6, STM32H563IIK3Q, STM32H563IIK6, STM32H563IIT3Q, STM32H563IIT6, STM32H563MIY3QTR, STM32H563RGT6, STM32H563RGV6, STM32H563RIT6, STM32H563RIV6, STM32H563VGT6, STM32H563VIT3Q, STM32H563VIT6, STM32H563ZGT6, STM32H563ZIT3Q, STM32H563ZIT6, STM32H573AII3Q, STM32H573AII6, STM32H573I-DK, STM32H573IIK3Q, STM32H573IIK6, STM32H573IIT3Q, STM32H573IIT6, STM32H573MIY3QTR, STM32H573RIT6, STM32H573RIV6, STM32H573VIT3Q, STM32H573VIT6, STM32H573ZIT3Q, STM32H573ZIT6, STM32H7R3A8I6, STM32H7R3I8K6, STM32H7R3I8T6, STM32H7R3L8H6, STM32H7R3L8H6H, STM32H7R3R8V6, STM32H7R3V8H6, STM32H7R3V8T6, STM32H7R3V8Y6TR, STM32H7R3Z8J6, STM32H7R3Z8T6, STM32H7R7A8I6, STM32H7R7I8K6, STM32H7R7I8T6, STM32H7R7L8H6, STM32H7R7L8H6H, STM32H7R7Z8J6, STM32H7S3A8I6, STM32H7S3I8K6, STM32H7S3I8T6, STM32H7S3L8H6, STM32H7S3L8H6H, STM32H7S3R8V6, STM32H7S3V8H6, STM32H7S3V8T6, STM32H7S3V8Y6TR, STM32H7S3Z8J6, STM32H7S3Z8T6, STM32H7S78-DK, STM32H7S7A8I6, STM32H7S7I8K6, STM32H7S7I8T6, STM32H7S7L8H6, STM32H7S7L8H6H, STM32H7S7Z8J6, STM32L4R5QGI6STR, STM32MP131AAE3, STM32MP131AAF3, STM32MP131AAG3, STM32MP131CAE3, STM32MP131CAF3, STM32MP131CAG3, STM32MP131DAE7, STM32MP131DAF7, STM32MP131DAG7, STM32MP131FAE7, STM32MP131FAF7, STM32MP131FAG7, STM32MP133AAE3, STM32MP133AAF3, STM32MP133AAG3, STM32MP133CAE3, STM32MP133CAF3, STM32MP133CAG3, STM32MP133DAE7, STM32MP133DAF7, STM32MP133DAG7, STM32MP133FAE7, STM32MP133FAF7, STM32MP133FAG7, STM32MP135AAE3, STM32MP135AAF3, STM32MP135AAG3, STM32MP135CAE3, STM32MP135CAF3, STM32MP135CAG3, STM32MP135DAE7, STM32MP135DAF7, STM32MP135DAG7, STM32MP135F-DK, STM32MP135FAE7, STM32MP135FAF7, STM32MP135FAF7T, STM32MP135FAF7U, STM32MP135FAG7, STM32MP211AAL3, STM32MP211AAM3, STM32MP211AAN3, STM32MP211AAO3, STM32MP211CAL3, STM32MP211CAM3, STM32MP211CAN3, STM32MP211CAO3, STM32MP211DAL3, STM32MP211DAM3, STM32MP211DAN3, STM32MP211DAO3, STM32MP211FAL3, STM32MP211FAM3, STM32MP211FAN3, STM32MP211FAO3, STM32MP213AAL3, STM32MP213AAM3, STM32MP213AAN3, STM32MP213AAO3, STM32MP213CAL3, STM32MP213CAM3, STM32MP213CAN3, STM32MP213CAO3, STM32MP213DAL3, STM32MP213DAM3, STM32MP213DAN3, STM32MP213DAO3, STM32MP213FAL3, STM32MP213FAM3, STM32MP213FAN3, STM32MP213FAO3, STM32MP215AAL3, STM32MP215AAM3, STM32MP215AAN3, STM32MP215AAO3, STM32MP215CAL3, STM32MP215CAM3, STM32MP215CAN3, STM32MP215CAO3, STM32MP215DAL3, STM32MP215DAM3, STM32MP215DAN3, STM32MP215DAO3, STM32MP215F-DK, STM32MP215FAL3, STM32MP215FAM3, STM32MP215FAN3, STM32MP215FAO3, STM32MP231AAJ3, STM32MP231AAK3, STM32MP231AAL3, STM32MP231CAJ3, STM32MP231CAK3, STM32MP231CAL3, STM32MP231DAJ3, STM32MP231DAK3, STM32MP231DAL3, STM32MP231FAJ3, STM32MP231FAK3, STM32MP231FAL3, STM32MP233AAJ3, STM32MP233AAK3, STM32MP233AAL3, STM32MP233CAJ3, STM32MP233CAK3, STM32MP233CAL3, STM32MP233DAJ3, STM32MP233DAK3, STM32MP233DAL3, STM32MP233FAJ3, STM32MP233FAK3, STM32MP233FAL3, STM32MP235AAJ3, STM32MP235AAK3, STM32MP235AAL3, STM32MP235CAJ3, STM32MP235CAK3, STM32MP235CAL3, STM32MP235DAJ3, STM32MP235DAK3, STM32MP235DAL3, STM32MP235FAJ3, STM32MP235FAK3, STM32MP235FAL3, STM32MP251AAI3, STM32MP251AAK3, STM32MP251AAL3, STM32MP251CAI3, STM32MP251CAK3, STM32MP251CAL3, STM32MP251DAI3, STM32MP251DAK3, STM32MP251DAL3, STM32MP251FAI3, STM32MP251FAK3, STM32MP251FAL3, STM32MP253AAI3, STM32MP253AAK3, STM32MP253AAL3, STM32MP253CAI3, STM32MP253CAK3, STM32MP253CAL3, STM32MP253DAI3, STM32MP253DAK3, STM32MP253DAL3, STM32MP253FAI3, STM32MP253FAK3, STM32MP253FAL3, STM32MP255AAI3, STM32MP255AAK3, STM32MP255AAL3, STM32MP255CAI3, STM32MP255CAK3, STM32MP255CAL3, STM32MP255DAI3, STM32MP255DAK3, STM32MP255DAL3, STM32MP255FAI3, STM32MP255FAK3, STM32MP255FAL3, STM32MP257AAI3, STM32MP257AAK3, STM32MP257AAL3, STM32MP257CAI3, STM32MP257CAK3, STM32MP257CAL3, STM32MP257DAI3, STM32MP257DAK3, STM32MP257DAL3, STM32MP257F-DK, STM32MP257F-EV1, STM32MP257FAI3, STM32MP257FAK3, STM32MP257FAL3, STM32N645A0H3Q, STM32N645B0H3Q, STM32N645I0H3Q, STM32N645L0H3Q, STM32N645X0H3Q, STM32N645Z0H3Q, STM32N647A0H3Q, STM32N647B0H3Q, STM32N647I0H3Q, STM32N647L0H3Q, STM32N647X0H3Q, STM32N647Z0H3Q, STM32N655A0H3Q, STM32N655B0H3Q, STM32N655I0H3Q, STM32N655L0H3Q, STM32N655X0H3Q, STM32N655Z0H3Q, STM32N6570-DK, STM32N657A0H3Q, STM32N657B0H3Q, STM32N657I0H3Q, STM32N657L0H3Q, STM32N657X0H3Q, STM32N657Z0H3Q, STM32U031C6T6, STM32U031C6U6, STM32U031C8T6, STM32U031C8U6, STM32U031F4P6, STM32U031F6P6, STM32U031F8P6, STM32U031G6Y6TR, STM32U031G8Y6TR, STM32U031K4U6, STM32U031K6U6, STM32U031K8U6, STM32U031R6I6, STM32U031R6T6, STM32U031R8I6, STM32U031R8T6, STM32U073C8T6, STM32U073C8U6, STM32U073CBT6, STM32U073CBU6, STM32U073CCT6, STM32U073CCU6, STM32U073H8Y6TR, STM32U073HBY6TR, STM32U073HCY6TR, STM32U073K8U6, STM32U073KBU6, STM32U073KCU6, STM32U073M8I6, STM32U073M8T6, STM32U073MBI6, STM32U073MBT6, STM32U073MCI6, STM32U073MCT6, STM32U073R8I6, STM32U073R8T6, STM32U073RBI6, STM32U073RBT6, STM32U073RCI6, STM32U073RCT6, STM32U083C-DK, STM32U083CCT6, STM32U083CCU6, STM32U083HCY6TR, STM32U083KCU6, STM32U083MCI6, STM32U083MCT6, STM32U083RCI6, STM32U083RCT6, STM32U375CET6, STM32U375CET6Q, STM32U375CEU6, STM32U375CEU6Q, STM32U375CEY6QTR, STM32U375CGT6, STM32U375CGT6Q, STM32U375CGU6, STM32U375CGU6Q, STM32U375CGY6QTR, STM32U375KEU6, STM32U375KGU6, STM32U375REI6, STM32U375REI6Q, STM32U375RET6, STM32U375RET6Q, STM32U375REY6GTR, STM32U375REY6QTR, STM32U375RGI6, STM32U375RGI6Q, STM32U375RGT6, STM32U375RGT6Q, STM32U375RGY6GTR, STM32U375RGY6QTR, STM32U375VEI6, STM32U375VEI6Q, STM32U375VET6, STM32U375VET6Q, STM32U375VGI6, STM32U375VGI6Q, STM32U375VGT6, STM32U375VGT6Q, STM32U385CGT6, STM32U385CGT6Q, STM32U385CGU6, STM32U385CGU6Q, STM32U385CGY6QTR, STM32U385KGU6, STM32U385RGI6, STM32U385RGI6Q, STM32U385RGT6, STM32U385RGT6Q, STM32U385RGY6GTR, STM32U385RGY6QTR, STM32U385VGI6, STM32U385VGI6Q, STM32U385VGT6, STM32U385VGT6Q, STM32U535CBT6, STM32U535CBT6Q, STM32U535CBU6, STM32U535CBU6Q, STM32U535CCT6, STM32U535CCT6Q, STM32U535CCU6, STM32U535CCU6Q, STM32U535CET6, STM32U535CET6Q, STM32U535CEU6, STM32U535CEU6Q, STM32U535JEY6QTR, STM32U535NCY6QTR, STM32U535NEY6QTR, STM32U535RBI6, STM32U535RBI6Q, STM32U535RBT6, STM32U535RBT6Q, STM32U535RCI6, STM32U535RCI6Q, STM32U535RCT6, STM32U535RCT6Q, STM32U535REI6, STM32U535REI6Q, STM32U535RET6, STM32U535RET6Q, STM32U535VCI6, STM32U535VCI6Q, STM32U535VCT6, STM32U535VCT6Q, STM32U535VEI6, STM32U535VEI6Q, STM32U535VET6, STM32U535VET6Q, STM32U545CET6, STM32U545CET6Q, STM32U545CEU6, STM32U545CEU6Q, STM32U545JEY6QTR, STM32U545NEY6QTR, STM32U545REI6, STM32U545REI6Q, STM32U545RET6, STM32U545RET6Q, STM32U545VEI6, STM32U545VEI6Q, STM32U545VET6, STM32U545VET6Q, STM32U595AIH6, STM32U595AIH6Q, STM32U595AJH6, STM32U595AJH6Q, STM32U595QII6, STM32U595QII6Q, STM32U595QJI6, STM32U595QJI6Q, STM32U595RIT6, STM32U595RIT6Q, STM32U595RJT6, STM32U595RJT6Q, STM32U595VIT6, STM32U595VIT6Q, STM32U595VJT6, STM32U595VJT6Q, STM32U595ZIT6, STM32U595ZIT6Q, STM32U595ZIY6QTR, STM32U595ZJT6, STM32U595ZJT6Q, STM32U595ZJY6QTR, STM32U599BJY6QTR, STM32U599NIH6Q, STM32U599NJH6Q, STM32U599VIT6Q, STM32U599VJT6, STM32U599VJT6Q, STM32U599ZIT6Q, STM32U599ZIY6QTR, STM32U599ZJT6Q, STM32U599ZJY6QTR, STM32U5A5AJH6, STM32U5A5AJH6Q, STM32U5A5QII3Q , STM32U5A5QJI6, STM32U5A5QJI6Q, STM32U5A5RJT6, STM32U5A5RJT6Q, STM32U5A5VJT6, STM32U5A5VJT6Q, STM32U5A5ZJT6, STM32U5A5ZJT6Q, STM32U5A5ZJY6QTR, STM32U5A9BJY6QTR, STM32U5A9J-DK, STM32U5A9NJH6Q, STM32U5A9VJT6Q, STM32U5A9ZJT6Q, STM32U5A9ZJY6QTR, STM32U5F7VIT6, STM32U5F7VIT6Q, STM32U5F7VJT6, STM32U5F7VJT6Q, STM32U5F9BJY6QTR, STM32U5F9NJH6Q, STM32U5F9VIT6Q, STM32U5F9VJT6Q, STM32U5F9ZIJ6QTR, STM32U5F9ZIT6Q, STM32U5F9ZJJ6QTR, STM32U5F9ZJT6Q, STM32U5G7VJT6, STM32U5G7VJT6Q, STM32U5G9BJY6QTR, STM32U5G9J-DK1, STM32U5G9J-DK2, STM32U5G9NJH6Q, STM32U5G9VJT6Q, STM32U5G9ZJJ6QTR, STM32U5G9ZJT6Q, STM32WB05KZV6TR, STM32WB05KZV7TR, STM32WB05TZF6TR, STM32WB05TZF7TR, STM32WB06CCF6TR, STM32WB06CCF7TR, STM32WB06CCV6TR, STM32WB06CCV7TR, STM32WB06KCV6TR, STM32WB06KCV7TR, STM32WB07CCF6TR, STM32WB07CCF7TR, STM32WB07CCV6TR, STM32WB07CCV7TR, STM32WB07KCV6TR, STM32WB07KCV7TR, STM32WB09KEV6TR, STM32WB09KEV7TR, STM32WB09TEF6TR, STM32WB09TEF7TR, STM32WB1MMCH6, STM32WBA50KGU6, STM32WBA50KGU6TR, STM32WBA52CEU6, STM32WBA52CEU6TR, STM32WBA52CEU7, STM32WBA52CEU7TR, STM32WBA52CGU6, STM32WBA52CGU6TR, STM32WBA52CGU6U, STM32WBA52CGU7, STM32WBA52CGU7TR, STM32WBA52KEU6, STM32WBA52KEU6TR, STM32WBA52KGU6, STM32WBA52KGU6TR, STM32WBA54CEU6, STM32WBA54CEU6TR, STM32WBA54CEU7, STM32WBA54CEU7TR, STM32WBA54CGU6, STM32WBA54CGU6TR, STM32WBA54CGU7, STM32WBA54CGU7TR, STM32WBA54KEU6, STM32WBA54KEU6TR, STM32WBA54KEU7, STM32WBA54KEU7TR, STM32WBA54KGU6, STM32WBA54KGU6TR, STM32WBA54KGU7, STM32WBA54KGU7TR, STM32WBA55CEU6, STM32WBA55CEU6TR, STM32WBA55CEU7, STM32WBA55CEU7TR, STM32WBA55CGU6, STM32WBA55CGU6TR, STM32WBA55CGU6U, STM32WBA55CGU7, STM32WBA55CGU7TR, STM32WBA55G-DK1, STM32WBA55HEF6, STM32WBA55HEF7, STM32WBA55HGF6, STM32WBA55HGF7, STM32WBA55UEI6, STM32WBA55UEI6TR, STM32WBA55UEI7, STM32WBA55UEI7TR, STM32WBA55UGI6, STM32WBA55UGI6TR, STM32WBA55UGI7, STM32WBA55UGI7TR, STM32WBA5MMGH6TR, STM32WBA62MGF6, STM32WBA62MIF6, STM32WBA65MGF7, STM32WBA65MIF6, STM32WBA65MIF7, STM32WL30K8V6, STM32WL30KBV6, STM32WL31C8V6, STM32WL31CBV6, STM32WL31K8V6, STM32WL31KBV6, STM32WL33C8V6, STM32WL33C8V6X, STM32WL33CBV6, STM32WL33CBV6X, STM32WL33CCV6, STM32WL33CCV6A, STM32WL33CCV6X, STM32WL33K8V7, STM32WL33K8V7X, STM32WL33KBV7 , STM32WL33KBV7X, STM32WL33KCV7, STM32WL33KCV7X, STM32WL5MOCH6, STM32WL5MOCH6TR]
2026-04-07 19:46:16,567 [INFO] ApiDb:668 - CubeFinder database Data Model version=2.1
2026-04-07 19:46:16,568 [INFO] ApiDb:669 - CubeFinder database Configuration version=3.0.42
2026-04-07 19:46:16,571 [INFO] ApiDb:670 - CubeFinder database generation date=2026-03-11 (1773229989)
2026-04-07 19:46:16,571 [INFO] ApiDb:671 - CubeFinder database FW Pack versions=[FP-ATR-ASTRA1_V2.0.0, FP-SNS-FLIGHT1_V5.1.0, FP-SNS-MOTENV1_V5.1.0, FP-SNS-MOTENVWB1_V1.5.0, FP-SNS-SMARTAG2_V1.2.0, FP-SNS-STBOX1_V2.1.0, STM32Cube_FW_C0_V1.4.0, STM32Cube_FW_F4_V1.28.3, STM32Cube_FW_F7_V1.17.4, STM32Cube_FW_G0_V1.6.3, STM32Cube_FW_G4_V1.6.2, STM32Cube_FW_H5_V1.6.0, STM32Cube_FW_H7RS_V1.3.0, STM32Cube_FW_H7_V1.13.0, STM32Cube_FW_L0_V1.12.2, STM32Cube_FW_L4_V1.18.2, STM32Cube_FW_L5_V1.6.0, STM32Cube_FW_N6_V1.3.0, STM32Cube_FW_U0_V1.3.0, STM32Cube_FW_U3_V1.3.0, STM32Cube_FW_U5_V1.8.0, STM32Cube_FW_WB0_V1.4.0, STM32Cube_FW_WBA_V1.9.0, STM32Cube_FW_WB_V1.24.0, STM32Cube_FW_WL3_V1.4.0, STM32Cube_FW_WL_V1.5.0, X-CUBE-ALGOBUILD_V1.4.0, X-CUBE-ALS_V1.0.2, X-CUBE-AZRTOS-F4_V1.1.0, X-CUBE-AZRTOS-F7_V1.1.0, X-CUBE-AZRTOS-G0_V1.1.0, X-CUBE-AZRTOS-G4_V2.0.0, X-CUBE-AZRTOS-H7RS_V1.1.0, X-CUBE-AZRTOS-H7_V3.4.0, X-CUBE-AZRTOS-L4_V2.0.0, X-CUBE-AZRTOS-L5_V2.0.0, X-CUBE-AZRTOS-WB_V2.0.0, X-CUBE-AZRTOS-WL_V2.0.0, X-CUBE-BLE1_V7.1.0, X-CUBE-BLE2_V3.3.0, X-CUBE-BLEMGR_V4.1.0, X-CUBE-EEPRMA1_V5.2.0, X-CUBE-FREERTOS_V1.5.0, X-CUBE-GNSS1_V6.0.0, X-CUBE-MEMS1_V12.0.0, X-CUBE-NFC4_V3.0.0, X-CUBE-NFC7_V2.0.0, X-CUBE-SFXS2LP1_V4.0.0, X-CUBE-ST67W61_V1.2.0, X-CUBE-SUBG2_V5.0.0, X-CUBE-TOF1_V3.4.3]
2026-04-07 19:46:17,779 [INFO] ApiDb:240 - Found 880 in-development CPN: [B-G473E-ZEST1S, B-WB1M-WPAN1, B-WBA5M-WPAN, B-WL5M-SUBG1, NUCLEO-C031C6, NUCLEO-C051C8, NUCLEO-C071RB, NUCLEO-C092RC, NUCLEO-H503RB, NUCLEO-H533RE, NUCLEO-H563ZI, NUCLEO-H7S3L8, NUCLEO-N657X0-Q, NUCLEO-U031R8, NUCLEO-U083RC, NUCLEO-U385RG-Q, NUCLEO-U545RE-Q, NUCLEO-U5A5ZJ-Q, NUCLEO-WB05KZ, NUCLEO-WB07CC, NUCLEO-WB09KE, NUCLEO-WBA52CG, NUCLEO-WBA55CG, NUCLEO-WL33CC1, NUCLEO-WL33CC2, STEVAL-PROTEUS1, STEVAL-SMARTAG2, STEVAL-STWINBX1, STM320518-EVAL, STM32C0116-DK, STM32C011D6Y3TR, STM32C011D6Y6TR, STM32C011F4P3, STM32C011F4P6, STM32C011F4U3, STM32C011F4U6TR, STM32C011F6P3, STM32C011F6P6, STM32C011F6U3, STM32C011F6U6TR, STM32C011J4M3, STM32C011J4M6, STM32C011J6M3, STM32C011J6M6, STM32C0316-DK, STM32C031C4T3, STM32C031C4T6, STM32C031C4U3, STM32C031C4U6, STM32C031C6T3, STM32C031C6T6, STM32C031C6U3, STM32C031C6U6, STM32C031F4P3, STM32C031F4P6, STM32C031F6P3, STM32C031F6P6, STM32C031G4U3, STM32C031G4U6, STM32C031G6U3, STM32C031G6U6, STM32C031K4T3, STM32C031K4T6, STM32C031K4U3, STM32C031K4U6, STM32C031K6T3, STM32C031K6T6, STM32C031K6U3, STM32C031K6U6, STM32C051C6T6, STM32C051C6U6, STM32C051C8T6, STM32C051C8U6, STM32C051D8Y6TR, STM32C051F6P6, STM32C051F8P6, STM32C051G6U6, STM32C051G8U6, STM32C051K6T6, STM32C051K6U6, STM32C051K8T6, STM32C071C8T6, STM32C071C8T6N, STM32C071C8U6, STM32C071C8U6N, STM32C071CBT6, STM32C071CBT6N, STM32C071CBU6, STM32C071CBU6N, STM32C071F8P6, STM32C071F8P6N, STM32C071FBP6, STM32C071FBP6N, STM32C071FBY6TR, STM32C071G8U6, STM32C071G8U6N, STM32C071GBU6, STM32C071GBU6N, STM32C071K8T6, STM32C071K8T6N, STM32C071K8U6, STM32C071K8U6N, STM32C071KBT6, STM32C071KBT6N, STM32C071KBU6, STM32C071KBU6N, STM32C071R8T6, STM32C071R8T6N, STM32C071RBI6N, STM32C071RBT6, STM32C071RBT6N, STM32C091CBT6, STM32C091CBU6, STM32C091CCT6, STM32C091CCU6, STM32C091ECY6TR, STM32C091FBP6, STM32C091FCP6, STM32C091GBU6, STM32C091GCU6, STM32C091KBT6, STM32C091KBU6, STM32C091KCT6, STM32C091KCU6, STM32C091RBT6, STM32C091RCI6, STM32C091RCT6, STM32C092CBT6, STM32C092CBU6, STM32C092CCT6, STM32C092CCU6, STM32C092ECY6TR, STM32C092FBP6, STM32C092FCP6, STM32C092GBU6, STM32C092GCU6, STM32C092KBT6, STM32C092KBU6, STM32C092KCT6, STM32C092KCU6, STM32C092RBT6, STM32C092RCI6, STM32C092RCT6, STM32G071K8TXN, STM32G071K8UXN, STM32G081GBU6N, STM32G081KBT6N, STM32G081KBUXN, STM32G0B1CCT6N, STM32G0B1KCT6, STM32G0B1NEY6TR, STM32G0B1RCT6N, STM32G0C1CCT6, STM32G0C1CCT6N, STM32G0C1CCU6N, STM32G0C1CET6N, STM32G0C1CEU6N, STM32G0C1KCT6, STM32G0C1NEY6TR, STM32G0C1RCI6N, STM32G0C1RCT6N, STM32G0C1REI6N, STM32G0C1RET6N, STM32G0C1VCI6, STM32G0C1VEI6, STM32G411C6T3, STM32G411C6T6, STM32G411C6U3, STM32G411C6U6, STM32G411C8T3, STM32G411C8T6, STM32G411C8U3, STM32G411C8U6, STM32G411CBT3, STM32G411CBT6, STM32G411CBU3, STM32G411CBU6, STM32G411K6T3, STM32G411K6T6, STM32G411K6U3, STM32G411K6U6, STM32G411K8T3, STM32G411K8T6, STM32G411K8U3, STM32G411K8U6, STM32G411KBT3, STM32G411KBT6, STM32G411KBU3, STM32G411KBU6, STM32G411M6T3, STM32G411M6T6, STM32G411M8T3, STM32G411M8T6, STM32G411MBT3, STM32G411MBT6, STM32G411R6T3, STM32G411R6T6, STM32G411R8T3, STM32G411R8T6, STM32G411RBT3, STM32G411RBT6, STM32G414CBT3, STM32G414CBT6, STM32G414CBU3, STM32G414CBU6, STM32G414CCT3, STM32G414CCT6, STM32G414CCU3, STM32G414CCU6, STM32G414MBT3, STM32G414MBT6, STM32G414MCT3, STM32G414MCT6, STM32G414RBT3, STM32G414RBT6, STM32G414RCT3, STM32G414RCT6, STM32G414VBT3, STM32G414VBT6, STM32G414VCT3, STM32G414VCT6, STM32G431CBT3Z, STM32G431RBT3Z, STM32G471CCT6, STM32G471CCU6, STM32G471CET3, STM32G471CET6, STM32G471CEU3, STM32G471CEU6, STM32G471MCT6, STM32G471MET3, STM32G471MET6, STM32G471MEY6TR, STM32G471QCT6, STM32G471QET3, STM32G471RCT6, STM32G471RET3, STM32G471RET6, STM32G471VCH6, STM32G471VCI6, STM32G471VCT6, STM32G471VEH3, STM32G471VEH6, STM32G471VEI3, STM32G471VEI6, STM32G471VET3, STM32G471VET6, STM32G473QET3Z, STM32G473RET3Z, STM32G474CCT6, STM32G491RET3Z, STM32H503CBT6, STM32H503CBU6, STM32H503EBY6TR, STM32H503KBU6, STM32H503RBT6, STM32H523CCT6, STM32H523CCU6, STM32H523CET6, STM32H523CEU6, STM32H523HEY6TR, STM32H523RCT6, STM32H523RET6, STM32H523VCI6, STM32H523VCT6, STM32H523VEI6, STM32H523VET6, STM32H523ZCJ6, STM32H523ZCT6, STM32H523ZEJ6, STM32H523ZET6, STM32H533CET6, STM32H533CEU6, STM32H533HEY6TR, STM32H533RET6, STM32H533VEI6, STM32H533VET6, STM32H533ZEJ6, STM32H533ZET6, STM32H562AGI6, STM32H562AII6, STM32H562IGK6, STM32H562IGT6, STM32H562IIK6, STM32H562IIT6, STM32H562RGT6, STM32H562RGV6, STM32H562RIT6, STM32H562RIV6, STM32H562VGT6, STM32H562VIT6, STM32H562ZGT6, STM32H562ZIT6, STM32H563AGI6, STM32H563AII3Q, STM32H563AII6, STM32H563IGK6, STM32H563IGT6, STM32H563IIK3Q, STM32H563IIK6, STM32H563IIT3Q, STM32H563IIT6, STM32H563MIY3QTR, STM32H563RGT6, STM32H563RGV6, STM32H563RIT6, STM32H563RIV6, STM32H563VGT6, STM32H563VIT3Q, STM32H563VIT6, STM32H563ZGT6, STM32H563ZIT3Q, STM32H563ZIT6, STM32H573AII3Q, STM32H573AII6, STM32H573I-DK, STM32H573IIK3Q, STM32H573IIK6, STM32H573IIT3Q, STM32H573IIT6, STM32H573MIY3QTR, STM32H573RIT6, STM32H573RIV6, STM32H573VIT3Q, STM32H573VIT6, STM32H573ZIT3Q, STM32H573ZIT6, STM32H7R3A8I6, STM32H7R3I8K6, STM32H7R3I8T6, STM32H7R3L8H6, STM32H7R3L8H6H, STM32H7R3R8V6, STM32H7R3V8H6, STM32H7R3V8T6, STM32H7R3V8Y6TR, STM32H7R3Z8J6, STM32H7R3Z8T6, STM32H7R7A8I6, STM32H7R7I8K6, STM32H7R7I8T6, STM32H7R7L8H6, STM32H7R7L8H6H, STM32H7R7Z8J6, STM32H7S3A8I6, STM32H7S3I8K6, STM32H7S3I8T6, STM32H7S3L8H6, STM32H7S3L8H6H, STM32H7S3R8V6, STM32H7S3V8H6, STM32H7S3V8T6, STM32H7S3V8Y6TR, STM32H7S3Z8J6, STM32H7S3Z8T6, STM32H7S78-DK, STM32H7S7A8I6, STM32H7S7I8K6, STM32H7S7I8T6, STM32H7S7L8H6, STM32H7S7L8H6H, STM32H7S7Z8J6, STM32L4R5QGI6STR, STM32MP131AAE3, STM32MP131AAF3, STM32MP131AAG3, STM32MP131CAE3, STM32MP131CAF3, STM32MP131CAG3, STM32MP131DAE7, STM32MP131DAF7, STM32MP131DAG7, STM32MP131FAE7, STM32MP131FAF7, STM32MP131FAG7, STM32MP133AAE3, STM32MP133AAF3, STM32MP133AAG3, STM32MP133CAE3, STM32MP133CAF3, STM32MP133CAG3, STM32MP133DAE7, STM32MP133DAF7, STM32MP133DAG7, STM32MP133FAE7, STM32MP133FAF7, STM32MP133FAG7, STM32MP135AAE3, STM32MP135AAF3, STM32MP135AAG3, STM32MP135CAE3, STM32MP135CAF3, STM32MP135CAG3, STM32MP135DAE7, STM32MP135DAF7, STM32MP135DAG7, STM32MP135F-DK, STM32MP135FAE7, STM32MP135FAF7, STM32MP135FAF7T, STM32MP135FAF7U, STM32MP135FAG7, STM32MP211AAL3, STM32MP211AAM3, STM32MP211AAN3, STM32MP211AAO3, STM32MP211CAL3, STM32MP211CAM3, STM32MP211CAN3, STM32MP211CAO3, STM32MP211DAL3, STM32MP211DAM3, STM32MP211DAN3, STM32MP211DAO3, STM32MP211FAL3, STM32MP211FAM3, STM32MP211FAN3, STM32MP211FAO3, STM32MP213AAL3, STM32MP213AAM3, STM32MP213AAN3, STM32MP213AAO3, STM32MP213CAL3, STM32MP213CAM3, STM32MP213CAN3, STM32MP213CAO3, STM32MP213DAL3, STM32MP213DAM3, STM32MP213DAN3, STM32MP213DAO3, STM32MP213FAL3, STM32MP213FAM3, STM32MP213FAN3, STM32MP213FAO3, STM32MP215AAL3, STM32MP215AAM3, STM32MP215AAN3, STM32MP215AAO3, STM32MP215CAL3, STM32MP215CAM3, STM32MP215CAN3, STM32MP215CAO3, STM32MP215DAL3, STM32MP215DAM3, STM32MP215DAN3, STM32MP215DAO3, STM32MP215F-DK, STM32MP215FAL3, STM32MP215FAM3, STM32MP215FAN3, STM32MP215FAO3, STM32MP231AAJ3, STM32MP231AAK3, STM32MP231AAL3, STM32MP231CAJ3, STM32MP231CAK3, STM32MP231CAL3, STM32MP231DAJ3, STM32MP231DAK3, STM32MP231DAL3, STM32MP231FAJ3, STM32MP231FAK3, STM32MP231FAL3, STM32MP233AAJ3, STM32MP233AAK3, STM32MP233AAL3, STM32MP233CAJ3, STM32MP233CAK3, STM32MP233CAL3, STM32MP233DAJ3, STM32MP233DAK3, STM32MP233DAL3, STM32MP233FAJ3, STM32MP233FAK3, STM32MP233FAL3, STM32MP235AAJ3, STM32MP235AAK3, STM32MP235AAL3, STM32MP235CAJ3, STM32MP235CAK3, STM32MP235CAL3, STM32MP235DAJ3, STM32MP235DAK3, STM32MP235DAL3, STM32MP235FAJ3, STM32MP235FAK3, STM32MP235FAL3, STM32MP251AAI3, STM32MP251AAK3, STM32MP251AAL3, STM32MP251CAI3, STM32MP251CAK3, STM32MP251CAL3, STM32MP251DAI3, STM32MP251DAK3, STM32MP251DAL3, STM32MP251FAI3, STM32MP251FAK3, STM32MP251FAL3, STM32MP253AAI3, STM32MP253AAK3, STM32MP253AAL3, STM32MP253CAI3, STM32MP253CAK3, STM32MP253CAL3, STM32MP253DAI3, STM32MP253DAK3, STM32MP253DAL3, STM32MP253FAI3, STM32MP253FAK3, STM32MP253FAL3, STM32MP255AAI3, STM32MP255AAK3, STM32MP255AAL3, STM32MP255CAI3, STM32MP255CAK3, STM32MP255CAL3, STM32MP255DAI3, STM32MP255DAK3, STM32MP255DAL3, STM32MP255FAI3, STM32MP255FAK3, STM32MP255FAL3, STM32MP257AAI3, STM32MP257AAK3, STM32MP257AAL3, STM32MP257CAI3, STM32MP257CAK3, STM32MP257CAL3, STM32MP257DAI3, STM32MP257DAK3, STM32MP257DAL3, STM32MP257F-DK, STM32MP257F-EV1, STM32MP257FAI3, STM32MP257FAK3, STM32MP257FAL3, STM32N645A0H3Q, STM32N645B0H3Q, STM32N645I0H3Q, STM32N645L0H3Q, STM32N645X0H3Q, STM32N645Z0H3Q, STM32N647A0H3Q, STM32N647B0H3Q, STM32N647I0H3Q, STM32N647L0H3Q, STM32N647X0H3Q, STM32N647Z0H3Q, STM32N655A0H3Q, STM32N655B0H3Q, STM32N655I0H3Q, STM32N655L0H3Q, STM32N655X0H3Q, STM32N655Z0H3Q, STM32N6570-DK, STM32N657A0H3Q, STM32N657B0H3Q, STM32N657I0H3Q, STM32N657L0H3Q, STM32N657X0H3Q, STM32N657Z0H3Q, STM32U031C6T6, STM32U031C6U6, STM32U031C8T6, STM32U031C8U6, STM32U031F4P6, STM32U031F6P6, STM32U031F8P6, STM32U031G6Y6TR, STM32U031G8Y6TR, STM32U031K4U6, STM32U031K6U6, STM32U031K8U6, STM32U031R6I6, STM32U031R6T6, STM32U031R8I6, STM32U031R8T6, STM32U073C8T6, STM32U073C8U6, STM32U073CBT6, STM32U073CBU6, STM32U073CCT6, STM32U073CCU6, STM32U073H8Y6TR, STM32U073HBY6TR, STM32U073HCY6TR, STM32U073K8U6, STM32U073KBU6, STM32U073KCU6, STM32U073M8I6, STM32U073M8T6, STM32U073MBI6, STM32U073MBT6, STM32U073MCI6, STM32U073MCT6, STM32U073R8I6, STM32U073R8T6, STM32U073RBI6, STM32U073RBT6, STM32U073RCI6, STM32U073RCT6, STM32U083C-DK, STM32U083CCT6, STM32U083CCU6, STM32U083HCY6TR, STM32U083KCU6, STM32U083MCI6, STM32U083MCT6, STM32U083RCI6, STM32U083RCT6, STM32U375CET6, STM32U375CET6Q, STM32U375CEU6, STM32U375CEU6Q, STM32U375CEY6QTR, STM32U375CGT6, STM32U375CGT6Q, STM32U375CGU6, STM32U375CGU6Q, STM32U375CGY6QTR, STM32U375KEU6, STM32U375KGU6, STM32U375REI6, STM32U375REI6Q, STM32U375RET6, STM32U375RET6Q, STM32U375REY6GTR, STM32U375REY6QTR, STM32U375RGI6, STM32U375RGI6Q, STM32U375RGT6, STM32U375RGT6Q, STM32U375RGY6GTR, STM32U375RGY6QTR, STM32U375VEI6, STM32U375VEI6Q, STM32U375VET6, STM32U375VET6Q, STM32U375VGI6, STM32U375VGI6Q, STM32U375VGT6, STM32U375VGT6Q, STM32U385CGT6, STM32U385CGT6Q, STM32U385CGU6, STM32U385CGU6Q, STM32U385CGY6QTR, STM32U385KGU6, STM32U385RGI6, STM32U385RGI6Q, STM32U385RGT6, STM32U385RGT6Q, STM32U385RGY6GTR, STM32U385RGY6QTR, STM32U385VGI6, STM32U385VGI6Q, STM32U385VGT6, STM32U385VGT6Q, STM32U535CBT6, STM32U535CBT6Q, STM32U535CBU6, STM32U535CBU6Q, STM32U535CCT6, STM32U535CCT6Q, STM32U535CCU6, STM32U535CCU6Q, STM32U535CET6, STM32U535CET6Q, STM32U535CEU6, STM32U535CEU6Q, STM32U535JEY6QTR, STM32U535NCY6QTR, STM32U535NEY6QTR, STM32U535RBI6, STM32U535RBI6Q, STM32U535RBT6, STM32U535RBT6Q, STM32U535RCI6, STM32U535RCI6Q, STM32U535RCT6, STM32U535RCT6Q, STM32U535REI6, STM32U535REI6Q, STM32U535RET6, STM32U535RET6Q, STM32U535VCI6, STM32U535VCI6Q, STM32U535VCT6, STM32U535VCT6Q, STM32U535VEI6, STM32U535VEI6Q, STM32U535VET6, STM32U535VET6Q, STM32U545CET6, STM32U545CET6Q, STM32U545CEU6, STM32U545CEU6Q, STM32U545JEY6QTR, STM32U545NEY6QTR, STM32U545REI6, STM32U545REI6Q, STM32U545RET6, STM32U545RET6Q, STM32U545VEI6, STM32U545VEI6Q, STM32U545VET6, STM32U545VET6Q, STM32U595AIH6, STM32U595AIH6Q, STM32U595AJH6, STM32U595AJH6Q, STM32U595QII6, STM32U595QII6Q, STM32U595QJI6, STM32U595QJI6Q, STM32U595RIT6, STM32U595RIT6Q, STM32U595RJT6, STM32U595RJT6Q, STM32U595VIT6, STM32U595VIT6Q, STM32U595VJT6, STM32U595VJT6Q, STM32U595ZIT6, STM32U595ZIT6Q, STM32U595ZIY6QTR, STM32U595ZJT6, STM32U595ZJT6Q, STM32U595ZJY6QTR, STM32U599BJY6QTR, STM32U599NIH6Q, STM32U599NJH6Q, STM32U599VIT6Q, STM32U599VJT6, STM32U599VJT6Q, STM32U599ZIT6Q, STM32U599ZIY6QTR, STM32U599ZJT6Q, STM32U599ZJY6QTR, STM32U5A5AJH6, STM32U5A5AJH6Q, STM32U5A5QII3Q , STM32U5A5QJI6, STM32U5A5QJI6Q, STM32U5A5RJT6, STM32U5A5RJT6Q, STM32U5A5VJT6, STM32U5A5VJT6Q, STM32U5A5ZJT6, STM32U5A5ZJT6Q, STM32U5A5ZJY6QTR, STM32U5A9BJY6QTR, STM32U5A9J-DK, STM32U5A9NJH6Q, STM32U5A9VJT6Q, STM32U5A9ZJT6Q, STM32U5A9ZJY6QTR, STM32U5F7VIT6, STM32U5F7VIT6Q, STM32U5F7VJT6, STM32U5F7VJT6Q, STM32U5F9BJY6QTR, STM32U5F9NJH6Q, STM32U5F9VIT6Q, STM32U5F9VJT6Q, STM32U5F9ZIJ6QTR, STM32U5F9ZIT6Q, STM32U5F9ZJJ6QTR, STM32U5F9ZJT6Q, STM32U5G7VJT6, STM32U5G7VJT6Q, STM32U5G9BJY6QTR, STM32U5G9J-DK1, STM32U5G9J-DK2, STM32U5G9NJH6Q, STM32U5G9VJT6Q, STM32U5G9ZJJ6QTR, STM32U5G9ZJT6Q, STM32WB05KZV6TR, STM32WB05KZV7TR, STM32WB05TZF6TR, STM32WB05TZF7TR, STM32WB06CCF6TR, STM32WB06CCF7TR, STM32WB06CCV6TR, STM32WB06CCV7TR, STM32WB06KCV6TR, STM32WB06KCV7TR, STM32WB07CCF6TR, STM32WB07CCF7TR, STM32WB07CCV6TR, STM32WB07CCV7TR, STM32WB07KCV6TR, STM32WB07KCV7TR, STM32WB09KEV6TR, STM32WB09KEV7TR, STM32WB09TEF6TR, STM32WB09TEF7TR, STM32WB1MMCH6, STM32WBA50KGU6, STM32WBA50KGU6TR, STM32WBA52CEU6, STM32WBA52CEU6TR, STM32WBA52CEU7, STM32WBA52CEU7TR, STM32WBA52CGU6, STM32WBA52CGU6TR, STM32WBA52CGU6U, STM32WBA52CGU7, STM32WBA52CGU7TR, STM32WBA52KEU6, STM32WBA52KEU6TR, STM32WBA52KGU6, STM32WBA52KGU6TR, STM32WBA54CEU6, STM32WBA54CEU6TR, STM32WBA54CEU7, STM32WBA54CEU7TR, STM32WBA54CGU6, STM32WBA54CGU6TR, STM32WBA54CGU7, STM32WBA54CGU7TR, STM32WBA54KEU6, STM32WBA54KEU6TR, STM32WBA54KEU7, STM32WBA54KEU7TR, STM32WBA54KGU6, STM32WBA54KGU6TR, STM32WBA54KGU7, STM32WBA54KGU7TR, STM32WBA55CEU6, STM32WBA55CEU6TR, STM32WBA55CEU7, STM32WBA55CEU7TR, STM32WBA55CGU6, STM32WBA55CGU6TR, STM32WBA55CGU6U, STM32WBA55CGU7, STM32WBA55CGU7TR, STM32WBA55G-DK1, STM32WBA55HEF6, STM32WBA55HEF7, STM32WBA55HGF6, STM32WBA55HGF7, STM32WBA55UEI6, STM32WBA55UEI6TR, STM32WBA55UEI7, STM32WBA55UEI7TR, STM32WBA55UGI6, STM32WBA55UGI6TR, STM32WBA55UGI7, STM32WBA55UGI7TR, STM32WBA5MMGH6TR, STM32WBA62MGF6, STM32WBA62MIF6, STM32WBA65MGF7, STM32WBA65MIF6, STM32WBA65MIF7, STM32WL30K8V6, STM32WL30KBV6, STM32WL31C8V6, STM32WL31CBV6, STM32WL31K8V6, STM32WL31KBV6, STM32WL33C8V6, STM32WL33C8V6X, STM32WL33CBV6, STM32WL33CBV6X, STM32WL33CCV6, STM32WL33CCV6A, STM32WL33CCV6X, STM32WL33K8V7, STM32WL33K8V7X, STM32WL33KBV7 , STM32WL33KBV7X, STM32WL33KCV7, STM32WL33KCV7X, STM32WL5MOCH6, STM32WL5MOCH6TR]
2026-04-07 19:46:17,786 [INFO] DbMcus:218 - Found 5055 MCUs, 4968 are supported
2026-04-07 19:46:17,787 [INFO] ApiDb:423 - Load user favorites file /Users/jaspertan/.stm32cubeide/favorites.mcus.txt: 1 item(s)
2026-04-07 19:46:17,787 [INFO] ApiDb:427 - User favorites MCUs=[STM32F042F6P6TR]
2026-04-07 19:46:17,788 [INFO] DbMcus:224 - Set 1 / 1 favorites MCUs
2026-04-07 19:46:18,045 [INFO] BoardInfo:889 - No configuration file found for board NUCLEO-H5E5ZJ
2026-04-07 19:46:18,045 [INFO] DbBoards:161 - Board is not supported: NUCLEO-H5E5ZJ
2026-04-07 19:46:18,070 [INFO] BoardInfo:889 - No configuration file found for board NUCLEO-U3C5ZI-Q
2026-04-07 19:46:18,070 [INFO] DbBoards:161 - Board is not supported: NUCLEO-U3C5ZI-Q
2026-04-07 19:46:18,087 [INFO] BoardInfo:889 - No configuration file found for board NUCLEO-WBA25CE1
2026-04-07 19:46:18,088 [INFO] DbBoards:161 - Board is not supported: NUCLEO-WBA25CE1
2026-04-07 19:46:18,093 [INFO] BoardInfo:889 - No configuration file found for board NUCLEO-WL3RKB1
2026-04-07 19:46:18,093 [INFO] DbBoards:161 - Board is not supported: NUCLEO-WL3RKB1
2026-04-07 19:46:18,094 [INFO] BoardInfo:889 - No configuration file found for board NUCLEO-WL3RKB2
2026-04-07 19:46:18,094 [INFO] DbBoards:161 - Board is not supported: NUCLEO-WL3RKB2
2026-04-07 19:46:18,098 [INFO] BoardInfo:889 - No configuration file found for board P-NUCLEO-WB55
2026-04-07 19:46:18,098 [INFO] DbBoards:161 - Kit is not supported: P-NUCLEO-WB55
2026-04-07 19:46:18,101 [INFO] BoardInfo:889 - No configuration file found for board STEVAL-BFA001V1B
2026-04-07 19:46:18,101 [INFO] DbBoards:161 - Kit is not supported: STEVAL-BFA001V1B
2026-04-07 19:46:18,102 [INFO] BoardInfo:889 - No configuration file found for board STEVAL-BFA001V2B
2026-04-07 19:46:18,102 [INFO] DbBoards:161 - Kit is not supported: STEVAL-BFA001V2B
2026-04-07 19:46:18,151 [INFO] BoardInfo:889 - No configuration file found for board STM32H5F5J-DK
2026-04-07 19:46:18,151 [INFO] DbBoards:161 - Board is not supported: STM32H5F5J-DK
2026-04-07 19:46:18,189 [INFO] DbBoards:168 - Found 218 boards, 209 are supported
2026-04-07 19:46:18,189 [INFO] DbBoards:169 - Found 218 boards, 43 of them is supported for  Bsp
2026-04-07 19:46:18,192 [INFO] ApiDb:423 - Load user favorites file /Users/jaspertan/.stm32cubeide/favorites.boards.txt: 2 item(s)
2026-04-07 19:46:18,192 [INFO] ApiDb:427 - User favorites Boards=[B-L475E-IOT01A1, NUCLEO-F446RE]
2026-04-07 19:46:18,192 [INFO] DbBoards:198 - Set 2 / 2 favorites Boards
2026-04-07 19:46:18,325 [INFO] UtilMem:75 - End LoadConfig() Used Memory: 454160016 Bytes (728760320)
2026-04-07 19:46:18,667 [WARN] ThirdParty:833 - waiting for thirdparty lock release [change project]
2026-04-07 19:46:18,686 [INFO] ThirdParty:835 - entering critical section [change project]
2026-04-07 19:46:18,689 [INFO] ThirdParty:1030 - CMSIS Pack Vendor :STMicroelectronics X-CUBE-AZRTOS-H7 3.5.0
2026-04-07 19:46:18,689 [INFO] ThirdParty:1030 - CMSIS Pack Vendor :STMicroelectronics X-CUBE-PM33A1 1.0.0
2026-04-07 19:46:18,689 [INFO] ThirdParty:1030 - CMSIS Pack Vendor :STMicroelectronics USBPD 4.1
2026-04-07 19:46:18,689 [INFO] ThirdParty:1030 - CMSIS Pack Vendor :STMicroelectronics USB_HOST 2.0.0
2026-04-07 19:46:18,689 [INFO] ThirdParty:1030 - CMSIS Pack Vendor :STMicroelectronics FP-SNS-MOTENVWB1 1.4.0
2026-04-07 19:46:18,689 [INFO] ThirdParty:1030 - CMSIS Pack Vendor :STMicroelectronics X-CUBE-AZRTOS-F4 1.1.0
2026-04-07 19:46:18,689 [INFO] ThirdParty:1030 - CMSIS Pack Vendor :STMicroelectronics LIBJPEG 8.0.0
2026-04-07 19:46:18,689 [INFO] ThirdParty:1030 - CMSIS Pack Vendor :STMicroelectronics FP-ATR-ASTRA1 2.0.2
2026-04-07 19:46:18,689 [INFO] ThirdParty:1030 - CMSIS Pack Vendor :Avnet-IotConnect X-CUBE-IoTC-DA16k-PMOD 1.0.0
2026-04-07 19:46:18,689 [INFO] ThirdParty:1030 - CMSIS Pack Vendor :STMicroelectronics X-CUBE-SMBUS 2.1.0
2026-04-07 19:46:18,689 [INFO] ThirdParty:1030 - CMSIS Pack Vendor :STMicroelectronics X-CUBE-ISPU 2.1.0
2026-04-07 19:46:18,689 [INFO] ThirdParty:1030 - CMSIS Pack Vendor :STMicroelectronics X-CUBE-IPS 3.2.0
2026-04-07 19:46:18,689 [INFO] ThirdParty:1030 - CMSIS Pack Vendor :STMicroelectronics eDS-WB_DPC_TT-BIDIR 2.1.1
2026-04-07 19:46:18,689 [INFO] ThirdParty:1030 - CMSIS Pack Vendor :STMicroelectronics X-CUBE-ST60 1.0.0
2026-04-07 19:46:18,689 [INFO] ThirdParty:1030 - CMSIS Pack Vendor :STMicroelectronics X-CUBE-NFC12 1.0.0
2026-04-07 19:46:18,689 [INFO] ThirdParty:1030 - CMSIS Pack Vendor :STMicroelectronics X-CUBE-AZRTOS-F7 1.1.0
2026-04-07 19:46:18,689 [INFO] ThirdParty:1030 - CMSIS Pack Vendor :STMicroelectronics X-CUBE-AZRTOS-L5 2.0.0
2026-04-07 19:46:18,689 [INFO] ThirdParty:1030 - CMSIS Pack Vendor :STMicroelectronics USB_DEVICE 2.0.0
2026-04-07 19:46:18,689 [INFO] ThirdParty:1030 - CMSIS Pack Vendor :STMicroelectronics X-CUBE-NFC6 3.1.0
2026-04-07 19:46:18,690 [INFO] ThirdParty:1030 - CMSIS Pack Vendor :STMicroelectronics FP-SNS-MOTENV1 5.1.0
2026-04-07 19:46:18,690 [INFO] ThirdParty:1030 - CMSIS Pack Vendor :STMicroelectronics FreeRTOS 0.0.1
2026-04-07 19:46:18,690 [INFO] ThirdParty:1030 - CMSIS Pack Vendor :STMicroelectronics eDS-WB_DPC_VIENNA 1.2.0
2026-04-07 19:46:18,690 [INFO] ThirdParty:1030 - CMSIS Pack Vendor :STMicroelectronics eDS-WB_DPC_3PH2L-BIDIR 1.1.1
2026-04-07 19:46:18,690 [INFO] ThirdParty:1030 - CMSIS Pack Vendor :Infineon AIROC-Wi-Fi-Bluetooth-STM32 1.7.0
2026-04-07 19:46:18,690 [INFO] ThirdParty:1030 - CMSIS Pack Vendor :STMicroelectronics PDM2PCM 3.3.0
2026-04-07 19:46:18,690 [INFO] ThirdParty:1030 - CMSIS Pack Vendor :STMicroelectronics X-CUBE-AZRTOS-H7 3.4.0
2026-04-07 19:46:18,690 [INFO] ThirdParty:1030 - CMSIS Pack Vendor :STMicroelectronics X-CUBE-DISPLAY 3.0.0
2026-04-07 19:46:18,690 [INFO] ThirdParty:1030 - CMSIS Pack Vendor :STMicroelectronics FP-SNS-MOTENVWB1 1.5.0
2026-04-07 19:46:18,690 [INFO] ThirdParty:1030 - CMSIS Pack Vendor :STMicroelectronics X-CUBE-NFC10 1.0.0
2026-04-07 19:46:18,690 [INFO] ThirdParty:1030 - CMSIS Pack Vendor :STMicroelectronics X-CUBE-BLEMGR 4.0.0
2026-04-07 19:46:18,690 [INFO] ThirdParty:1030 - CMSIS Pack Vendor :STMicroelectronics X-CUBE-FREERTOS 1.3.1
2026-04-07 19:46:18,690 [INFO] ThirdParty:1030 - CMSIS Pack Vendor :STMicroelectronics HAL Drivers 0.0.0
2026-04-07 19:46:18,690 [INFO] ThirdParty:1030 - CMSIS Pack Vendor :STMicroelectronics X-CUBE-ST60 1.1.0
2026-04-07 19:46:18,690 [INFO] ThirdParty:1030 - CMSIS Pack Vendor :emotas I-CUBE-CANOPEN 1.3.0
2026-04-07 19:46:18,690 [INFO] ThirdParty:1030 - CMSIS Pack Vendor :STMicroelectronics X-CUBE-FREERTOS 1.3.0
2026-04-07 19:46:18,690 [INFO] ThirdParty:1030 - CMSIS Pack Vendor :STMicroelectronics X-CUBE-NFC7 1.0.1
2026-04-07 19:46:18,690 [INFO] ThirdParty:1030 - CMSIS Pack Vendor :STMicroelectronics MBEDTLS 2.14.1
2026-04-07 19:46:18,690 [INFO] ThirdParty:1030 - CMSIS Pack Vendor :STMicroelectronics X-CUBE-GNSS1 7.1.0
2026-04-07 19:46:18,690 [INFO] ThirdParty:1030 - CMSIS Pack Vendor :STMicroelectronics X-CUBE-TOUCHGFX 4.26.0
2026-04-07 19:46:18,690 [INFO] ThirdParty:1030 - CMSIS Pack Vendor :STMicroelectronics X-CUBE-TOUCHGFX 4.26.1
2026-04-07 19:46:18,690 [INFO] ThirdParty:1030 - CMSIS Pack Vendor :quantropi X-CUBE-qispace-sdk-base 2.0.0
2026-04-07 19:46:18,690 [INFO] ThirdParty:1030 - CMSIS Pack Vendor :STMicroelectronics X-CUBE-AI 10.0.0
2026-04-07 19:46:18,690 [INFO] ThirdParty:1030 - CMSIS Pack Vendor :STMicroelectronics FP-SNS-STBOX1 2.1.0
2026-04-07 19:46:18,690 [INFO] ThirdParty:1030 - CMSIS Pack Vendor :STMicroelectronics FP-SNS-STAIOTCFT 1.0.0
2026-04-07 19:46:18,690 [INFO] ThirdParty:1030 - CMSIS Pack Vendor :STMicroelectronics FP-SNS-SMARTAG2 1.2.0
2026-04-07 19:46:18,690 [INFO] ThirdParty:1030 - CMSIS Pack Vendor :STMicroelectronics FP-SNS-FLIGHT1 5.1.0
2026-04-07 19:46:18,690 [INFO] ThirdParty:1030 - CMSIS Pack Vendor :STMicroelectronics X-CUBE-AZRTOS-WL 2.0.0
2026-04-07 19:46:18,690 [INFO] ThirdParty:1030 - CMSIS Pack Vendor :STMicroelectronics X-CUBE-DPower 1.3.0
2026-04-07 19:46:18,690 [INFO] ThirdParty:1030 - CMSIS Pack Vendor :STMicroelectronics FP-SNS-MOTENV1 5.0.0
2026-04-07 19:46:18,690 [INFO] ThirdParty:1030 - CMSIS Pack Vendor :STMicroelectronics USB_DEVICE 1.0.0
2026-04-07 19:46:18,690 [INFO] ThirdParty:1030 - CMSIS Pack Vendor :STMicroelectronics X-CUBE-AZRTOS-H7RS 1.2.0
2026-04-07 19:46:18,690 [INFO] ThirdParty:1030 - CMSIS Pack Vendor :STMicroelectronics X-CUBE-AZRTOS-L4 2.0.0
2026-04-07 19:46:18,690 [INFO] ThirdParty:1030 - CMSIS Pack Vendor :STMicroelectronics ThreadX 0.0.2
2026-04-07 19:46:18,690 [INFO] ThirdParty:1030 - CMSIS Pack Vendor :WES I-CUBE-Cesium 1.3.0
2026-04-07 19:46:18,690 [INFO] ThirdParty:1030 - CMSIS Pack Vendor :STMicroelectronics lwIP 2.1.2
2026-04-07 19:46:18,690 [INFO] ThirdParty:1030 - CMSIS Pack Vendor :STMicroelectronics X-CUBE-SFXS2LP1 4.0.0
2026-04-07 19:46:18,690 [INFO] ThirdParty:1030 - CMSIS Pack Vendor :STMicroelectronics X-CUBE-BLE2 3.3.0
2026-04-07 19:46:18,690 [INFO] ThirdParty:1030 - CMSIS Pack Vendor :Avnet-IOTCONNECT X-CUBE-iotc-st67-sdk 1.0.0
2026-04-07 19:46:18,690 [INFO] ThirdParty:1030 - CMSIS Pack Vendor :STMicroelectronics PDM2PCM 3.2.0
2026-04-07 19:46:18,690 [INFO] ThirdParty:1030 - CMSIS Pack Vendor :STMicroelectronics X-CUBE-ST67W61 1.2.0
2026-04-07 19:46:18,690 [INFO] ThirdParty:1030 - CMSIS Pack Vendor :STMicroelectronics X-CUBE-AZRTOS-H7 3.3.0
2026-04-07 19:46:18,690 [INFO] ThirdParty:1030 - CMSIS Pack Vendor :STMicroelectronics X-CUBE-NFC9 1.0.0
2026-04-07 19:46:18,690 [INFO] ThirdParty:1030 - CMSIS Pack Vendor :STMicroelectronics X-CUBE-BLE1 7.1.0
2026-04-07 19:46:18,690 [INFO] ThirdParty:1030 - CMSIS Pack Vendor :wolfSSL I-CUBE-wolfMQTT 1.19.2
2026-04-07 19:46:18,690 [INFO] ThirdParty:1030 - CMSIS Pack Vendor :STMicroelectronics USB_DEVICE 3.0.0
2026-04-07 19:46:18,691 [INFO] ThirdParty:1030 - CMSIS Pack Vendor :STMicroelectronics X-CUBE-FREERTOS 1.4.0
2026-04-07 19:46:18,691 [INFO] ThirdParty:1030 - CMSIS Pack Vendor :STMicroelectronics X-CUBE-EEPRMA1 5.2.0
2026-04-07 19:46:18,691 [INFO] ThirdParty:1030 - CMSIS Pack Vendor :STMicroelectronics X-CUBE-BLEMGR 4.1.0
2026-04-07 19:46:18,691 [INFO] ThirdParty:1030 - CMSIS Pack Vendor :STMicroelectronics X-CUBE-AZRTOS-WB 2.0.0
2026-04-07 19:46:18,691 [INFO] ThirdParty:1030 - CMSIS Pack Vendor :STMicroelectronics X-CUBE-GNSS1 7.0.1
2026-04-07 19:46:18,691 [INFO] ThirdParty:1030 - CMSIS Pack Vendor :STMicroelectronics X-CUBE-TOUCHGFX 4.25.0
2026-04-07 19:46:18,691 [INFO] ThirdParty:1030 - CMSIS Pack Vendor :STMicroelectronics X-CUBE-ST67W61 1.1.0
2026-04-07 19:46:18,691 [INFO] ThirdParty:1030 - CMSIS Pack Vendor :STMicroelectronics X-CUBE-AI 10.1.0
2026-04-07 19:46:18,691 [INFO] ThirdParty:1030 - CMSIS Pack Vendor :STMicroelectronics FP-SNS-STBOX1 2.0.0
2026-04-07 19:46:18,691 [INFO] ThirdParty:1030 - CMSIS Pack Vendor :STMicroelectronics X-CUBE-MEMS1 12.0.0
2026-04-07 19:46:18,691 [INFO] ThirdParty:1030 - CMSIS Pack Vendor :STMicroelectronics X-CUBE-STSE01 2.0.0
2026-04-07 19:46:18,691 [INFO] ThirdParty:1030 - CMSIS Pack Vendor :STMicroelectronics X-CUBE-MEMS1 11.2.0
2026-04-07 19:46:18,691 [INFO] ThirdParty:1030 - CMSIS Pack Vendor :STMicroelectronics X-CUBE-AZRTOS-G0 1.1.0
2026-04-07 19:46:18,691 [INFO] ThirdParty:1030 - CMSIS Pack Vendor :STMicroelectronics X-CUBE-SAFEA1 1.2.2
2026-04-07 19:46:18,691 [INFO] ThirdParty:1030 - CMSIS Pack Vendor :STMicroelectronics X-CUBE-NFC4 3.0.0
2026-04-07 19:46:18,691 [INFO] ThirdParty:1030 - CMSIS Pack Vendor :STMicroelectronics X-CUBE-SUBG2 5.0.0
2026-04-07 19:46:18,691 [INFO] ThirdParty:1030 - CMSIS Pack Vendor :STMicroelectronics X-CUBE-AZRTOS-H7RS 1.1.0
2026-04-07 19:46:18,691 [INFO] ThirdParty:1030 - CMSIS Pack Vendor :STMicroelectronics STM32_WPAN 1.0.0
2026-04-07 19:46:18,691 [INFO] ThirdParty:1030 - CMSIS Pack Vendor :EmbeddedOffice I-CUBE-FS-RTOS 1.0.1
2026-04-07 19:46:18,692 [INFO] ThirdParty:1030 - CMSIS Pack Vendor :STMicroelectronics lwIP 2.0.3
2026-04-07 19:46:18,692 [INFO] ThirdParty:1030 - CMSIS Pack Vendor :Cesanta I-CUBE-Mongoose 7.13.0
2026-04-07 19:46:18,693 [INFO] ThirdParty:1030 - CMSIS Pack Vendor :STMicroelectronics USB_HOST 1.0.0
2026-04-07 19:46:18,693 [INFO] ThirdParty:1030 - CMSIS Pack Vendor :STMicroelectronics X-CUBE-AZRTOS-G4 2.0.0
2026-04-07 19:46:18,693 [INFO] ThirdParty:1030 - CMSIS Pack Vendor :STMicroelectronics X-CUBE-WB05N 2.0.0
2026-04-07 19:46:18,694 [INFO] ThirdParty:1030 - CMSIS Pack Vendor :STMicroelectronics PDM2PCM 3.1.0
2026-04-07 19:46:18,695 [INFO] ThirdParty:1030 - CMSIS Pack Vendor :wolfSSL I-CUBE-wolfTPM 3.8.0
2026-04-07 19:46:18,695 [INFO] ThirdParty:1030 - CMSIS Pack Vendor :wolfSSL I-CUBE-wolfSSH 1.4.20
2026-04-07 19:46:18,695 [INFO] ThirdParty:1030 - CMSIS Pack Vendor :STMicroelectronics X-CUBE-NFC7 2.0.0
2026-04-07 19:46:18,695 [INFO] ThirdParty:1030 - CMSIS Pack Vendor :STMicroelectronics X-CUBE-TCPP 4.2.0
2026-04-07 19:46:18,695 [INFO] ThirdParty:1030 - CMSIS Pack Vendor :RealThread X-CUBE-RT-Thread_Nano 4.1.1
2026-04-07 19:46:18,695 [INFO] ThirdParty:1030 - CMSIS Pack Vendor :STMicroelectronics FP-ATR-SIGFOX1 3.2.0
2026-04-07 19:46:18,695 [INFO] ThirdParty:1030 - CMSIS Pack Vendor :STMicroelectronics X-CUBE-EEPRMA1 5.1.0
2026-04-07 19:46:18,695 [INFO] ThirdParty:1030 - CMSIS Pack Vendor :STMicroelectronics X-CUBE-FREERTOS 1.5.0
2026-04-07 19:46:18,695 [INFO] ThirdParty:1030 - CMSIS Pack Vendor :STMicroelectronics MBEDTLS 2.16.2
2026-04-07 19:46:18,695 [INFO] ThirdParty:1030 - CMSIS Pack Vendor :STMicroelectronics X-CUBE-IPS 3.1.0
2026-04-07 19:46:18,695 [INFO] ThirdParty:1030 - CMSIS Pack Vendor :STMicroelectronics X-CUBE-ALS 1.0.2
2026-04-07 19:46:18,695 [INFO] ThirdParty:1030 - CMSIS Pack Vendor :wolfSSL I-CUBE-wolfSSL 5.7.6
2026-04-07 19:46:18,695 [INFO] ThirdParty:1030 - CMSIS Pack Vendor :ITTIA_DB I-CUBE-ITTIADB 8.9.0
2026-04-07 19:46:18,695 [INFO] ThirdParty:1030 - CMSIS Pack Vendor :STMicroelectronics X-CUBE-STSE01 1.0.0
2026-04-07 19:46:18,695 [INFO] ThirdParty:1030 - CMSIS Pack Vendor :portGmbH I-Cube-SoM-uGOAL 1.1.0
2026-04-07 19:46:18,695 [INFO] ThirdParty:1030 - CMSIS Pack Vendor :STMicroelectronics X-CUBE-NFC6 3.2.0
2026-04-07 19:46:18,695 [INFO] ThirdParty:1030 - CMSIS Pack Vendor :STMicroelectronics X-CUBE-ST67W61 1.0.0
2026-04-07 19:46:18,695 [INFO] ThirdParty:1030 - CMSIS Pack Vendor :STMicroelectronics X-CUBE-AI 10.2.0
2026-04-07 19:46:18,695 [INFO] ThirdParty:1030 - CMSIS Pack Vendor :STMicroelectronics ThreadX 1.0.0
2026-04-07 19:46:18,695 [INFO] ThirdParty:1030 - CMSIS Pack Vendor :SEGGER I-CUBE-embOS 1.3.1
2026-04-07 19:46:18,695 [INFO] ThirdParty:1030 - CMSIS Pack Vendor :STMicroelectronics X-CUBE-ALGOBUILD 1.4.0
2026-04-07 19:46:18,695 [INFO] ThirdParty:1030 - CMSIS Pack Vendor :STMicroelectronics X-CUBE-MEMS1 11.3.0
2026-04-07 19:46:18,695 [INFO] ThirdParty:1030 - CMSIS Pack Vendor :STMicroelectronics X-CUBE-TOF1 3.4.3
2026-04-07 19:46:18,698 [INFO] ThirdParty:841 - exiting critical section [change project]
2026-04-07 19:46:19,545 [INFO] PinOutPanel:1589 - setPackage(No Configuration,No Configuration)
2026-04-07 19:46:19,553 [INFO] PinOutPanel:1589 - setPackage(STM32F042F6Px,TSSOP20)
2026-04-07 19:46:20,847 [INFO] UtilMem:75 - Before build in PCC Used Memory: 592380480 Bytes (879755264)
2026-04-07 19:46:22,150 [INFO] UtilMem:75 - After build in PCC Used Memory: 512389792 Bytes (879755264)
2026-04-07 19:46:22,214 [INFO] IPUIPlugin:80 - create IPUIPlugin
2026-04-07 19:46:22,215 [INFO] IPUIPlugin:80 - create IPUIPlugin
2026-04-07 19:46:22,216 [INFO] IPUIPlugin:80 - create IPUIPlugin
2026-04-07 19:46:22,216 [INFO] IPUIPlugin:80 - create IPUIPlugin
2026-04-07 19:46:22,216 [INFO] IPUIPlugin:80 - create IPUIPlugin
2026-04-07 19:46:22,216 [INFO] IPUIPlugin:80 - create IPUIPlugin
2026-04-07 19:46:22,217 [INFO] IPUIPlugin:80 - create IPUIPlugin
2026-04-07 19:46:22,217 [INFO] IPUIPlugin:80 - create IPUIPlugin
2026-04-07 19:46:22,217 [INFO] IPUIPlugin:80 - create IPUIPlugin
2026-04-07 19:46:22,217 [INFO] IPUIPlugin:80 - create IPUIPlugin
2026-04-07 19:46:22,217 [INFO] IPUIPlugin:80 - create IPUIPlugin
2026-04-07 19:46:22,218 [INFO] IPUIPlugin:80 - create IPUIPlugin
2026-04-07 19:46:22,218 [INFO] IPUIPlugin:80 - create IPUIPlugin
2026-04-07 19:46:22,218 [INFO] IPUIPlugin:80 - create IPUIPlugin
2026-04-07 19:46:22,220 [INFO] IPUIPlugin:80 - create IPUIPlugin
2026-04-07 19:46:22,220 [INFO] IPUIPlugin:80 - create IPUIPlugin
2026-04-07 19:46:22,220 [INFO] IPUIPlugin:80 - create IPUIPlugin
2026-04-07 19:46:22,220 [INFO] IPUIPlugin:80 - create IPUIPlugin
2026-04-07 19:46:22,220 [INFO] IPUIPlugin:80 - create IPUIPlugin
2026-04-07 19:46:22,220 [INFO] IPUIPlugin:80 - create IPUIPlugin
2026-04-07 19:46:22,220 [INFO] IPUIPlugin:80 - create IPUIPlugin
2026-04-07 19:46:22,220 [INFO] IPUIPlugin:80 - create IPUIPlugin
2026-04-07 19:46:22,220 [INFO] IPUIPlugin:80 - create IPUIPlugin
2026-04-07 19:46:22,220 [INFO] IPUIPlugin:80 - create IPUIPlugin
2026-04-07 19:46:22,221 [INFO] IPUIPlugin:80 - create IPUIPlugin
2026-04-07 19:46:22,221 [INFO] IPUIPlugin:80 - create IPUIPlugin
2026-04-07 19:46:22,221 [INFO] IPUIPlugin:80 - create IPUIPlugin
2026-04-07 19:46:22,221 [INFO] IPUIPlugin:80 - create IPUIPlugin
2026-04-07 19:46:22,221 [INFO] IPUIPlugin:80 - create IPUIPlugin
2026-04-07 19:46:22,221 [INFO] IPUIPlugin:80 - create IPUIPlugin
2026-04-07 19:46:22,416 [INFO] CADModel:165 - CPN selected for project levelSTM32F042F6P6TR
2026-04-07 19:46:22,417 [INFO] CADModel:114 - Register for checkConnection events
2026-04-07 19:46:22,469 [INFO] OpenFileManager:386 - Restore cursor
2026-04-07 21:11:45,096 [INFO] WebApp:194 - Connection lost
2026-04-07 21:11:47,389 [INFO] WebApp:191 - Connection restablished
2026-04-07 21:25:15,692 [ERROR] LogOutputStream:75 - [STDERR_REDIRECT] 
2026-04-07 21:25:50,871 [INFO] Activator:176 - 


2026-04-07 21:25:50,872 [INFO] Activator:177 - !SESSION log4j initialized
2026-04-07 21:25:52,003 [INFO] LogOutputStream:77 - [STDOUT_REDIRECT] 
2026-04-07 21:25:53,134 [INFO] McuFinderGlobals:63 - Set McuFinder mode to 2 (CubeIDE integrated)
2026-04-07 21:25:53,161 [ERROR] LogOutputStream:75 - [STDERR_REDIRECT] 
2026-04-07 21:25:53,285 [INFO] ApplicationProperties:184 - Using Application install path: /Applications/STM32CubeIDE.app/Contents/Eclipse/plugins/com.st.stm32cube.common.mx_6.15.0.202507011659
2026-04-07 21:25:53,296 [INFO] DbMcusXml:78 - Set database path to: /Applications/STM32CubeIDE.app/Contents/Eclipse/plugins/com.st.stm32cube.common.mx_6.15.0.202507011659//db//mcu/
2026-04-07 21:25:53,296 [INFO] ApiDb:274 - Set plugin database path to: /Applications/STM32CubeIDE.app/Contents/Eclipse/plugins/com.st.stm32cube.common.mx_6.15.0.202507011659//db//plugins/boardmanager/
2026-04-07 21:25:53,296 [WARN] ApiDb:259 - Overriding images path with different value:  => /Applications/STM32CubeIDE.app/Contents/Eclipse/plugins/com.st.stm32cube.common.mx_6.15.0.202507011659//db//plugins/mcufinder/images/
2026-04-07 21:25:53,299 [INFO] ApiDb:250 - Set database path to: /Users/jaspertan/.stmcufinder/plugins/mcufinder//mcu/
2026-04-07 21:25:53,300 [INFO] DbMcusAds:125 - Set database path to: /Users/jaspertan/.stmcufinder/plugins/mcufinder//mcu/
2026-04-07 21:25:53,320 [INFO] CrossReferenceDbSqlite:203 - Set database path to: /Users/jaspertan/.stmcufinder/plugins/mcufinder//mcu/cs/
2026-04-07 21:25:53,421 [INFO] RulesReader:64 - Compatibility file has been processed (317 Rules)
2026-04-07 21:25:53,482 [INFO] DbMcusXml:78 - Set database path to: /Applications/STM32CubeIDE.app/Contents/Eclipse/plugins/com.st.stm32cube.common.mx_6.15.0.202507011659//db//mcu/
2026-04-07 21:25:53,482 [INFO] ApiDb:274 - Set plugin database path to: /Applications/STM32CubeIDE.app/Contents/Eclipse/plugins/com.st.stm32cube.common.mx_6.15.0.202507011659//db//plugins/boardmanager/
2026-04-07 21:25:53,483 [INFO] ApiDb:261 - Set plugin images path to: /Applications/STM32CubeIDE.app/Contents/Eclipse/plugins/com.st.stm32cube.common.mx_6.15.0.202507011659//db//plugins/mcufinder/images/
2026-04-07 21:25:53,483 [WARN] DbFile:41 - Overriding database path with different value: /Users/jaspertan/.stmcufinder/plugins/mcufinder/ => /Users/jaspertan/.stmcufinder/plugins/mcufinder
2026-04-07 21:25:53,483 [INFO] ApiDb:250 - Set database path to: /Users/jaspertan/.stmcufinder/plugins/mcufinder//mcu/
2026-04-07 21:25:53,483 [WARN] DbFile:41 - Overriding database path with different value: /Users/jaspertan/.stmcufinder/plugins/mcufinder/ => /Users/jaspertan/.stmcufinder/plugins/mcufinder
2026-04-07 21:25:53,483 [INFO] DbMcusAds:125 - Set database path to: /Users/jaspertan/.stmcufinder/plugins/mcufinder//mcu/
2026-04-07 21:25:53,483 [WARN] DbFile:41 - Overriding database path with different value: /Users/jaspertan/.stmcufinder/plugins/mcufinder/ => /Users/jaspertan/.stmcufinder/plugins/mcufinder
2026-04-07 21:25:53,483 [WARN] DbFile:41 - Overriding database path with different value: /Users/jaspertan/.stmcufinder/plugins/mcufinder/ => /Users/jaspertan/.stmcufinder/plugins/mcufinder
2026-04-07 21:25:53,483 [INFO] CrossReferenceDbSqlite:203 - Set database path to: /Users/jaspertan/.stmcufinder/plugins/mcufinder//mcu/cs/
2026-04-07 21:25:53,534 [INFO] MainPanel:274 - HeapMemory: 268435456
2026-04-07 21:25:54,232 [INFO] DbMcusXml:78 - Set database path to: /Applications/STM32CubeIDE.app/Contents/Eclipse/plugins/com.st.stm32cube.common.mx_6.15.0.202507011659//db//mcu/
2026-04-07 21:25:54,232 [INFO] ApiDb:274 - Set plugin database path to: /Applications/STM32CubeIDE.app/Contents/Eclipse/plugins/com.st.stm32cube.common.mx_6.15.0.202507011659//db//plugins/boardmanager/
2026-04-07 21:25:54,233 [INFO] ApiDb:261 - Set plugin images path to: /Applications/STM32CubeIDE.app/Contents/Eclipse/plugins/com.st.stm32cube.common.mx_6.15.0.202507011659//db//plugins/mcufinder/images/
2026-04-07 21:25:54,233 [WARN] DbFile:41 - Overriding database path with different value: /Users/jaspertan/.stmcufinder/plugins/mcufinder/ => /Users/jaspertan/.stmcufinder/plugins/mcufinder
2026-04-07 21:25:54,233 [INFO] ApiDb:250 - Set database path to: /Users/jaspertan/.stmcufinder/plugins/mcufinder//mcu/
2026-04-07 21:25:54,233 [WARN] DbFile:41 - Overriding database path with different value: /Users/jaspertan/.stmcufinder/plugins/mcufinder/ => /Users/jaspertan/.stmcufinder/plugins/mcufinder
2026-04-07 21:25:54,233 [INFO] DbMcusAds:125 - Set database path to: /Users/jaspertan/.stmcufinder/plugins/mcufinder//mcu/
2026-04-07 21:25:54,233 [WARN] DbFile:41 - Overriding database path with different value: /Users/jaspertan/.stmcufinder/plugins/mcufinder/ => /Users/jaspertan/.stmcufinder/plugins/mcufinder
2026-04-07 21:25:54,233 [WARN] DbFile:41 - Overriding database path with different value: /Users/jaspertan/.stmcufinder/plugins/mcufinder/ => /Users/jaspertan/.stmcufinder/plugins/mcufinder
2026-04-07 21:25:54,233 [INFO] CrossReferenceDbSqlite:203 - Set database path to: /Users/jaspertan/.stmcufinder/plugins/mcufinder//mcu/cs/
2026-04-07 21:25:54,247 [INFO] ApplicationProperties:184 - Using Application install path: /Applications/STM32CubeIDE.app/Contents/Eclipse/plugins/com.st.stm32cube.common.mx_6.15.0.202507011659
2026-04-07 21:25:54,248 [INFO] PluginManage:196 - Search for loadable plugins [exclusion list=, ]
2026-04-07 21:25:54,249 [INFO] PluginManage:310 - Check plugin analytics
2026-04-07 21:25:54,527 [INFO] AnalyticsPlugin:253 - Accepted Software Licenses: 
2026-04-07 21:25:54,527 [INFO] AnalyticsPlugin:255 - Accepted CMSIS Pack Licenses: 
2026-04-07 21:25:54,528 [INFO] AnalyticsPlugin:257 - Accepted Firmware Licenses: FW.F4.1.28.0
2026-04-07 21:25:54,531 [INFO] PluginManage:359 - Loaded plugin analytics (category:tool,tabindex:-1)
2026-04-07 21:25:54,532 [INFO] PluginManage:310 - Check plugin cadmodel
2026-04-07 21:25:54,541 [INFO] CADModel:105 - Init CAD model plugin
2026-04-07 21:25:54,542 [INFO] PluginManage:359 - Loaded plugin cadmodel (category:power,tabindex:5)
2026-04-07 21:25:54,542 [INFO] PluginManage:310 - Check plugin clock
2026-04-07 21:25:54,551 [INFO] PluginManage:359 - Loaded plugin clock (category:base,tabindex:2)
2026-04-07 21:25:54,551 [INFO] PluginManage:310 - Check plugin ddr
2026-04-07 21:25:54,557 [INFO] PluginManage:359 - Loaded plugin ddr (category:tool,tabindex:6)
2026-04-07 21:25:54,557 [INFO] PluginManage:310 - Check plugin filemanager
2026-04-07 21:25:54,670 [INFO] PluginManage:359 - Loaded plugin filemanager (category:base,tabindex:10)
2026-04-07 21:25:54,670 [INFO] PluginManage:310 - Check plugin ipmanager
2026-04-07 21:25:54,678 [INFO] PluginManage:359 - Loaded plugin ipmanager (category:base,tabindex:5)
2026-04-07 21:25:54,678 [INFO] PluginManage:310 - Check plugin lpbam
2026-04-07 21:25:54,687 [INFO] PluginManage:359 - Loaded plugin lpbam (category:base,tabindex:0)
2026-04-07 21:25:54,687 [INFO] PluginManage:310 - Check plugin memorymap
2026-04-07 21:25:54,694 [INFO] PluginManage:359 - Loaded plugin memorymap (category:base,tabindex:4)
2026-04-07 21:25:54,694 [INFO] PluginManage:310 - Check plugin pinoutandconfiguration
2026-04-07 21:25:54,700 [INFO] PluginManage:359 - Loaded plugin pinoutandconfiguration (category:base,tabindex:1)
2026-04-07 21:25:54,700 [INFO] PluginManage:310 - Check plugin pinoutconfig
2026-04-07 21:25:54,764 [WARN] SupportedApi:132 - Cannot load RTOS API schema: s4s-elt-must-match.1: The content of 'definitions' must match (annotation?, (simpleType | complexType)?, (unique | key | keyref)*)). A problem was found starting at: attribute.
2026-04-07 21:25:54,857 [INFO] PluginManage:359 - Loaded plugin pinoutconfig (category:base,tabindex:0)
2026-04-07 21:25:54,857 [INFO] PluginManage:310 - Check plugin power
2026-04-07 21:25:54,868 [INFO] PluginManage:359 - Loaded plugin power (category:power,tabindex:4)
2026-04-07 21:25:54,868 [INFO] PluginManage:310 - Check plugin projectmanager
2026-04-07 21:25:54,891 [INFO] PluginManage:359 - Loaded plugin projectmanager (category:projectmanager,tabindex:4)
2026-04-07 21:25:54,891 [INFO] PluginManage:310 - Check plugin rif
2026-04-07 21:25:54,897 [INFO] PluginManage:359 - Loaded plugin rif (category:base,tabindex:3)
2026-04-07 21:25:54,897 [INFO] PluginManage:310 - Check plugin thirdparty
2026-04-07 21:25:55,020 [INFO] PluginManage:359 - Loaded plugin thirdparty (category:base,tabindex:-1)
2026-04-07 21:25:55,019 [WARN] IntegrityCheckThread:84 - waiting for thirdparty lock release [integrity check]
2026-04-07 21:25:55,020 [INFO] IntegrityCheckThread:86 - entering critical section [integrity check]
2026-04-07 21:25:55,020 [INFO] PluginManage:310 - Check plugin tools
2026-04-07 21:25:55,020 [INFO] ThirdPartyUpdaterWithRetryManager:70 - Updater plugin not ready yet. [1/15]
2026-04-07 21:25:55,022 [INFO] PluginManage:359 - Loaded plugin tools (category:base,tabindex:7)
2026-04-07 21:25:55,023 [INFO] PluginManage:310 - Check plugin tutovideos
2026-04-07 21:25:55,144 [INFO] PluginManage:359 - Loaded plugin tutovideos (category:base,tabindex:-1)
2026-04-07 21:25:55,144 [INFO] PluginManage:310 - Check plugin updater
2026-04-07 21:25:55,168 [INFO] PluginManage:359 - Loaded plugin updater (category:base,tabindex:12)
2026-04-07 21:25:55,168 [INFO] PluginManage:310 - Check plugin userauth
2026-04-07 21:25:55,171 [INFO] UserAuth:118 - Init User Auth plugin
2026-04-07 21:25:55,173 [INFO] PluginManage:359 - Loaded plugin userauth (category:base,tabindex:14)
2026-04-07 21:25:55,173 [INFO] PluginManage:283 - PluginManage : Loaded plugins [18]
2026-04-07 21:25:55,340 [INFO] PinOutPanel:1589 - setPackage(No Configuration,No Configuration)
2026-04-07 21:25:55,411 [INFO] CADModel:165 - CPN selected for project level
2026-04-07 21:25:55,411 [INFO] CADModel:114 - Register for checkConnection events
2026-04-07 21:25:55,510 [INFO] IPUIPlugin:80 - create IPUIPlugin
2026-04-07 21:25:55,519 [INFO] PluginManager:220 - loadIPPluginJar : add mdma
2026-04-07 21:25:55,551 [INFO] IPUIPlugin:80 - create IPUIPlugin
2026-04-07 21:25:55,552 [INFO] PluginManager:220 - loadIPPluginJar : add freertos
2026-04-07 21:25:55,557 [INFO] IPUIPlugin:80 - create IPUIPlugin
2026-04-07 21:25:55,558 [INFO] PluginManager:220 - loadIPPluginJar : add gic
2026-04-07 21:25:55,563 [INFO] IPUIPlugin:80 - create IPUIPlugin
2026-04-07 21:25:55,563 [INFO] PluginManager:220 - loadIPPluginJar : add adc
2026-04-07 21:25:55,564 [INFO] IPUIPlugin:80 - create IPUIPlugin
2026-04-07 21:25:55,564 [INFO] PluginManager:220 - loadIPPluginJar : add gtzc
2026-04-07 21:25:55,565 [INFO] IPUIPlugin:80 - create IPUIPlugin
2026-04-07 21:25:55,565 [INFO] PluginManager:220 - loadIPPluginJar : add quadspi
2026-04-07 21:25:55,567 [INFO] IPUIPlugin:80 - create IPUIPlugin
2026-04-07 21:25:55,567 [INFO] PluginManager:220 - loadIPPluginJar : add aes
2026-04-07 21:25:55,568 [INFO] IPUIPlugin:80 - create IPUIPlugin
2026-04-07 21:25:55,568 [INFO] PluginManager:220 - loadIPPluginJar : add pdm2pcm
2026-04-07 21:25:55,570 [INFO] IPUIPlugin:80 - create IPUIPlugin
2026-04-07 21:25:55,570 [INFO] PluginManager:220 - loadIPPluginJar : add hash
2026-04-07 21:25:55,571 [INFO] IPUIPlugin:80 - create IPUIPlugin
2026-04-07 21:25:55,571 [INFO] PluginManager:220 - loadIPPluginJar : add tim
2026-04-07 21:25:55,572 [INFO] IPUIPlugin:80 - create IPUIPlugin
2026-04-07 21:25:55,572 [INFO] PluginManager:220 - loadIPPluginJar : add tsc
2026-04-07 21:25:55,574 [INFO] IPUIPlugin:80 - create IPUIPlugin
2026-04-07 21:25:55,574 [INFO] PluginManager:220 - loadIPPluginJar : add extmemmanager
2026-04-07 21:25:55,575 [INFO] IPUIPlugin:80 - create IPUIPlugin
2026-04-07 21:25:55,575 [INFO] PluginManager:220 - loadIPPluginJar : add ts
2026-04-07 21:25:55,575 [INFO] IPUIPlugin:80 - create IPUIPlugin
2026-04-07 21:25:55,577 [INFO] PluginManager:220 - loadIPPluginJar : add radio
2026-04-07 21:25:55,579 [INFO] IPUIPlugin:80 - create IPUIPlugin
2026-04-07 21:25:55,579 [INFO] PluginManager:220 - loadIPPluginJar : add can
2026-04-07 21:25:55,580 [INFO] IPUIPlugin:80 - create IPUIPlugin
2026-04-07 21:25:55,580 [INFO] PluginManager:220 - loadIPPluginJar : add dma3
2026-04-07 21:25:55,581 [INFO] IPUIPlugin:80 - create IPUIPlugin
2026-04-07 21:25:55,581 [INFO] PluginManager:220 - loadIPPluginJar : add dfsdm
2026-04-07 21:25:55,582 [INFO] IPUIPlugin:80 - create IPUIPlugin
2026-04-07 21:25:55,582 [INFO] PluginManager:220 - loadIPPluginJar : add spi
2026-04-07 21:25:55,583 [INFO] IPUIPlugin:80 - create IPUIPlugin
2026-04-07 21:25:55,583 [INFO] PluginManager:220 - loadIPPluginJar : add gfxmmu
2026-04-07 21:25:55,584 [INFO] IPUIPlugin:80 - create IPUIPlugin
2026-04-07 21:25:55,584 [INFO] PluginManager:220 - loadIPPluginJar : add genericplugin
2026-04-07 21:25:55,586 [INFO] IPUIPlugin:80 - create IPUIPlugin
2026-04-07 21:25:55,586 [INFO] PluginManager:220 - loadIPPluginJar : add cryp
2026-04-07 21:25:55,588 [INFO] IPUIPlugin:80 - create IPUIPlugin
2026-04-07 21:25:55,588 [INFO] PluginManager:220 - loadIPPluginJar : add gpio
2026-04-07 21:25:55,591 [INFO] IPUIPlugin:80 - create IPUIPlugin
2026-04-07 21:25:55,591 [INFO] PluginManager:220 - loadIPPluginJar : add ddr_ctrl_phy
2026-04-07 21:25:55,592 [INFO] IPUIPlugin:80 - create IPUIPlugin
2026-04-07 21:25:55,593 [INFO] PluginManager:220 - loadIPPluginJar : add comp
2026-04-07 21:25:55,595 [INFO] IPUIPlugin:80 - create IPUIPlugin
2026-04-07 21:25:55,595 [INFO] PluginManager:220 - loadIPPluginJar : add tracer_emb
2026-04-07 21:25:55,596 [INFO] IPUIPlugin:80 - create IPUIPlugin
2026-04-07 21:25:55,596 [INFO] PluginManager:220 - loadIPPluginJar : add openamp
2026-04-07 21:25:55,599 [INFO] IPUIPlugin:80 - create IPUIPlugin
2026-04-07 21:25:55,599 [INFO] PluginManager:220 - loadIPPluginJar : add stm32_wpan
2026-04-07 21:25:55,601 [INFO] IPUIPlugin:80 - create IPUIPlugin
2026-04-07 21:25:55,627 [INFO] PluginManager:220 - loadIPPluginJar : add plateformsettings
2026-04-07 21:25:55,629 [INFO] IPUIPlugin:80 - create IPUIPlugin
2026-04-07 21:25:55,629 [INFO] PluginManager:220 - loadIPPluginJar : add ipddr
2026-04-07 21:25:55,631 [INFO] IPUIPlugin:80 - create IPUIPlugin
2026-04-07 21:25:55,631 [INFO] PluginManager:220 - loadIPPluginJar : add usart
2026-04-07 21:25:55,632 [INFO] IPUIPlugin:80 - create IPUIPlugin
2026-04-07 21:25:55,632 [INFO] PluginManager:220 - loadIPPluginJar : add ltdc
2026-04-07 21:25:55,633 [INFO] IPUIPlugin:80 - create IPUIPlugin
2026-04-07 21:25:55,633 [INFO] PluginManager:220 - loadIPPluginJar : add nvic
2026-04-07 21:25:55,634 [INFO] IPUIPlugin:80 - create IPUIPlugin
2026-04-07 21:25:55,634 [INFO] PluginManager:220 - loadIPPluginJar : add fatfs
2026-04-07 21:25:55,638 [INFO] IPUIPlugin:80 - create IPUIPlugin
2026-04-07 21:25:55,638 [INFO] PluginManager:220 - loadIPPluginJar : add linkedlist
2026-04-07 21:25:55,640 [INFO] IPUIPlugin:80 - create IPUIPlugin
2026-04-07 21:25:55,641 [INFO] PluginManager:220 - loadIPPluginJar : add dma
2026-04-07 21:25:55,642 [INFO] IPUIPlugin:80 - create IPUIPlugin
2026-04-07 21:25:55,642 [INFO] PluginManager:220 - loadIPPluginJar : add fmc
2026-04-07 21:25:55,643 [INFO] IPUIPlugin:80 - create IPUIPlugin
2026-04-07 21:25:55,643 [INFO] PluginManager:220 - loadIPPluginJar : add i2s
2026-04-07 21:25:55,644 [INFO] IPUIPlugin:80 - create IPUIPlugin
2026-04-07 21:25:55,644 [INFO] PluginManager:220 - loadIPPluginJar : add ucpd
2026-04-07 21:25:55,645 [INFO] IPUIPlugin:80 - create IPUIPlugin
2026-04-07 21:25:55,645 [INFO] PluginManager:220 - loadIPPluginJar : add lorawan
2026-04-07 21:25:55,646 [INFO] IPUIPlugin:80 - create IPUIPlugin
2026-04-07 21:25:55,646 [INFO] PluginManager:220 - loadIPPluginJar : add opamp
2026-04-07 21:25:55,648 [INFO] IPUIPlugin:80 - create IPUIPlugin
2026-04-07 21:25:55,648 [INFO] PluginManager:220 - loadIPPluginJar : add i3c
2026-04-07 21:25:55,649 [INFO] IPUIPlugin:80 - create IPUIPlugin
2026-04-07 21:25:55,658 [INFO] PluginManager:220 - loadIPPluginJar : add touchsensing
2026-04-07 21:25:55,660 [INFO] IPUIPlugin:80 - create IPUIPlugin
2026-04-07 21:25:55,660 [INFO] PluginManager:220 - loadIPPluginJar : add i2c
2026-04-07 21:25:55,662 [INFO] IPUIPlugin:80 - create IPUIPlugin
2026-04-07 21:25:55,662 [INFO] PluginManager:220 - loadIPPluginJar : add resmgrutility
2026-04-07 21:25:55,663 [INFO] IPUIPlugin:80 - create IPUIPlugin
2026-04-07 21:25:55,663 [INFO] PluginManager:220 - loadIPPluginJar : add sai
2026-04-07 21:25:55,693 [INFO] IPUIPlugin:80 - create IPUIPlugin
2026-04-07 21:25:55,693 [INFO] PluginManager:220 - loadIPPluginJar : add usbx
2026-04-07 21:25:55,859 [FATAL] Updater:351 - Updater called before beeing initialized
2026-04-07 21:25:55,918 [INFO] RulesReader:64 - Compatibility file has been processed (317 Rules)
2026-04-07 21:25:55,928 [INFO] RulesReader:64 - Compatibility file has been processed (317 Rules)
2026-04-07 21:25:55,940 [INFO] CADModel:165 - CPN selected for project level
2026-04-07 21:25:55,940 [INFO] CADModel:114 - Register for checkConnection events
2026-04-07 21:25:55,940 [FATAL] Updater:351 - Updater called before beeing initialized
2026-04-07 21:25:55,940 [ERROR] CADModel:125 - Updater not yet initialized, retry later 
2026-04-07 21:25:56,076 [FATAL] Updater:351 - Updater called before beeing initialized
2026-04-07 21:25:56,077 [INFO] CADModel:165 - CPN selected for project level
2026-04-07 21:25:56,078 [INFO] CADModel:114 - Register for checkConnection events
2026-04-07 21:25:56,078 [FATAL] Updater:351 - Updater called before beeing initialized
2026-04-07 21:25:56,078 [ERROR] CADModel:125 - Updater not yet initialized, retry later 
2026-04-07 21:25:56,079 [FATAL] Updater:351 - Updater called before beeing initialized
2026-04-07 21:25:56,199 [FATAL] Updater:351 - Updater called before beeing initialized
2026-04-07 21:25:56,202 [INFO] DbMcusAds:53 - JSON generation date=Thu Mar 05 06:32:52 PST 2026 (1772721172890)
2026-04-07 21:25:56,203 [FATAL] Updater:351 - Updater called before beeing initialized
2026-04-07 21:25:56,244 [WARN] DetailPanel:346 - Failed to get advertising image, set to default
2026-04-07 21:25:56,302 [FATAL] Updater:351 - Updater called before beeing initialized
2026-04-07 21:25:56,303 [FATAL] Updater:351 - Updater called before beeing initialized
2026-04-07 21:25:56,303 [FATAL] Updater:351 - Updater called before beeing initialized
2026-04-07 21:25:56,303 [WARN] DetailPanel:346 - Failed to get advertising image, set to default
2026-04-07 21:25:56,306 [FATAL] Updater:351 - Updater called before beeing initialized
2026-04-07 21:25:56,358 [ERROR] Updater:1198 - MainUpdater not yet initialized. External WinMGr cannot be set.
2026-04-07 21:25:56,432 [INFO] Updater:1134 - Updater Version found : 6.15.0
2026-04-07 21:25:56,444 [INFO] ApplicationProperties:184 - Using Application install path: /Applications/STM32CubeIDE.app/Contents/Eclipse/plugins/com.st.stm32cube.common.mx_6.15.0.202507011659
2026-04-07 21:25:57,929 [INFO] MainUpdater:2872 - connection check result : 10
2026-04-07 21:25:57,930 [INFO] MainUpdater:289 - Updater Check For Update Now.
2026-04-07 21:25:57,930 [INFO] MicroXplorer:498 - Change Database Version : DB.6.0.150
2026-04-07 21:25:58,026 [WARN] MainUpdater:1193 - Updater busy. Cannot search thirdparties
2026-04-07 21:25:58,027 [INFO] ThirdPartyUpdaterWithRetryManager:96 - Updater plugin is busy. [1/15]
2026-04-07 21:25:58,166 [INFO] CheckServerUpdateThread:120 - End of CheckServer Thread
2026-04-07 21:25:58,355 [INFO] MainUpdater:2872 - connection check result : 10
2026-04-07 21:25:58,360 [INFO] MainUpdater:2872 - connection check result : 10
2026-04-07 21:25:59,122 [INFO] MicroXplorer:468 - Change Database Path : 
2026-04-07 21:25:59,123 [INFO] MicroXplorer:498 - Change Database Version : DB.6.0.150
2026-04-07 21:25:59,130 [WARN] ThirdParty:871 - waiting for thirdparty lock release [close project]
2026-04-07 21:26:01,223 [WARN] PackLoader:240 - Cannot read IP mode file for STMicroelectronics.X-CUBE-AZRTOS-H7.3.5.0
2026-04-07 21:26:01,255 [WARN] PackLoader:240 - Cannot read IP mode file for STMicroelectronics.FP-SNS-MOTENVWB1.1.4.0
2026-04-07 21:26:01,266 [WARN] PackLoader:240 - Cannot read IP mode file for STMicroelectronics.FP-ATR-ASTRA1.2.0.2
2026-04-07 21:26:01,273 [WARN] PackLoader:240 - Cannot read IP mode file for STMicroelectronics.X-CUBE-SMBUS.2.1.0
2026-04-07 21:26:01,277 [WARN] PackLoader:240 - Cannot read IP mode file for STMicroelectronics.X-CUBE-ST60.1.0.0
2026-04-07 21:26:01,304 [WARN] PackLoader:240 - Cannot read IP mode file for STMicroelectronics.X-CUBE-AZRTOS-F7.1.1.0
2026-04-07 21:26:01,325 [WARN] PackLoader:240 - Cannot read IP mode file for STMicroelectronics.FP-SNS-MOTENV1.5.1.0
2026-04-07 21:26:01,372 [WARN] PackLoader:240 - Cannot read IP mode file for Infineon.AIROC-Wi-Fi-Bluetooth-STM32.1.7.0
2026-04-07 21:26:01,426 [WARN] PackLoader:240 - Cannot read IP mode file for STMicroelectronics.X-CUBE-AZRTOS-H7.3.4.0
2026-04-07 21:26:01,449 [WARN] PackLoader:240 - Cannot read IP mode file for STMicroelectronics.X-CUBE-DISPLAY.3.0.0
2026-04-07 21:26:01,456 [WARN] PackLoader:240 - Cannot read IP mode file for STMicroelectronics.FP-SNS-MOTENVWB1.1.5.0
2026-04-07 21:26:01,464 [WARN] PackLoader:240 - Cannot read IP mode file for STMicroelectronics.X-CUBE-NFC10.1.0.0
2026-04-07 21:26:01,486 [WARN] PackLoader:240 - Cannot read IP mode file for STMicroelectronics.X-CUBE-BLEMGR.4.0.0
2026-04-07 21:26:01,503 [WARN] PackLoader:240 - Cannot read IP mode file for STMicroelectronics.X-CUBE-ST60.1.1.0
2026-04-07 21:26:01,514 [WARN] PackLoader:240 - Cannot read IP mode file for emotas.I-CUBE-CANOPEN.1.3.0
2026-04-07 21:26:01,521 [WARN] PackLoader:240 - Cannot read IP mode file for STMicroelectronics.X-CUBE-GNSS1.7.1.0
2026-04-07 21:26:01,529 [WARN] ConditionMgr:438 - getConditionDescription Invalid condition id : Cortex-A Device cause : null
2026-04-07 21:26:01,540 [WARN] ConditionMgr:1044 - genDependencies : Invalid condition id : Cortex-A Device cause : null
2026-04-07 21:26:01,540 [WARN] ConditionMgr:1044 - genDependencies : Invalid condition id : Cortex-A Device cause : null
2026-04-07 21:26:01,540 [WARN] ConditionMgr:1044 - genDependencies : Invalid condition id : Cortex-A Device cause : null
2026-04-07 21:26:01,545 [WARN] PackLoader:240 - Cannot read IP mode file for STMicroelectronics.X-CUBE-AI.10.0.0
2026-04-07 21:26:01,554 [WARN] PackLoader:240 - Cannot read IP mode file for STMicroelectronics.FP-SNS-STBOX1.2.1.0
2026-04-07 21:26:01,558 [WARN] PackLoader:240 - Cannot read IP mode file for STMicroelectronics.FP-SNS-SMARTAG2.1.2.0
2026-04-07 21:26:01,562 [WARN] PackLoader:240 - Cannot read IP mode file for STMicroelectronics.FP-SNS-FLIGHT1.5.1.0
2026-04-07 21:26:01,571 [INFO] LogOutputStream:77 - [STDOUT_REDIRECT] 1 : Invalid condition id : UX_CORESTACK_Condition cause : null
2026-04-07 21:26:01,572 [INFO] LogOutputStream:77 - [STDOUT_REDIRECT] 1 : Invalid condition id : UX_CORESTACK_Condition cause : null
2026-04-07 21:26:01,573 [INFO] LogOutputStream:77 - [STDOUT_REDIRECT] 1 : Invalid condition id : UX_CORESTACK_Condition cause : null
2026-04-07 21:26:01,574 [INFO] LogOutputStream:77 - [STDOUT_REDIRECT] 1 : Invalid condition id : UX_CORESTACK_Condition cause : null
2026-04-07 21:26:01,575 [INFO] LogOutputStream:77 - [STDOUT_REDIRECT] 1 : Invalid condition id : UX_CORESTACK_Condition cause : null
2026-04-07 21:26:01,582 [WARN] PackLoader:240 - Cannot read IP mode file for STMicroelectronics.X-CUBE-AZRTOS-WL.2.0.0
2026-04-07 21:26:01,588 [WARN] PackLoader:240 - Cannot read IP mode file for STMicroelectronics.FP-SNS-MOTENV1.5.0.0
2026-04-07 21:26:01,610 [WARN] PackLoader:240 - Cannot read IP mode file for STMicroelectronics.X-CUBE-AZRTOS-H7RS.1.2.0
2026-04-07 21:26:01,620 [WARN] PackLoader:240 - Cannot read IP mode file for WES.I-CUBE-Cesium.1.3.0
2026-04-07 21:26:01,629 [WARN] PackLoader:240 - Cannot read IP mode file for STMicroelectronics.X-CUBE-BLE2.3.3.0
2026-04-07 21:26:01,655 [WARN] PackLoader:240 - Cannot read IP mode file for STMicroelectronics.X-CUBE-NFC9.1.0.0
2026-04-07 21:26:01,670 [WARN] PackLoader:240 - Cannot read IP mode file for STMicroelectronics.X-CUBE-BLE1.7.1.0
2026-04-07 21:26:01,675 [WARN] PackLoader:240 - Cannot read IP mode file for wolfSSL.I-CUBE-wolfMQTT.1.19.2
2026-04-07 21:26:01,690 [WARN] PackLoader:240 - Cannot read IP mode file for STMicroelectronics.X-CUBE-FREERTOS.1.4.0
2026-04-07 21:26:01,695 [WARN] PackLoader:240 - Cannot read IP mode file for STMicroelectronics.X-CUBE-EEPRMA1.5.2.0
2026-04-07 21:26:01,706 [WARN] PackLoader:240 - Cannot read IP mode file for STMicroelectronics.X-CUBE-ST67W61.1.1.0
2026-04-07 21:26:01,710 [WARN] PackLoader:240 - Cannot read IP mode file for STMicroelectronics.X-CUBE-AI.10.1.0
2026-04-07 21:26:01,764 [WARN] PackLoader:240 - Cannot read IP mode file for STMicroelectronics.X-CUBE-MEMS1.12.0.0
2026-04-07 21:26:01,894 [WARN] PackLoader:240 - Cannot read IP mode file for STMicroelectronics.X-CUBE-MEMS1.11.2.0
2026-04-07 21:26:02,146 [WARN] PackLoader:240 - Cannot read IP mode file for STMicroelectronics.X-CUBE-AZRTOS-G0.1.1.0
2026-04-07 21:26:02,190 [WARN] PackLoader:240 - Cannot read IP mode file for STMicroelectronics.X-CUBE-SAFEA1.1.2.2
2026-04-07 21:26:02,200 [WARN] PackLoader:240 - Cannot read IP mode file for STMicroelectronics.X-CUBE-NFC4.3.0.0
2026-04-07 21:26:02,216 [WARN] PackLoader:240 - Cannot read IP mode file for EmbeddedOffice.I-CUBE-FS-RTOS.1.0.1
2026-04-07 21:26:02,223 [WARN] PackLoader:240 - Cannot read IP mode file for STMicroelectronics.X-CUBE-WB05N.2.0.0
2026-04-07 21:26:02,229 [WARN] PackLoader:240 - Cannot read IP mode file for wolfSSL.I-CUBE-wolfTPM.3.8.0
2026-04-07 21:26:02,233 [WARN] PackLoader:240 - Cannot read IP mode file for STMicroelectronics.X-CUBE-TCPP.4.2.0
2026-04-07 21:26:02,237 [WARN] PackLoader:240 - Cannot read IP mode file for RealThread.X-CUBE-RT-Thread_Nano.4.1.1
2026-04-07 21:26:02,240 [WARN] PackLoader:240 - Cannot read IP mode file for STMicroelectronics.FP-ATR-SIGFOX1.3.2.0
2026-04-07 21:26:02,248 [WARN] PackLoader:240 - Cannot read IP mode file for STMicroelectronics.X-CUBE-EEPRMA1.5.1.0
2026-04-07 21:26:02,254 [WARN] PackLoader:240 - Cannot read IP mode file for STMicroelectronics.X-CUBE-FREERTOS.1.5.0
2026-04-07 21:26:02,257 [WARN] PackLoader:240 - Cannot read IP mode file for wolfSSL.I-CUBE-wolfSSL.5.7.6
2026-04-07 21:26:02,263 [WARN] PackLoader:240 - Cannot read IP mode file for ITTIA_DB.I-CUBE-ITTIADB.8.9.0
2026-04-07 21:26:02,271 [WARN] PackLoader:240 - Cannot read IP mode file for STMicroelectronics.X-CUBE-NFC6.3.2.0
2026-04-07 21:26:02,291 [WARN] PackLoader:240 - Cannot read IP mode file for STMicroelectronics.X-CUBE-ST67W61.1.0.0
2026-04-07 21:26:02,301 [WARN] PackLoader:240 - Cannot read IP mode file for STMicroelectronics.X-CUBE-AI.10.2.0
2026-04-07 21:26:02,340 [WARN] PackLoader:240 - Cannot read IP mode file for SEGGER.I-CUBE-embOS.1.3.1
2026-04-07 21:26:02,363 [WARN] PackLoader:240 - Cannot read IP mode file for STMicroelectronics.X-CUBE-ALGOBUILD.1.4.0
2026-04-07 21:26:02,419 [WARN] PackLoader:240 - Cannot read IP mode file for STMicroelectronics.X-CUBE-MEMS1.11.3.0
2026-04-07 21:26:02,476 [WARN] PackLoader:240 - Cannot read IP mode file for STMicroelectronics.X-CUBE-PM33A1.1.0.0
2026-04-07 21:26:02,492 [WARN] PackLoader:240 - Cannot read IP mode file for STMicroelectronics.X-CUBE-AZRTOS-F4.1.1.0
2026-04-07 21:26:02,498 [WARN] PackLoader:240 - Cannot read IP mode file for Avnet-IotConnect.X-CUBE-IoTC-DA16k-PMOD.1.0.0
2026-04-07 21:26:02,502 [WARN] PackLoader:240 - Cannot read IP mode file for STMicroelectronics.X-CUBE-ISPU.2.1.0
2026-04-07 21:26:02,510 [WARN] PackLoader:240 - Cannot read IP mode file for STMicroelectronics.X-CUBE-IPS.3.2.0
2026-04-07 21:26:02,515 [WARN] PackLoader:240 - Cannot read IP mode file for STMicroelectronics.eDS-WB_DPC_TT-BIDIR.2.1.1
2026-04-07 21:26:02,520 [WARN] PackLoader:240 - Cannot read IP mode file for STMicroelectronics.X-CUBE-NFC12.1.0.0
2026-04-07 21:26:02,536 [WARN] PackLoader:240 - Cannot read IP mode file for STMicroelectronics.X-CUBE-AZRTOS-L5.2.0.0
2026-04-07 21:26:02,547 [WARN] PackLoader:240 - Cannot read IP mode file for STMicroelectronics.X-CUBE-NFC6.3.1.0
2026-04-07 21:26:02,553 [WARN] PackLoader:240 - Cannot read IP mode file for STMicroelectronics.eDS-WB_DPC_VIENNA.1.2.0
2026-04-07 21:26:02,554 [WARN] PackLoader:240 - Cannot read IP mode file for STMicroelectronics.eDS-WB_DPC_3PH2L-BIDIR.1.1.1
2026-04-07 21:26:02,557 [WARN] PackLoader:240 - Cannot read IP mode file for STMicroelectronics.X-CUBE-FREERTOS.1.3.1
2026-04-07 21:26:02,560 [WARN] PackLoader:240 - Cannot read IP mode file for STMicroelectronics.X-CUBE-FREERTOS.1.3.0
2026-04-07 21:26:02,565 [WARN] PackLoader:240 - Cannot read IP mode file for STMicroelectronics.X-CUBE-NFC7.1.0.1
2026-04-07 21:26:02,570 [WARN] PackLoader:240 - Cannot read IP mode file for STMicroelectronics.X-CUBE-TOUCHGFX.4.26.0
2026-04-07 21:26:02,572 [WARN] PackLoader:240 - Cannot read IP mode file for STMicroelectronics.X-CUBE-TOUCHGFX.4.26.1
2026-04-07 21:26:02,574 [WARN] PackLoader:240 - Cannot read IP mode file for STMicroelectronics.FP-SNS-STAIOTCFT.1.0.0
2026-04-07 21:26:02,582 [WARN] PackLoader:240 - Cannot read IP mode file for STMicroelectronics.X-CUBE-DPower.1.3.0
2026-04-07 21:26:02,598 [WARN] ConditionMgr:438 - getConditionDescription Invalid condition id : LAN8742 Phy interface Condition cause : null
2026-04-07 21:26:02,599 [WARN] PackLoader:240 - Cannot read IP mode file for STMicroelectronics.X-CUBE-AZRTOS-L4.2.0.0
2026-04-07 21:26:02,601 [WARN] ConditionMgr:1044 - genDependencies : Invalid condition id : LAN8742 Phy interface Condition cause : null
2026-04-07 21:26:02,602 [WARN] ConditionMgr:1044 - genDependencies : Invalid condition id : LAN8742 Phy interface Condition cause : null
2026-04-07 21:26:02,603 [WARN] ConditionMgr:1044 - genDependencies : Invalid condition id : LAN8742 Phy interface Condition cause : null
2026-04-07 21:26:02,608 [WARN] PackLoader:240 - Cannot read IP mode file for STMicroelectronics.X-CUBE-SFXS2LP1.4.0.0
2026-04-07 21:26:02,614 [WARN] PackLoader:240 - Cannot read IP mode file for STMicroelectronics.X-CUBE-ST67W61.1.2.0
2026-04-07 21:26:02,632 [WARN] PackLoader:240 - Cannot read IP mode file for STMicroelectronics.X-CUBE-AZRTOS-H7.3.3.0
2026-04-07 21:26:02,653 [WARN] PackLoader:240 - Cannot read IP mode file for STMicroelectronics.X-CUBE-BLEMGR.4.1.0
2026-04-07 21:26:02,668 [WARN] ConditionMgr:438 - getConditionDescription Invalid condition id : UX DEVICE CLASS RTOS Condition cause : null
2026-04-07 21:26:02,668 [WARN] ConditionMgr:438 - getConditionDescription Invalid condition id : UX DEVICE CLASS RTOS Condition cause : null
2026-04-07 21:26:02,671 [WARN] PackLoader:240 - Cannot read IP mode file for STMicroelectronics.X-CUBE-AZRTOS-WB.2.0.0
2026-04-07 21:26:02,671 [WARN] ConditionMgr:1044 - genDependencies : Invalid condition id : UX DEVICE CLASS RTOS Condition cause : null
2026-04-07 21:26:02,672 [WARN] ConditionMgr:1044 - genDependencies : Invalid condition id : UX DEVICE CLASS RTOS Condition cause : null
2026-04-07 21:26:02,672 [WARN] ConditionMgr:1044 - genDependencies : Invalid condition id : UX DEVICE CLASS RTOS Condition cause : null
2026-04-07 21:26:02,672 [WARN] ConditionMgr:1044 - genDependencies : Invalid condition id : UX DEVICE CLASS RTOS Condition cause : null
2026-04-07 21:26:02,672 [WARN] ConditionMgr:1044 - genDependencies : Invalid condition id : UX DEVICE CLASS RTOS Condition cause : null
2026-04-07 21:26:02,694 [WARN] PackLoader:240 - Cannot read IP mode file for STMicroelectronics.X-CUBE-GNSS1.7.0.1
2026-04-07 21:26:02,697 [WARN] PackLoader:240 - Cannot read IP mode file for STMicroelectronics.X-CUBE-TOUCHGFX.4.25.0
2026-04-07 21:26:02,701 [WARN] PackLoader:240 - Cannot read IP mode file for STMicroelectronics.FP-SNS-STBOX1.2.0.0
2026-04-07 21:26:02,708 [WARN] PackLoader:240 - Cannot read IP mode file for STMicroelectronics.X-CUBE-STSE01.2.0.0
2026-04-07 21:26:02,720 [WARN] PackLoader:240 - Cannot read IP mode file for STMicroelectronics.X-CUBE-SUBG2.5.0.0
2026-04-07 21:26:02,742 [WARN] PackLoader:240 - Cannot read IP mode file for STMicroelectronics.X-CUBE-AZRTOS-H7RS.1.1.0
2026-04-07 21:26:02,749 [WARN] PackLoader:240 - Cannot read IP mode file for Cesanta.I-CUBE-Mongoose.7.13.0
2026-04-07 21:26:02,761 [WARN] PackLoader:240 - Cannot read IP mode file for STMicroelectronics.X-CUBE-AZRTOS-G4.2.0.0
2026-04-07 21:26:02,765 [WARN] PackLoader:240 - Cannot read IP mode file for wolfSSL.I-CUBE-wolfSSH.1.4.20
2026-04-07 21:26:02,768 [WARN] PackLoader:240 - Cannot read IP mode file for STMicroelectronics.X-CUBE-NFC7.2.0.0
2026-04-07 21:26:02,776 [WARN] PackLoader:240 - Cannot read IP mode file for STMicroelectronics.X-CUBE-IPS.3.1.0
2026-04-07 21:26:02,781 [WARN] PackLoader:240 - Cannot read IP mode file for STMicroelectronics.X-CUBE-ALS.1.0.2
2026-04-07 21:26:02,787 [WARN] PackLoader:240 - Cannot read IP mode file for STMicroelectronics.X-CUBE-STSE01.1.0.0
2026-04-07 21:26:02,793 [WARN] PackLoader:240 - Cannot read IP mode file for portGmbH.I-Cube-SoM-uGOAL.1.1.0
2026-04-07 21:26:02,802 [WARN] PackLoader:240 - Cannot read IP mode file for STMicroelectronics.X-CUBE-TOF1.3.4.3
2026-04-07 21:26:02,822 [INFO] ThirdParty:978 - Integrity check success = true
2026-04-07 21:26:02,822 [INFO] IntegrityCheckThread:100 - exiting critical section [integrity check]
2026-04-07 21:26:02,822 [INFO] IntegrityCheckThread:103 - End integrity checks thread
2026-04-07 21:26:02,822 [INFO] ThirdParty:873 - entering critical section [close project]
2026-04-07 21:26:02,823 [INFO] ThirdParty:883 - exiting critical section [close project]
2026-04-07 21:26:02,855 [INFO] PinOutPanel:1589 - setPackage(No Configuration,No Configuration)
2026-04-07 21:26:02,865 [INFO] UtilMem:75 - Begin LoadConfig() Used Memory: 233616536 Bytes (268435456)
2026-04-07 21:26:02,869 [INFO] MicroXplorer:468 - Change Database Path : 
2026-04-07 21:26:02,870 [INFO] MicroXplorer:498 - Change Database Version : DB.6.0.150
2026-04-07 21:26:02,870 [INFO] OpenFileManager:355 - Change cursor
2026-04-07 21:26:02,944 [INFO] Mcu:2029 - Initializing MCU STM32F042F6Px STM32F042F6Px STM32F042F6P6TR
2026-04-07 21:26:04,104 [INFO] Context:786 - Trying to add GPIOservice into a context  which must be forbidden
2026-04-07 21:26:04,484 [INFO] ImportTextPane:234 - (OptionalMessage_ERROR) Pin0 (VP_RIF_VS_RIF1) cannot be retrieved for this MCU
2026-04-07 21:26:04,612 [INFO] RtosManager:558 - Registered RTOS mode: class=CMSIS, group=RTOS, mode=CMSIS_V1, owner=FREERTOS
2026-04-07 21:26:04,612 [INFO] RtosManager:558 - Registered RTOS mode: class=CMSIS, group=RTOS2, mode=CMSIS_V2, owner=FREERTOS
2026-04-07 21:26:04,612 [INFO] RtosManager:558 - Registered RTOS mode: class=RTOS, group=Core, mode=CMSIS_V1, owner=FREERTOS
2026-04-07 21:26:04,612 [INFO] RtosManager:558 - Registered RTOS mode: class=RTOS, group=Core, mode=CMSIS_V2, owner=FREERTOS
2026-04-07 21:26:04,613 [WARN] ModelIntegratedComponent:184 - Missing modes for component STMicroelectronics:FreeRTOS:0.0.1:STMicroelectronics:RTOS:FreeRTOS:Core:::10.2.0:
2026-04-07 21:26:04,621 [WARN] ModelIntegratedComponent:63 - No mode defined for component null
2026-04-07 21:26:04,621 [WARN] ModelIntegratedComponent:63 - No mode defined for component null
2026-04-07 21:26:04,621 [WARN] ModelIntegratedComponent:63 - No mode defined for component null
2026-04-07 21:26:04,621 [WARN] ModelIntegratedComponent:63 - No mode defined for component null
2026-04-07 21:26:04,621 [WARN] ModelIntegratedComponent:63 - No mode defined for component null
2026-04-07 21:26:04,621 [WARN] ModelIntegratedComponent:63 - No mode defined for component null
2026-04-07 21:26:04,621 [WARN] ModelIntegratedComponent:63 - No mode defined for component null
2026-04-07 21:26:04,621 [WARN] ModelIntegratedComponent:63 - No mode defined for component null
2026-04-07 21:26:04,621 [WARN] ModelIntegratedComponent:63 - No mode defined for component null
2026-04-07 21:26:04,621 [WARN] ModelIntegratedComponent:63 - No mode defined for component null
2026-04-07 21:26:04,621 [WARN] ModelIntegratedComponent:63 - No mode defined for component null
2026-04-07 21:26:04,621 [WARN] ModelIntegratedComponent:63 - No mode defined for component null
2026-04-07 21:26:04,621 [WARN] ModelIntegratedComponent:63 - No mode defined for component null
2026-04-07 21:26:04,621 [WARN] ModelIntegratedComponent:63 - No mode defined for component null
2026-04-07 21:26:04,621 [WARN] ModelIntegratedComponent:63 - No mode defined for component null
2026-04-07 21:26:04,621 [WARN] ModelIntegratedComponent:63 - No mode defined for component null
2026-04-07 21:26:04,622 [WARN] ModelIntegratedComponent:63 - No mode defined for component null
2026-04-07 21:26:04,622 [WARN] ModelIntegratedComponent:63 - No mode defined for component null
2026-04-07 21:26:04,622 [WARN] ModelIntegratedComponent:63 - No mode defined for component null
2026-04-07 21:26:04,622 [WARN] ModelIntegratedComponent:63 - No mode defined for component null
2026-04-07 21:26:04,622 [WARN] ModelIntegratedComponent:63 - No mode defined for component null
2026-04-07 21:26:04,622 [WARN] ModelIntegratedComponent:63 - No mode defined for component null
2026-04-07 21:26:04,622 [WARN] ModelIntegratedComponent:63 - No mode defined for component null
2026-04-07 21:26:04,622 [WARN] ModelIntegratedComponent:63 - No mode defined for component null
2026-04-07 21:26:04,622 [WARN] ModelIntegratedComponent:63 - No mode defined for component null
2026-04-07 21:26:04,622 [WARN] ModelIntegratedComponent:63 - No mode defined for component null
2026-04-07 21:26:04,622 [WARN] ModelIntegratedComponent:63 - No mode defined for component null
2026-04-07 21:26:04,622 [WARN] ModelIntegratedComponent:63 - No mode defined for component null
2026-04-07 21:26:04,622 [WARN] ModelIntegratedComponent:63 - No mode defined for component null
2026-04-07 21:26:04,622 [WARN] ModelIntegratedComponent:63 - No mode defined for component null
2026-04-07 21:26:04,622 [WARN] ModelIntegratedComponent:63 - No mode defined for component null
2026-04-07 21:26:04,622 [WARN] ModelIntegratedComponent:63 - No mode defined for component null
2026-04-07 21:26:04,622 [WARN] ModelIntegratedComponent:63 - No mode defined for component null
2026-04-07 21:26:04,622 [WARN] ModelIntegratedComponent:63 - No mode defined for component null
2026-04-07 21:26:04,622 [WARN] ModelIntegratedComponent:63 - No mode defined for component null
2026-04-07 21:26:04,623 [WARN] ModelPack:524 - Component already loaded: STMicroelectronics:HAL Drivers:0.0.0:STMicroelectronics:Device:STMicro_Driver:XSPI:HAL::0.0.1:HAL_XSPI
2026-04-07 21:26:04,812 [INFO] ThirdPartyModel:298 - Start build external matchings
2026-04-07 21:26:05,319 [INFO] ThirdPartyModel:316 - End build external matchings
2026-04-07 21:26:05,960 [INFO] ApiDb:581 - Connected to CubeFinder SQLite database (/Users/jaspertan/.stmcufinder/plugins/mcufinder/mcu/cube-finder-db.db)
2026-04-07 21:26:05,996 [INFO] ApiDb:668 - CubeFinder database Data Model version=2.1
2026-04-07 21:26:05,996 [INFO] ApiDb:669 - CubeFinder database Configuration version=3.0.42
2026-04-07 21:26:05,998 [INFO] ApiDb:670 - CubeFinder database generation date=2026-03-11 (1773229989)
2026-04-07 21:26:05,998 [INFO] ApiDb:671 - CubeFinder database FW Pack versions=[FP-ATR-ASTRA1_V2.0.0, FP-SNS-FLIGHT1_V5.1.0, FP-SNS-MOTENV1_V5.1.0, FP-SNS-MOTENVWB1_V1.5.0, FP-SNS-SMARTAG2_V1.2.0, FP-SNS-STBOX1_V2.1.0, STM32Cube_FW_C0_V1.4.0, STM32Cube_FW_F4_V1.28.3, STM32Cube_FW_F7_V1.17.4, STM32Cube_FW_G0_V1.6.3, STM32Cube_FW_G4_V1.6.2, STM32Cube_FW_H5_V1.6.0, STM32Cube_FW_H7RS_V1.3.0, STM32Cube_FW_H7_V1.13.0, STM32Cube_FW_L0_V1.12.2, STM32Cube_FW_L4_V1.18.2, STM32Cube_FW_L5_V1.6.0, STM32Cube_FW_N6_V1.3.0, STM32Cube_FW_U0_V1.3.0, STM32Cube_FW_U3_V1.3.0, STM32Cube_FW_U5_V1.8.0, STM32Cube_FW_WB0_V1.4.0, STM32Cube_FW_WBA_V1.9.0, STM32Cube_FW_WB_V1.24.0, STM32Cube_FW_WL3_V1.4.0, STM32Cube_FW_WL_V1.5.0, X-CUBE-ALGOBUILD_V1.4.0, X-CUBE-ALS_V1.0.2, X-CUBE-AZRTOS-F4_V1.1.0, X-CUBE-AZRTOS-F7_V1.1.0, X-CUBE-AZRTOS-G0_V1.1.0, X-CUBE-AZRTOS-G4_V2.0.0, X-CUBE-AZRTOS-H7RS_V1.1.0, X-CUBE-AZRTOS-H7_V3.4.0, X-CUBE-AZRTOS-L4_V2.0.0, X-CUBE-AZRTOS-L5_V2.0.0, X-CUBE-AZRTOS-WB_V2.0.0, X-CUBE-AZRTOS-WL_V2.0.0, X-CUBE-BLE1_V7.1.0, X-CUBE-BLE2_V3.3.0, X-CUBE-BLEMGR_V4.1.0, X-CUBE-EEPRMA1_V5.2.0, X-CUBE-FREERTOS_V1.5.0, X-CUBE-GNSS1_V6.0.0, X-CUBE-MEMS1_V12.0.0, X-CUBE-NFC4_V3.0.0, X-CUBE-NFC7_V2.0.0, X-CUBE-SFXS2LP1_V4.0.0, X-CUBE-ST67W61_V1.2.0, X-CUBE-SUBG2_V5.0.0, X-CUBE-TOF1_V3.4.3]
2026-04-07 21:26:06,098 [INFO] DbBoardsSqlite:226 - include board P-NUCLEO-WB55-NUCLEO as a kit item of type 'Nucleo-64'
2026-04-07 21:26:06,098 [INFO] DbBoardsSqlite:226 - include board P-NUCLEO-WB55-USBDONGLE as a kit item of type 'Nucleo USB Dongle'
2026-04-07 21:26:06,099 [INFO] DbBoardsSqlite:226 - include board STEVAL-IDP005V1 as a kit item of type 'Evaluation Board'
2026-04-07 21:26:06,099 [INFO] DbBoardsSqlite:226 - include board STEVAL-IDP005V2 as a kit item of type 'Evaluation Board'
2026-04-07 21:26:06,299 [INFO] ApiDb:240 - Found 880 in-development CPN: [B-G473E-ZEST1S, B-WB1M-WPAN1, B-WBA5M-WPAN, B-WL5M-SUBG1, NUCLEO-C031C6, NUCLEO-C051C8, NUCLEO-C071RB, NUCLEO-C092RC, NUCLEO-H503RB, NUCLEO-H533RE, NUCLEO-H563ZI, NUCLEO-H7S3L8, NUCLEO-N657X0-Q, NUCLEO-U031R8, NUCLEO-U083RC, NUCLEO-U385RG-Q, NUCLEO-U545RE-Q, NUCLEO-U5A5ZJ-Q, NUCLEO-WB05KZ, NUCLEO-WB07CC, NUCLEO-WB09KE, NUCLEO-WBA52CG, NUCLEO-WBA55CG, NUCLEO-WL33CC1, NUCLEO-WL33CC2, STEVAL-PROTEUS1, STEVAL-SMARTAG2, STEVAL-STWINBX1, STM320518-EVAL, STM32C0116-DK, STM32C011D6Y3TR, STM32C011D6Y6TR, STM32C011F4P3, STM32C011F4P6, STM32C011F4U3, STM32C011F4U6TR, STM32C011F6P3, STM32C011F6P6, STM32C011F6U3, STM32C011F6U6TR, STM32C011J4M3, STM32C011J4M6, STM32C011J6M3, STM32C011J6M6, STM32C0316-DK, STM32C031C4T3, STM32C031C4T6, STM32C031C4U3, STM32C031C4U6, STM32C031C6T3, STM32C031C6T6, STM32C031C6U3, STM32C031C6U6, STM32C031F4P3, STM32C031F4P6, STM32C031F6P3, STM32C031F6P6, STM32C031G4U3, STM32C031G4U6, STM32C031G6U3, STM32C031G6U6, STM32C031K4T3, STM32C031K4T6, STM32C031K4U3, STM32C031K4U6, STM32C031K6T3, STM32C031K6T6, STM32C031K6U3, STM32C031K6U6, STM32C051C6T6, STM32C051C6U6, STM32C051C8T6, STM32C051C8U6, STM32C051D8Y6TR, STM32C051F6P6, STM32C051F8P6, STM32C051G6U6, STM32C051G8U6, STM32C051K6T6, STM32C051K6U6, STM32C051K8T6, STM32C071C8T6, STM32C071C8T6N, STM32C071C8U6, STM32C071C8U6N, STM32C071CBT6, STM32C071CBT6N, STM32C071CBU6, STM32C071CBU6N, STM32C071F8P6, STM32C071F8P6N, STM32C071FBP6, STM32C071FBP6N, STM32C071FBY6TR, STM32C071G8U6, STM32C071G8U6N, STM32C071GBU6, STM32C071GBU6N, STM32C071K8T6, STM32C071K8T6N, STM32C071K8U6, STM32C071K8U6N, STM32C071KBT6, STM32C071KBT6N, STM32C071KBU6, STM32C071KBU6N, STM32C071R8T6, STM32C071R8T6N, STM32C071RBI6N, STM32C071RBT6, STM32C071RBT6N, STM32C091CBT6, STM32C091CBU6, STM32C091CCT6, STM32C091CCU6, STM32C091ECY6TR, STM32C091FBP6, STM32C091FCP6, STM32C091GBU6, STM32C091GCU6, STM32C091KBT6, STM32C091KBU6, STM32C091KCT6, STM32C091KCU6, STM32C091RBT6, STM32C091RCI6, STM32C091RCT6, STM32C092CBT6, STM32C092CBU6, STM32C092CCT6, STM32C092CCU6, STM32C092ECY6TR, STM32C092FBP6, STM32C092FCP6, STM32C092GBU6, STM32C092GCU6, STM32C092KBT6, STM32C092KBU6, STM32C092KCT6, STM32C092KCU6, STM32C092RBT6, STM32C092RCI6, STM32C092RCT6, STM32G071K8TXN, STM32G071K8UXN, STM32G081GBU6N, STM32G081KBT6N, STM32G081KBUXN, STM32G0B1CCT6N, STM32G0B1KCT6, STM32G0B1NEY6TR, STM32G0B1RCT6N, STM32G0C1CCT6, STM32G0C1CCT6N, STM32G0C1CCU6N, STM32G0C1CET6N, STM32G0C1CEU6N, STM32G0C1KCT6, STM32G0C1NEY6TR, STM32G0C1RCI6N, STM32G0C1RCT6N, STM32G0C1REI6N, STM32G0C1RET6N, STM32G0C1VCI6, STM32G0C1VEI6, STM32G411C6T3, STM32G411C6T6, STM32G411C6U3, STM32G411C6U6, STM32G411C8T3, STM32G411C8T6, STM32G411C8U3, STM32G411C8U6, STM32G411CBT3, STM32G411CBT6, STM32G411CBU3, STM32G411CBU6, STM32G411K6T3, STM32G411K6T6, STM32G411K6U3, STM32G411K6U6, STM32G411K8T3, STM32G411K8T6, STM32G411K8U3, STM32G411K8U6, STM32G411KBT3, STM32G411KBT6, STM32G411KBU3, STM32G411KBU6, STM32G411M6T3, STM32G411M6T6, STM32G411M8T3, STM32G411M8T6, STM32G411MBT3, STM32G411MBT6, STM32G411R6T3, STM32G411R6T6, STM32G411R8T3, STM32G411R8T6, STM32G411RBT3, STM32G411RBT6, STM32G414CBT3, STM32G414CBT6, STM32G414CBU3, STM32G414CBU6, STM32G414CCT3, STM32G414CCT6, STM32G414CCU3, STM32G414CCU6, STM32G414MBT3, STM32G414MBT6, STM32G414MCT3, STM32G414MCT6, STM32G414RBT3, STM32G414RBT6, STM32G414RCT3, STM32G414RCT6, STM32G414VBT3, STM32G414VBT6, STM32G414VCT3, STM32G414VCT6, STM32G431CBT3Z, STM32G431RBT3Z, STM32G471CCT6, STM32G471CCU6, STM32G471CET3, STM32G471CET6, STM32G471CEU3, STM32G471CEU6, STM32G471MCT6, STM32G471MET3, STM32G471MET6, STM32G471MEY6TR, STM32G471QCT6, STM32G471QET3, STM32G471RCT6, STM32G471RET3, STM32G471RET6, STM32G471VCH6, STM32G471VCI6, STM32G471VCT6, STM32G471VEH3, STM32G471VEH6, STM32G471VEI3, STM32G471VEI6, STM32G471VET3, STM32G471VET6, STM32G473QET3Z, STM32G473RET3Z, STM32G474CCT6, STM32G491RET3Z, STM32H503CBT6, STM32H503CBU6, STM32H503EBY6TR, STM32H503KBU6, STM32H503RBT6, STM32H523CCT6, STM32H523CCU6, STM32H523CET6, STM32H523CEU6, STM32H523HEY6TR, STM32H523RCT6, STM32H523RET6, STM32H523VCI6, STM32H523VCT6, STM32H523VEI6, STM32H523VET6, STM32H523ZCJ6, STM32H523ZCT6, STM32H523ZEJ6, STM32H523ZET6, STM32H533CET6, STM32H533CEU6, STM32H533HEY6TR, STM32H533RET6, STM32H533VEI6, STM32H533VET6, STM32H533ZEJ6, STM32H533ZET6, STM32H562AGI6, STM32H562AII6, STM32H562IGK6, STM32H562IGT6, STM32H562IIK6, STM32H562IIT6, STM32H562RGT6, STM32H562RGV6, STM32H562RIT6, STM32H562RIV6, STM32H562VGT6, STM32H562VIT6, STM32H562ZGT6, STM32H562ZIT6, STM32H563AGI6, STM32H563AII3Q, STM32H563AII6, STM32H563IGK6, STM32H563IGT6, STM32H563IIK3Q, STM32H563IIK6, STM32H563IIT3Q, STM32H563IIT6, STM32H563MIY3QTR, STM32H563RGT6, STM32H563RGV6, STM32H563RIT6, STM32H563RIV6, STM32H563VGT6, STM32H563VIT3Q, STM32H563VIT6, STM32H563ZGT6, STM32H563ZIT3Q, STM32H563ZIT6, STM32H573AII3Q, STM32H573AII6, STM32H573I-DK, STM32H573IIK3Q, STM32H573IIK6, STM32H573IIT3Q, STM32H573IIT6, STM32H573MIY3QTR, STM32H573RIT6, STM32H573RIV6, STM32H573VIT3Q, STM32H573VIT6, STM32H573ZIT3Q, STM32H573ZIT6, STM32H7R3A8I6, STM32H7R3I8K6, STM32H7R3I8T6, STM32H7R3L8H6, STM32H7R3L8H6H, STM32H7R3R8V6, STM32H7R3V8H6, STM32H7R3V8T6, STM32H7R3V8Y6TR, STM32H7R3Z8J6, STM32H7R3Z8T6, STM32H7R7A8I6, STM32H7R7I8K6, STM32H7R7I8T6, STM32H7R7L8H6, STM32H7R7L8H6H, STM32H7R7Z8J6, STM32H7S3A8I6, STM32H7S3I8K6, STM32H7S3I8T6, STM32H7S3L8H6, STM32H7S3L8H6H, STM32H7S3R8V6, STM32H7S3V8H6, STM32H7S3V8T6, STM32H7S3V8Y6TR, STM32H7S3Z8J6, STM32H7S3Z8T6, STM32H7S78-DK, STM32H7S7A8I6, STM32H7S7I8K6, STM32H7S7I8T6, STM32H7S7L8H6, STM32H7S7L8H6H, STM32H7S7Z8J6, STM32L4R5QGI6STR, STM32MP131AAE3, STM32MP131AAF3, STM32MP131AAG3, STM32MP131CAE3, STM32MP131CAF3, STM32MP131CAG3, STM32MP131DAE7, STM32MP131DAF7, STM32MP131DAG7, STM32MP131FAE7, STM32MP131FAF7, STM32MP131FAG7, STM32MP133AAE3, STM32MP133AAF3, STM32MP133AAG3, STM32MP133CAE3, STM32MP133CAF3, STM32MP133CAG3, STM32MP133DAE7, STM32MP133DAF7, STM32MP133DAG7, STM32MP133FAE7, STM32MP133FAF7, STM32MP133FAG7, STM32MP135AAE3, STM32MP135AAF3, STM32MP135AAG3, STM32MP135CAE3, STM32MP135CAF3, STM32MP135CAG3, STM32MP135DAE7, STM32MP135DAF7, STM32MP135DAG7, STM32MP135F-DK, STM32MP135FAE7, STM32MP135FAF7, STM32MP135FAF7T, STM32MP135FAF7U, STM32MP135FAG7, STM32MP211AAL3, STM32MP211AAM3, STM32MP211AAN3, STM32MP211AAO3, STM32MP211CAL3, STM32MP211CAM3, STM32MP211CAN3, STM32MP211CAO3, STM32MP211DAL3, STM32MP211DAM3, STM32MP211DAN3, STM32MP211DAO3, STM32MP211FAL3, STM32MP211FAM3, STM32MP211FAN3, STM32MP211FAO3, STM32MP213AAL3, STM32MP213AAM3, STM32MP213AAN3, STM32MP213AAO3, STM32MP213CAL3, STM32MP213CAM3, STM32MP213CAN3, STM32MP213CAO3, STM32MP213DAL3, STM32MP213DAM3, STM32MP213DAN3, STM32MP213DAO3, STM32MP213FAL3, STM32MP213FAM3, STM32MP213FAN3, STM32MP213FAO3, STM32MP215AAL3, STM32MP215AAM3, STM32MP215AAN3, STM32MP215AAO3, STM32MP215CAL3, STM32MP215CAM3, STM32MP215CAN3, STM32MP215CAO3, STM32MP215DAL3, STM32MP215DAM3, STM32MP215DAN3, STM32MP215DAO3, STM32MP215F-DK, STM32MP215FAL3, STM32MP215FAM3, STM32MP215FAN3, STM32MP215FAO3, STM32MP231AAJ3, STM32MP231AAK3, STM32MP231AAL3, STM32MP231CAJ3, STM32MP231CAK3, STM32MP231CAL3, STM32MP231DAJ3, STM32MP231DAK3, STM32MP231DAL3, STM32MP231FAJ3, STM32MP231FAK3, STM32MP231FAL3, STM32MP233AAJ3, STM32MP233AAK3, STM32MP233AAL3, STM32MP233CAJ3, STM32MP233CAK3, STM32MP233CAL3, STM32MP233DAJ3, STM32MP233DAK3, STM32MP233DAL3, STM32MP233FAJ3, STM32MP233FAK3, STM32MP233FAL3, STM32MP235AAJ3, STM32MP235AAK3, STM32MP235AAL3, STM32MP235CAJ3, STM32MP235CAK3, STM32MP235CAL3, STM32MP235DAJ3, STM32MP235DAK3, STM32MP235DAL3, STM32MP235FAJ3, STM32MP235FAK3, STM32MP235FAL3, STM32MP251AAI3, STM32MP251AAK3, STM32MP251AAL3, STM32MP251CAI3, STM32MP251CAK3, STM32MP251CAL3, STM32MP251DAI3, STM32MP251DAK3, STM32MP251DAL3, STM32MP251FAI3, STM32MP251FAK3, STM32MP251FAL3, STM32MP253AAI3, STM32MP253AAK3, STM32MP253AAL3, STM32MP253CAI3, STM32MP253CAK3, STM32MP253CAL3, STM32MP253DAI3, STM32MP253DAK3, STM32MP253DAL3, STM32MP253FAI3, STM32MP253FAK3, STM32MP253FAL3, STM32MP255AAI3, STM32MP255AAK3, STM32MP255AAL3, STM32MP255CAI3, STM32MP255CAK3, STM32MP255CAL3, STM32MP255DAI3, STM32MP255DAK3, STM32MP255DAL3, STM32MP255FAI3, STM32MP255FAK3, STM32MP255FAL3, STM32MP257AAI3, STM32MP257AAK3, STM32MP257AAL3, STM32MP257CAI3, STM32MP257CAK3, STM32MP257CAL3, STM32MP257DAI3, STM32MP257DAK3, STM32MP257DAL3, STM32MP257F-DK, STM32MP257F-EV1, STM32MP257FAI3, STM32MP257FAK3, STM32MP257FAL3, STM32N645A0H3Q, STM32N645B0H3Q, STM32N645I0H3Q, STM32N645L0H3Q, STM32N645X0H3Q, STM32N645Z0H3Q, STM32N647A0H3Q, STM32N647B0H3Q, STM32N647I0H3Q, STM32N647L0H3Q, STM32N647X0H3Q, STM32N647Z0H3Q, STM32N655A0H3Q, STM32N655B0H3Q, STM32N655I0H3Q, STM32N655L0H3Q, STM32N655X0H3Q, STM32N655Z0H3Q, STM32N6570-DK, STM32N657A0H3Q, STM32N657B0H3Q, STM32N657I0H3Q, STM32N657L0H3Q, STM32N657X0H3Q, STM32N657Z0H3Q, STM32U031C6T6, STM32U031C6U6, STM32U031C8T6, STM32U031C8U6, STM32U031F4P6, STM32U031F6P6, STM32U031F8P6, STM32U031G6Y6TR, STM32U031G8Y6TR, STM32U031K4U6, STM32U031K6U6, STM32U031K8U6, STM32U031R6I6, STM32U031R6T6, STM32U031R8I6, STM32U031R8T6, STM32U073C8T6, STM32U073C8U6, STM32U073CBT6, STM32U073CBU6, STM32U073CCT6, STM32U073CCU6, STM32U073H8Y6TR, STM32U073HBY6TR, STM32U073HCY6TR, STM32U073K8U6, STM32U073KBU6, STM32U073KCU6, STM32U073M8I6, STM32U073M8T6, STM32U073MBI6, STM32U073MBT6, STM32U073MCI6, STM32U073MCT6, STM32U073R8I6, STM32U073R8T6, STM32U073RBI6, STM32U073RBT6, STM32U073RCI6, STM32U073RCT6, STM32U083C-DK, STM32U083CCT6, STM32U083CCU6, STM32U083HCY6TR, STM32U083KCU6, STM32U083MCI6, STM32U083MCT6, STM32U083RCI6, STM32U083RCT6, STM32U375CET6, STM32U375CET6Q, STM32U375CEU6, STM32U375CEU6Q, STM32U375CEY6QTR, STM32U375CGT6, STM32U375CGT6Q, STM32U375CGU6, STM32U375CGU6Q, STM32U375CGY6QTR, STM32U375KEU6, STM32U375KGU6, STM32U375REI6, STM32U375REI6Q, STM32U375RET6, STM32U375RET6Q, STM32U375REY6GTR, STM32U375REY6QTR, STM32U375RGI6, STM32U375RGI6Q, STM32U375RGT6, STM32U375RGT6Q, STM32U375RGY6GTR, STM32U375RGY6QTR, STM32U375VEI6, STM32U375VEI6Q, STM32U375VET6, STM32U375VET6Q, STM32U375VGI6, STM32U375VGI6Q, STM32U375VGT6, STM32U375VGT6Q, STM32U385CGT6, STM32U385CGT6Q, STM32U385CGU6, STM32U385CGU6Q, STM32U385CGY6QTR, STM32U385KGU6, STM32U385RGI6, STM32U385RGI6Q, STM32U385RGT6, STM32U385RGT6Q, STM32U385RGY6GTR, STM32U385RGY6QTR, STM32U385VGI6, STM32U385VGI6Q, STM32U385VGT6, STM32U385VGT6Q, STM32U535CBT6, STM32U535CBT6Q, STM32U535CBU6, STM32U535CBU6Q, STM32U535CCT6, STM32U535CCT6Q, STM32U535CCU6, STM32U535CCU6Q, STM32U535CET6, STM32U535CET6Q, STM32U535CEU6, STM32U535CEU6Q, STM32U535JEY6QTR, STM32U535NCY6QTR, STM32U535NEY6QTR, STM32U535RBI6, STM32U535RBI6Q, STM32U535RBT6, STM32U535RBT6Q, STM32U535RCI6, STM32U535RCI6Q, STM32U535RCT6, STM32U535RCT6Q, STM32U535REI6, STM32U535REI6Q, STM32U535RET6, STM32U535RET6Q, STM32U535VCI6, STM32U535VCI6Q, STM32U535VCT6, STM32U535VCT6Q, STM32U535VEI6, STM32U535VEI6Q, STM32U535VET6, STM32U535VET6Q, STM32U545CET6, STM32U545CET6Q, STM32U545CEU6, STM32U545CEU6Q, STM32U545JEY6QTR, STM32U545NEY6QTR, STM32U545REI6, STM32U545REI6Q, STM32U545RET6, STM32U545RET6Q, STM32U545VEI6, STM32U545VEI6Q, STM32U545VET6, STM32U545VET6Q, STM32U595AIH6, STM32U595AIH6Q, STM32U595AJH6, STM32U595AJH6Q, STM32U595QII6, STM32U595QII6Q, STM32U595QJI6, STM32U595QJI6Q, STM32U595RIT6, STM32U595RIT6Q, STM32U595RJT6, STM32U595RJT6Q, STM32U595VIT6, STM32U595VIT6Q, STM32U595VJT6, STM32U595VJT6Q, STM32U595ZIT6, STM32U595ZIT6Q, STM32U595ZIY6QTR, STM32U595ZJT6, STM32U595ZJT6Q, STM32U595ZJY6QTR, STM32U599BJY6QTR, STM32U599NIH6Q, STM32U599NJH6Q, STM32U599VIT6Q, STM32U599VJT6, STM32U599VJT6Q, STM32U599ZIT6Q, STM32U599ZIY6QTR, STM32U599ZJT6Q, STM32U599ZJY6QTR, STM32U5A5AJH6, STM32U5A5AJH6Q, STM32U5A5QII3Q , STM32U5A5QJI6, STM32U5A5QJI6Q, STM32U5A5RJT6, STM32U5A5RJT6Q, STM32U5A5VJT6, STM32U5A5VJT6Q, STM32U5A5ZJT6, STM32U5A5ZJT6Q, STM32U5A5ZJY6QTR, STM32U5A9BJY6QTR, STM32U5A9J-DK, STM32U5A9NJH6Q, STM32U5A9VJT6Q, STM32U5A9ZJT6Q, STM32U5A9ZJY6QTR, STM32U5F7VIT6, STM32U5F7VIT6Q, STM32U5F7VJT6, STM32U5F7VJT6Q, STM32U5F9BJY6QTR, STM32U5F9NJH6Q, STM32U5F9VIT6Q, STM32U5F9VJT6Q, STM32U5F9ZIJ6QTR, STM32U5F9ZIT6Q, STM32U5F9ZJJ6QTR, STM32U5F9ZJT6Q, STM32U5G7VJT6, STM32U5G7VJT6Q, STM32U5G9BJY6QTR, STM32U5G9J-DK1, STM32U5G9J-DK2, STM32U5G9NJH6Q, STM32U5G9VJT6Q, STM32U5G9ZJJ6QTR, STM32U5G9ZJT6Q, STM32WB05KZV6TR, STM32WB05KZV7TR, STM32WB05TZF6TR, STM32WB05TZF7TR, STM32WB06CCF6TR, STM32WB06CCF7TR, STM32WB06CCV6TR, STM32WB06CCV7TR, STM32WB06KCV6TR, STM32WB06KCV7TR, STM32WB07CCF6TR, STM32WB07CCF7TR, STM32WB07CCV6TR, STM32WB07CCV7TR, STM32WB07KCV6TR, STM32WB07KCV7TR, STM32WB09KEV6TR, STM32WB09KEV7TR, STM32WB09TEF6TR, STM32WB09TEF7TR, STM32WB1MMCH6, STM32WBA50KGU6, STM32WBA50KGU6TR, STM32WBA52CEU6, STM32WBA52CEU6TR, STM32WBA52CEU7, STM32WBA52CEU7TR, STM32WBA52CGU6, STM32WBA52CGU6TR, STM32WBA52CGU6U, STM32WBA52CGU7, STM32WBA52CGU7TR, STM32WBA52KEU6, STM32WBA52KEU6TR, STM32WBA52KGU6, STM32WBA52KGU6TR, STM32WBA54CEU6, STM32WBA54CEU6TR, STM32WBA54CEU7, STM32WBA54CEU7TR, STM32WBA54CGU6, STM32WBA54CGU6TR, STM32WBA54CGU7, STM32WBA54CGU7TR, STM32WBA54KEU6, STM32WBA54KEU6TR, STM32WBA54KEU7, STM32WBA54KEU7TR, STM32WBA54KGU6, STM32WBA54KGU6TR, STM32WBA54KGU7, STM32WBA54KGU7TR, STM32WBA55CEU6, STM32WBA55CEU6TR, STM32WBA55CEU7, STM32WBA55CEU7TR, STM32WBA55CGU6, STM32WBA55CGU6TR, STM32WBA55CGU6U, STM32WBA55CGU7, STM32WBA55CGU7TR, STM32WBA55G-DK1, STM32WBA55HEF6, STM32WBA55HEF7, STM32WBA55HGF6, STM32WBA55HGF7, STM32WBA55UEI6, STM32WBA55UEI6TR, STM32WBA55UEI7, STM32WBA55UEI7TR, STM32WBA55UGI6, STM32WBA55UGI6TR, STM32WBA55UGI7, STM32WBA55UGI7TR, STM32WBA5MMGH6TR, STM32WBA62MGF6, STM32WBA62MIF6, STM32WBA65MGF7, STM32WBA65MIF6, STM32WBA65MIF7, STM32WL30K8V6, STM32WL30KBV6, STM32WL31C8V6, STM32WL31CBV6, STM32WL31K8V6, STM32WL31KBV6, STM32WL33C8V6, STM32WL33C8V6X, STM32WL33CBV6, STM32WL33CBV6X, STM32WL33CCV6, STM32WL33CCV6A, STM32WL33CCV6X, STM32WL33K8V7, STM32WL33K8V7X, STM32WL33KBV7 , STM32WL33KBV7X, STM32WL33KCV7, STM32WL33KCV7X, STM32WL5MOCH6, STM32WL5MOCH6TR]
2026-04-07 21:26:06,303 [INFO] ApiDb:668 - CubeFinder database Data Model version=2.1
2026-04-07 21:26:06,303 [INFO] ApiDb:669 - CubeFinder database Configuration version=3.0.42
2026-04-07 21:26:06,303 [INFO] ApiDb:670 - CubeFinder database generation date=2026-03-11 (1773229989)
2026-04-07 21:26:06,304 [INFO] ApiDb:671 - CubeFinder database FW Pack versions=[FP-ATR-ASTRA1_V2.0.0, FP-SNS-FLIGHT1_V5.1.0, FP-SNS-MOTENV1_V5.1.0, FP-SNS-MOTENVWB1_V1.5.0, FP-SNS-SMARTAG2_V1.2.0, FP-SNS-STBOX1_V2.1.0, STM32Cube_FW_C0_V1.4.0, STM32Cube_FW_F4_V1.28.3, STM32Cube_FW_F7_V1.17.4, STM32Cube_FW_G0_V1.6.3, STM32Cube_FW_G4_V1.6.2, STM32Cube_FW_H5_V1.6.0, STM32Cube_FW_H7RS_V1.3.0, STM32Cube_FW_H7_V1.13.0, STM32Cube_FW_L0_V1.12.2, STM32Cube_FW_L4_V1.18.2, STM32Cube_FW_L5_V1.6.0, STM32Cube_FW_N6_V1.3.0, STM32Cube_FW_U0_V1.3.0, STM32Cube_FW_U3_V1.3.0, STM32Cube_FW_U5_V1.8.0, STM32Cube_FW_WB0_V1.4.0, STM32Cube_FW_WBA_V1.9.0, STM32Cube_FW_WB_V1.24.0, STM32Cube_FW_WL3_V1.4.0, STM32Cube_FW_WL_V1.5.0, X-CUBE-ALGOBUILD_V1.4.0, X-CUBE-ALS_V1.0.2, X-CUBE-AZRTOS-F4_V1.1.0, X-CUBE-AZRTOS-F7_V1.1.0, X-CUBE-AZRTOS-G0_V1.1.0, X-CUBE-AZRTOS-G4_V2.0.0, X-CUBE-AZRTOS-H7RS_V1.1.0, X-CUBE-AZRTOS-H7_V3.4.0, X-CUBE-AZRTOS-L4_V2.0.0, X-CUBE-AZRTOS-L5_V2.0.0, X-CUBE-AZRTOS-WB_V2.0.0, X-CUBE-AZRTOS-WL_V2.0.0, X-CUBE-BLE1_V7.1.0, X-CUBE-BLE2_V3.3.0, X-CUBE-BLEMGR_V4.1.0, X-CUBE-EEPRMA1_V5.2.0, X-CUBE-FREERTOS_V1.5.0, X-CUBE-GNSS1_V6.0.0, X-CUBE-MEMS1_V12.0.0, X-CUBE-NFC4_V3.0.0, X-CUBE-NFC7_V2.0.0, X-CUBE-SFXS2LP1_V4.0.0, X-CUBE-ST67W61_V1.2.0, X-CUBE-SUBG2_V5.0.0, X-CUBE-TOF1_V3.4.3]
2026-04-07 21:26:07,395 [INFO] ApiDb:240 - Found 880 in-development CPN: [B-G473E-ZEST1S, B-WB1M-WPAN1, B-WBA5M-WPAN, B-WL5M-SUBG1, NUCLEO-C031C6, NUCLEO-C051C8, NUCLEO-C071RB, NUCLEO-C092RC, NUCLEO-H503RB, NUCLEO-H533RE, NUCLEO-H563ZI, NUCLEO-H7S3L8, NUCLEO-N657X0-Q, NUCLEO-U031R8, NUCLEO-U083RC, NUCLEO-U385RG-Q, NUCLEO-U545RE-Q, NUCLEO-U5A5ZJ-Q, NUCLEO-WB05KZ, NUCLEO-WB07CC, NUCLEO-WB09KE, NUCLEO-WBA52CG, NUCLEO-WBA55CG, NUCLEO-WL33CC1, NUCLEO-WL33CC2, STEVAL-PROTEUS1, STEVAL-SMARTAG2, STEVAL-STWINBX1, STM320518-EVAL, STM32C0116-DK, STM32C011D6Y3TR, STM32C011D6Y6TR, STM32C011F4P3, STM32C011F4P6, STM32C011F4U3, STM32C011F4U6TR, STM32C011F6P3, STM32C011F6P6, STM32C011F6U3, STM32C011F6U6TR, STM32C011J4M3, STM32C011J4M6, STM32C011J6M3, STM32C011J6M6, STM32C0316-DK, STM32C031C4T3, STM32C031C4T6, STM32C031C4U3, STM32C031C4U6, STM32C031C6T3, STM32C031C6T6, STM32C031C6U3, STM32C031C6U6, STM32C031F4P3, STM32C031F4P6, STM32C031F6P3, STM32C031F6P6, STM32C031G4U3, STM32C031G4U6, STM32C031G6U3, STM32C031G6U6, STM32C031K4T3, STM32C031K4T6, STM32C031K4U3, STM32C031K4U6, STM32C031K6T3, STM32C031K6T6, STM32C031K6U3, STM32C031K6U6, STM32C051C6T6, STM32C051C6U6, STM32C051C8T6, STM32C051C8U6, STM32C051D8Y6TR, STM32C051F6P6, STM32C051F8P6, STM32C051G6U6, STM32C051G8U6, STM32C051K6T6, STM32C051K6U6, STM32C051K8T6, STM32C071C8T6, STM32C071C8T6N, STM32C071C8U6, STM32C071C8U6N, STM32C071CBT6, STM32C071CBT6N, STM32C071CBU6, STM32C071CBU6N, STM32C071F8P6, STM32C071F8P6N, STM32C071FBP6, STM32C071FBP6N, STM32C071FBY6TR, STM32C071G8U6, STM32C071G8U6N, STM32C071GBU6, STM32C071GBU6N, STM32C071K8T6, STM32C071K8T6N, STM32C071K8U6, STM32C071K8U6N, STM32C071KBT6, STM32C071KBT6N, STM32C071KBU6, STM32C071KBU6N, STM32C071R8T6, STM32C071R8T6N, STM32C071RBI6N, STM32C071RBT6, STM32C071RBT6N, STM32C091CBT6, STM32C091CBU6, STM32C091CCT6, STM32C091CCU6, STM32C091ECY6TR, STM32C091FBP6, STM32C091FCP6, STM32C091GBU6, STM32C091GCU6, STM32C091KBT6, STM32C091KBU6, STM32C091KCT6, STM32C091KCU6, STM32C091RBT6, STM32C091RCI6, STM32C091RCT6, STM32C092CBT6, STM32C092CBU6, STM32C092CCT6, STM32C092CCU6, STM32C092ECY6TR, STM32C092FBP6, STM32C092FCP6, STM32C092GBU6, STM32C092GCU6, STM32C092KBT6, STM32C092KBU6, STM32C092KCT6, STM32C092KCU6, STM32C092RBT6, STM32C092RCI6, STM32C092RCT6, STM32G071K8TXN, STM32G071K8UXN, STM32G081GBU6N, STM32G081KBT6N, STM32G081KBUXN, STM32G0B1CCT6N, STM32G0B1KCT6, STM32G0B1NEY6TR, STM32G0B1RCT6N, STM32G0C1CCT6, STM32G0C1CCT6N, STM32G0C1CCU6N, STM32G0C1CET6N, STM32G0C1CEU6N, STM32G0C1KCT6, STM32G0C1NEY6TR, STM32G0C1RCI6N, STM32G0C1RCT6N, STM32G0C1REI6N, STM32G0C1RET6N, STM32G0C1VCI6, STM32G0C1VEI6, STM32G411C6T3, STM32G411C6T6, STM32G411C6U3, STM32G411C6U6, STM32G411C8T3, STM32G411C8T6, STM32G411C8U3, STM32G411C8U6, STM32G411CBT3, STM32G411CBT6, STM32G411CBU3, STM32G411CBU6, STM32G411K6T3, STM32G411K6T6, STM32G411K6U3, STM32G411K6U6, STM32G411K8T3, STM32G411K8T6, STM32G411K8U3, STM32G411K8U6, STM32G411KBT3, STM32G411KBT6, STM32G411KBU3, STM32G411KBU6, STM32G411M6T3, STM32G411M6T6, STM32G411M8T3, STM32G411M8T6, STM32G411MBT3, STM32G411MBT6, STM32G411R6T3, STM32G411R6T6, STM32G411R8T3, STM32G411R8T6, STM32G411RBT3, STM32G411RBT6, STM32G414CBT3, STM32G414CBT6, STM32G414CBU3, STM32G414CBU6, STM32G414CCT3, STM32G414CCT6, STM32G414CCU3, STM32G414CCU6, STM32G414MBT3, STM32G414MBT6, STM32G414MCT3, STM32G414MCT6, STM32G414RBT3, STM32G414RBT6, STM32G414RCT3, STM32G414RCT6, STM32G414VBT3, STM32G414VBT6, STM32G414VCT3, STM32G414VCT6, STM32G431CBT3Z, STM32G431RBT3Z, STM32G471CCT6, STM32G471CCU6, STM32G471CET3, STM32G471CET6, STM32G471CEU3, STM32G471CEU6, STM32G471MCT6, STM32G471MET3, STM32G471MET6, STM32G471MEY6TR, STM32G471QCT6, STM32G471QET3, STM32G471RCT6, STM32G471RET3, STM32G471RET6, STM32G471VCH6, STM32G471VCI6, STM32G471VCT6, STM32G471VEH3, STM32G471VEH6, STM32G471VEI3, STM32G471VEI6, STM32G471VET3, STM32G471VET6, STM32G473QET3Z, STM32G473RET3Z, STM32G474CCT6, STM32G491RET3Z, STM32H503CBT6, STM32H503CBU6, STM32H503EBY6TR, STM32H503KBU6, STM32H503RBT6, STM32H523CCT6, STM32H523CCU6, STM32H523CET6, STM32H523CEU6, STM32H523HEY6TR, STM32H523RCT6, STM32H523RET6, STM32H523VCI6, STM32H523VCT6, STM32H523VEI6, STM32H523VET6, STM32H523ZCJ6, STM32H523ZCT6, STM32H523ZEJ6, STM32H523ZET6, STM32H533CET6, STM32H533CEU6, STM32H533HEY6TR, STM32H533RET6, STM32H533VEI6, STM32H533VET6, STM32H533ZEJ6, STM32H533ZET6, STM32H562AGI6, STM32H562AII6, STM32H562IGK6, STM32H562IGT6, STM32H562IIK6, STM32H562IIT6, STM32H562RGT6, STM32H562RGV6, STM32H562RIT6, STM32H562RIV6, STM32H562VGT6, STM32H562VIT6, STM32H562ZGT6, STM32H562ZIT6, STM32H563AGI6, STM32H563AII3Q, STM32H563AII6, STM32H563IGK6, STM32H563IGT6, STM32H563IIK3Q, STM32H563IIK6, STM32H563IIT3Q, STM32H563IIT6, STM32H563MIY3QTR, STM32H563RGT6, STM32H563RGV6, STM32H563RIT6, STM32H563RIV6, STM32H563VGT6, STM32H563VIT3Q, STM32H563VIT6, STM32H563ZGT6, STM32H563ZIT3Q, STM32H563ZIT6, STM32H573AII3Q, STM32H573AII6, STM32H573I-DK, STM32H573IIK3Q, STM32H573IIK6, STM32H573IIT3Q, STM32H573IIT6, STM32H573MIY3QTR, STM32H573RIT6, STM32H573RIV6, STM32H573VIT3Q, STM32H573VIT6, STM32H573ZIT3Q, STM32H573ZIT6, STM32H7R3A8I6, STM32H7R3I8K6, STM32H7R3I8T6, STM32H7R3L8H6, STM32H7R3L8H6H, STM32H7R3R8V6, STM32H7R3V8H6, STM32H7R3V8T6, STM32H7R3V8Y6TR, STM32H7R3Z8J6, STM32H7R3Z8T6, STM32H7R7A8I6, STM32H7R7I8K6, STM32H7R7I8T6, STM32H7R7L8H6, STM32H7R7L8H6H, STM32H7R7Z8J6, STM32H7S3A8I6, STM32H7S3I8K6, STM32H7S3I8T6, STM32H7S3L8H6, STM32H7S3L8H6H, STM32H7S3R8V6, STM32H7S3V8H6, STM32H7S3V8T6, STM32H7S3V8Y6TR, STM32H7S3Z8J6, STM32H7S3Z8T6, STM32H7S78-DK, STM32H7S7A8I6, STM32H7S7I8K6, STM32H7S7I8T6, STM32H7S7L8H6, STM32H7S7L8H6H, STM32H7S7Z8J6, STM32L4R5QGI6STR, STM32MP131AAE3, STM32MP131AAF3, STM32MP131AAG3, STM32MP131CAE3, STM32MP131CAF3, STM32MP131CAG3, STM32MP131DAE7, STM32MP131DAF7, STM32MP131DAG7, STM32MP131FAE7, STM32MP131FAF7, STM32MP131FAG7, STM32MP133AAE3, STM32MP133AAF3, STM32MP133AAG3, STM32MP133CAE3, STM32MP133CAF3, STM32MP133CAG3, STM32MP133DAE7, STM32MP133DAF7, STM32MP133DAG7, STM32MP133FAE7, STM32MP133FAF7, STM32MP133FAG7, STM32MP135AAE3, STM32MP135AAF3, STM32MP135AAG3, STM32MP135CAE3, STM32MP135CAF3, STM32MP135CAG3, STM32MP135DAE7, STM32MP135DAF7, STM32MP135DAG7, STM32MP135F-DK, STM32MP135FAE7, STM32MP135FAF7, STM32MP135FAF7T, STM32MP135FAF7U, STM32MP135FAG7, STM32MP211AAL3, STM32MP211AAM3, STM32MP211AAN3, STM32MP211AAO3, STM32MP211CAL3, STM32MP211CAM3, STM32MP211CAN3, STM32MP211CAO3, STM32MP211DAL3, STM32MP211DAM3, STM32MP211DAN3, STM32MP211DAO3, STM32MP211FAL3, STM32MP211FAM3, STM32MP211FAN3, STM32MP211FAO3, STM32MP213AAL3, STM32MP213AAM3, STM32MP213AAN3, STM32MP213AAO3, STM32MP213CAL3, STM32MP213CAM3, STM32MP213CAN3, STM32MP213CAO3, STM32MP213DAL3, STM32MP213DAM3, STM32MP213DAN3, STM32MP213DAO3, STM32MP213FAL3, STM32MP213FAM3, STM32MP213FAN3, STM32MP213FAO3, STM32MP215AAL3, STM32MP215AAM3, STM32MP215AAN3, STM32MP215AAO3, STM32MP215CAL3, STM32MP215CAM3, STM32MP215CAN3, STM32MP215CAO3, STM32MP215DAL3, STM32MP215DAM3, STM32MP215DAN3, STM32MP215DAO3, STM32MP215F-DK, STM32MP215FAL3, STM32MP215FAM3, STM32MP215FAN3, STM32MP215FAO3, STM32MP231AAJ3, STM32MP231AAK3, STM32MP231AAL3, STM32MP231CAJ3, STM32MP231CAK3, STM32MP231CAL3, STM32MP231DAJ3, STM32MP231DAK3, STM32MP231DAL3, STM32MP231FAJ3, STM32MP231FAK3, STM32MP231FAL3, STM32MP233AAJ3, STM32MP233AAK3, STM32MP233AAL3, STM32MP233CAJ3, STM32MP233CAK3, STM32MP233CAL3, STM32MP233DAJ3, STM32MP233DAK3, STM32MP233DAL3, STM32MP233FAJ3, STM32MP233FAK3, STM32MP233FAL3, STM32MP235AAJ3, STM32MP235AAK3, STM32MP235AAL3, STM32MP235CAJ3, STM32MP235CAK3, STM32MP235CAL3, STM32MP235DAJ3, STM32MP235DAK3, STM32MP235DAL3, STM32MP235FAJ3, STM32MP235FAK3, STM32MP235FAL3, STM32MP251AAI3, STM32MP251AAK3, STM32MP251AAL3, STM32MP251CAI3, STM32MP251CAK3, STM32MP251CAL3, STM32MP251DAI3, STM32MP251DAK3, STM32MP251DAL3, STM32MP251FAI3, STM32MP251FAK3, STM32MP251FAL3, STM32MP253AAI3, STM32MP253AAK3, STM32MP253AAL3, STM32MP253CAI3, STM32MP253CAK3, STM32MP253CAL3, STM32MP253DAI3, STM32MP253DAK3, STM32MP253DAL3, STM32MP253FAI3, STM32MP253FAK3, STM32MP253FAL3, STM32MP255AAI3, STM32MP255AAK3, STM32MP255AAL3, STM32MP255CAI3, STM32MP255CAK3, STM32MP255CAL3, STM32MP255DAI3, STM32MP255DAK3, STM32MP255DAL3, STM32MP255FAI3, STM32MP255FAK3, STM32MP255FAL3, STM32MP257AAI3, STM32MP257AAK3, STM32MP257AAL3, STM32MP257CAI3, STM32MP257CAK3, STM32MP257CAL3, STM32MP257DAI3, STM32MP257DAK3, STM32MP257DAL3, STM32MP257F-DK, STM32MP257F-EV1, STM32MP257FAI3, STM32MP257FAK3, STM32MP257FAL3, STM32N645A0H3Q, STM32N645B0H3Q, STM32N645I0H3Q, STM32N645L0H3Q, STM32N645X0H3Q, STM32N645Z0H3Q, STM32N647A0H3Q, STM32N647B0H3Q, STM32N647I0H3Q, STM32N647L0H3Q, STM32N647X0H3Q, STM32N647Z0H3Q, STM32N655A0H3Q, STM32N655B0H3Q, STM32N655I0H3Q, STM32N655L0H3Q, STM32N655X0H3Q, STM32N655Z0H3Q, STM32N6570-DK, STM32N657A0H3Q, STM32N657B0H3Q, STM32N657I0H3Q, STM32N657L0H3Q, STM32N657X0H3Q, STM32N657Z0H3Q, STM32U031C6T6, STM32U031C6U6, STM32U031C8T6, STM32U031C8U6, STM32U031F4P6, STM32U031F6P6, STM32U031F8P6, STM32U031G6Y6TR, STM32U031G8Y6TR, STM32U031K4U6, STM32U031K6U6, STM32U031K8U6, STM32U031R6I6, STM32U031R6T6, STM32U031R8I6, STM32U031R8T6, STM32U073C8T6, STM32U073C8U6, STM32U073CBT6, STM32U073CBU6, STM32U073CCT6, STM32U073CCU6, STM32U073H8Y6TR, STM32U073HBY6TR, STM32U073HCY6TR, STM32U073K8U6, STM32U073KBU6, STM32U073KCU6, STM32U073M8I6, STM32U073M8T6, STM32U073MBI6, STM32U073MBT6, STM32U073MCI6, STM32U073MCT6, STM32U073R8I6, STM32U073R8T6, STM32U073RBI6, STM32U073RBT6, STM32U073RCI6, STM32U073RCT6, STM32U083C-DK, STM32U083CCT6, STM32U083CCU6, STM32U083HCY6TR, STM32U083KCU6, STM32U083MCI6, STM32U083MCT6, STM32U083RCI6, STM32U083RCT6, STM32U375CET6, STM32U375CET6Q, STM32U375CEU6, STM32U375CEU6Q, STM32U375CEY6QTR, STM32U375CGT6, STM32U375CGT6Q, STM32U375CGU6, STM32U375CGU6Q, STM32U375CGY6QTR, STM32U375KEU6, STM32U375KGU6, STM32U375REI6, STM32U375REI6Q, STM32U375RET6, STM32U375RET6Q, STM32U375REY6GTR, STM32U375REY6QTR, STM32U375RGI6, STM32U375RGI6Q, STM32U375RGT6, STM32U375RGT6Q, STM32U375RGY6GTR, STM32U375RGY6QTR, STM32U375VEI6, STM32U375VEI6Q, STM32U375VET6, STM32U375VET6Q, STM32U375VGI6, STM32U375VGI6Q, STM32U375VGT6, STM32U375VGT6Q, STM32U385CGT6, STM32U385CGT6Q, STM32U385CGU6, STM32U385CGU6Q, STM32U385CGY6QTR, STM32U385KGU6, STM32U385RGI6, STM32U385RGI6Q, STM32U385RGT6, STM32U385RGT6Q, STM32U385RGY6GTR, STM32U385RGY6QTR, STM32U385VGI6, STM32U385VGI6Q, STM32U385VGT6, STM32U385VGT6Q, STM32U535CBT6, STM32U535CBT6Q, STM32U535CBU6, STM32U535CBU6Q, STM32U535CCT6, STM32U535CCT6Q, STM32U535CCU6, STM32U535CCU6Q, STM32U535CET6, STM32U535CET6Q, STM32U535CEU6, STM32U535CEU6Q, STM32U535JEY6QTR, STM32U535NCY6QTR, STM32U535NEY6QTR, STM32U535RBI6, STM32U535RBI6Q, STM32U535RBT6, STM32U535RBT6Q, STM32U535RCI6, STM32U535RCI6Q, STM32U535RCT6, STM32U535RCT6Q, STM32U535REI6, STM32U535REI6Q, STM32U535RET6, STM32U535RET6Q, STM32U535VCI6, STM32U535VCI6Q, STM32U535VCT6, STM32U535VCT6Q, STM32U535VEI6, STM32U535VEI6Q, STM32U535VET6, STM32U535VET6Q, STM32U545CET6, STM32U545CET6Q, STM32U545CEU6, STM32U545CEU6Q, STM32U545JEY6QTR, STM32U545NEY6QTR, STM32U545REI6, STM32U545REI6Q, STM32U545RET6, STM32U545RET6Q, STM32U545VEI6, STM32U545VEI6Q, STM32U545VET6, STM32U545VET6Q, STM32U595AIH6, STM32U595AIH6Q, STM32U595AJH6, STM32U595AJH6Q, STM32U595QII6, STM32U595QII6Q, STM32U595QJI6, STM32U595QJI6Q, STM32U595RIT6, STM32U595RIT6Q, STM32U595RJT6, STM32U595RJT6Q, STM32U595VIT6, STM32U595VIT6Q, STM32U595VJT6, STM32U595VJT6Q, STM32U595ZIT6, STM32U595ZIT6Q, STM32U595ZIY6QTR, STM32U595ZJT6, STM32U595ZJT6Q, STM32U595ZJY6QTR, STM32U599BJY6QTR, STM32U599NIH6Q, STM32U599NJH6Q, STM32U599VIT6Q, STM32U599VJT6, STM32U599VJT6Q, STM32U599ZIT6Q, STM32U599ZIY6QTR, STM32U599ZJT6Q, STM32U599ZJY6QTR, STM32U5A5AJH6, STM32U5A5AJH6Q, STM32U5A5QII3Q , STM32U5A5QJI6, STM32U5A5QJI6Q, STM32U5A5RJT6, STM32U5A5RJT6Q, STM32U5A5VJT6, STM32U5A5VJT6Q, STM32U5A5ZJT6, STM32U5A5ZJT6Q, STM32U5A5ZJY6QTR, STM32U5A9BJY6QTR, STM32U5A9J-DK, STM32U5A9NJH6Q, STM32U5A9VJT6Q, STM32U5A9ZJT6Q, STM32U5A9ZJY6QTR, STM32U5F7VIT6, STM32U5F7VIT6Q, STM32U5F7VJT6, STM32U5F7VJT6Q, STM32U5F9BJY6QTR, STM32U5F9NJH6Q, STM32U5F9VIT6Q, STM32U5F9VJT6Q, STM32U5F9ZIJ6QTR, STM32U5F9ZIT6Q, STM32U5F9ZJJ6QTR, STM32U5F9ZJT6Q, STM32U5G7VJT6, STM32U5G7VJT6Q, STM32U5G9BJY6QTR, STM32U5G9J-DK1, STM32U5G9J-DK2, STM32U5G9NJH6Q, STM32U5G9VJT6Q, STM32U5G9ZJJ6QTR, STM32U5G9ZJT6Q, STM32WB05KZV6TR, STM32WB05KZV7TR, STM32WB05TZF6TR, STM32WB05TZF7TR, STM32WB06CCF6TR, STM32WB06CCF7TR, STM32WB06CCV6TR, STM32WB06CCV7TR, STM32WB06KCV6TR, STM32WB06KCV7TR, STM32WB07CCF6TR, STM32WB07CCF7TR, STM32WB07CCV6TR, STM32WB07CCV7TR, STM32WB07KCV6TR, STM32WB07KCV7TR, STM32WB09KEV6TR, STM32WB09KEV7TR, STM32WB09TEF6TR, STM32WB09TEF7TR, STM32WB1MMCH6, STM32WBA50KGU6, STM32WBA50KGU6TR, STM32WBA52CEU6, STM32WBA52CEU6TR, STM32WBA52CEU7, STM32WBA52CEU7TR, STM32WBA52CGU6, STM32WBA52CGU6TR, STM32WBA52CGU6U, STM32WBA52CGU7, STM32WBA52CGU7TR, STM32WBA52KEU6, STM32WBA52KEU6TR, STM32WBA52KGU6, STM32WBA52KGU6TR, STM32WBA54CEU6, STM32WBA54CEU6TR, STM32WBA54CEU7, STM32WBA54CEU7TR, STM32WBA54CGU6, STM32WBA54CGU6TR, STM32WBA54CGU7, STM32WBA54CGU7TR, STM32WBA54KEU6, STM32WBA54KEU6TR, STM32WBA54KEU7, STM32WBA54KEU7TR, STM32WBA54KGU6, STM32WBA54KGU6TR, STM32WBA54KGU7, STM32WBA54KGU7TR, STM32WBA55CEU6, STM32WBA55CEU6TR, STM32WBA55CEU7, STM32WBA55CEU7TR, STM32WBA55CGU6, STM32WBA55CGU6TR, STM32WBA55CGU6U, STM32WBA55CGU7, STM32WBA55CGU7TR, STM32WBA55G-DK1, STM32WBA55HEF6, STM32WBA55HEF7, STM32WBA55HGF6, STM32WBA55HGF7, STM32WBA55UEI6, STM32WBA55UEI6TR, STM32WBA55UEI7, STM32WBA55UEI7TR, STM32WBA55UGI6, STM32WBA55UGI6TR, STM32WBA55UGI7, STM32WBA55UGI7TR, STM32WBA5MMGH6TR, STM32WBA62MGF6, STM32WBA62MIF6, STM32WBA65MGF7, STM32WBA65MIF6, STM32WBA65MIF7, STM32WL30K8V6, STM32WL30KBV6, STM32WL31C8V6, STM32WL31CBV6, STM32WL31K8V6, STM32WL31KBV6, STM32WL33C8V6, STM32WL33C8V6X, STM32WL33CBV6, STM32WL33CBV6X, STM32WL33CCV6, STM32WL33CCV6A, STM32WL33CCV6X, STM32WL33K8V7, STM32WL33K8V7X, STM32WL33KBV7 , STM32WL33KBV7X, STM32WL33KCV7, STM32WL33KCV7X, STM32WL5MOCH6, STM32WL5MOCH6TR]
2026-04-07 21:26:07,421 [INFO] DbMcus:218 - Found 5055 MCUs, 4968 are supported
2026-04-07 21:26:07,429 [INFO] ApiDb:423 - Load user favorites file /Users/jaspertan/.stm32cubeide/favorites.mcus.txt: 1 item(s)
2026-04-07 21:26:07,430 [INFO] ApiDb:427 - User favorites MCUs=[STM32F042F6P6TR]
2026-04-07 21:26:07,431 [INFO] DbMcus:224 - Set 1 / 1 favorites MCUs
2026-04-07 21:26:07,754 [INFO] BoardInfo:889 - No configuration file found for board NUCLEO-H5E5ZJ
2026-04-07 21:26:07,755 [INFO] DbBoards:161 - Board is not supported: NUCLEO-H5E5ZJ
2026-04-07 21:26:07,777 [INFO] BoardInfo:889 - No configuration file found for board NUCLEO-U3C5ZI-Q
2026-04-07 21:26:07,777 [INFO] DbBoards:161 - Board is not supported: NUCLEO-U3C5ZI-Q
2026-04-07 21:26:07,783 [INFO] BoardInfo:889 - No configuration file found for board NUCLEO-WBA25CE1
2026-04-07 21:26:07,783 [INFO] DbBoards:161 - Board is not supported: NUCLEO-WBA25CE1
2026-04-07 21:26:07,787 [INFO] BoardInfo:889 - No configuration file found for board NUCLEO-WL3RKB1
2026-04-07 21:26:07,787 [INFO] DbBoards:161 - Board is not supported: NUCLEO-WL3RKB1
2026-04-07 21:26:07,788 [INFO] BoardInfo:889 - No configuration file found for board NUCLEO-WL3RKB2
2026-04-07 21:26:07,788 [INFO] DbBoards:161 - Board is not supported: NUCLEO-WL3RKB2
2026-04-07 21:26:07,791 [INFO] BoardInfo:889 - No configuration file found for board P-NUCLEO-WB55
2026-04-07 21:26:07,791 [INFO] DbBoards:161 - Kit is not supported: P-NUCLEO-WB55
2026-04-07 21:26:07,794 [INFO] BoardInfo:889 - No configuration file found for board STEVAL-BFA001V1B
2026-04-07 21:26:07,795 [INFO] DbBoards:161 - Kit is not supported: STEVAL-BFA001V1B
2026-04-07 21:26:07,795 [INFO] BoardInfo:889 - No configuration file found for board STEVAL-BFA001V2B
2026-04-07 21:26:07,795 [INFO] DbBoards:161 - Kit is not supported: STEVAL-BFA001V2B
2026-04-07 21:26:07,879 [INFO] BoardInfo:889 - No configuration file found for board STM32H5F5J-DK
2026-04-07 21:26:07,888 [INFO] DbBoards:161 - Board is not supported: STM32H5F5J-DK
2026-04-07 21:26:07,944 [INFO] DbBoards:168 - Found 218 boards, 209 are supported
2026-04-07 21:26:07,945 [INFO] DbBoards:169 - Found 218 boards, 43 of them is supported for  Bsp
2026-04-07 21:26:07,956 [INFO] ApiDb:423 - Load user favorites file /Users/jaspertan/.stm32cubeide/favorites.boards.txt: 2 item(s)
2026-04-07 21:26:07,957 [INFO] ApiDb:427 - User favorites Boards=[B-L475E-IOT01A1, NUCLEO-F446RE]
2026-04-07 21:26:07,957 [INFO] DbBoards:198 - Set 2 / 2 favorites Boards
2026-04-07 21:26:08,124 [INFO] UtilMem:75 - End LoadConfig() Used Memory: 173675688 Bytes (339738624)
2026-04-07 21:26:08,276 [WARN] ThirdParty:833 - waiting for thirdparty lock release [change project]
2026-04-07 21:26:08,283 [INFO] ThirdParty:835 - entering critical section [change project]
2026-04-07 21:26:08,284 [INFO] ThirdParty:1030 - CMSIS Pack Vendor :STMicroelectronics X-CUBE-AZRTOS-H7 3.5.0
2026-04-07 21:26:08,284 [INFO] ThirdParty:1030 - CMSIS Pack Vendor :STMicroelectronics X-CUBE-PM33A1 1.0.0
2026-04-07 21:26:08,284 [INFO] ThirdParty:1030 - CMSIS Pack Vendor :STMicroelectronics USBPD 4.1
2026-04-07 21:26:08,284 [INFO] ThirdParty:1030 - CMSIS Pack Vendor :STMicroelectronics USB_HOST 2.0.0
2026-04-07 21:26:08,284 [INFO] ThirdParty:1030 - CMSIS Pack Vendor :STMicroelectronics FP-SNS-MOTENVWB1 1.4.0
2026-04-07 21:26:08,284 [INFO] ThirdParty:1030 - CMSIS Pack Vendor :STMicroelectronics X-CUBE-AZRTOS-F4 1.1.0
2026-04-07 21:26:08,284 [INFO] ThirdParty:1030 - CMSIS Pack Vendor :STMicroelectronics LIBJPEG 8.0.0
2026-04-07 21:26:08,284 [INFO] ThirdParty:1030 - CMSIS Pack Vendor :STMicroelectronics FP-ATR-ASTRA1 2.0.2
2026-04-07 21:26:08,284 [INFO] ThirdParty:1030 - CMSIS Pack Vendor :Avnet-IotConnect X-CUBE-IoTC-DA16k-PMOD 1.0.0
2026-04-07 21:26:08,284 [INFO] ThirdParty:1030 - CMSIS Pack Vendor :STMicroelectronics X-CUBE-SMBUS 2.1.0
2026-04-07 21:26:08,284 [INFO] ThirdParty:1030 - CMSIS Pack Vendor :STMicroelectronics X-CUBE-ISPU 2.1.0
2026-04-07 21:26:08,284 [INFO] ThirdParty:1030 - CMSIS Pack Vendor :STMicroelectronics X-CUBE-IPS 3.2.0
2026-04-07 21:26:08,284 [INFO] ThirdParty:1030 - CMSIS Pack Vendor :STMicroelectronics eDS-WB_DPC_TT-BIDIR 2.1.1
2026-04-07 21:26:08,284 [INFO] ThirdParty:1030 - CMSIS Pack Vendor :STMicroelectronics X-CUBE-ST60 1.0.0
2026-04-07 21:26:08,284 [INFO] ThirdParty:1030 - CMSIS Pack Vendor :STMicroelectronics X-CUBE-NFC12 1.0.0
2026-04-07 21:26:08,284 [INFO] ThirdParty:1030 - CMSIS Pack Vendor :STMicroelectronics X-CUBE-AZRTOS-F7 1.1.0
2026-04-07 21:26:08,284 [INFO] ThirdParty:1030 - CMSIS Pack Vendor :STMicroelectronics X-CUBE-AZRTOS-L5 2.0.0
2026-04-07 21:26:08,284 [INFO] ThirdParty:1030 - CMSIS Pack Vendor :STMicroelectronics USB_DEVICE 2.0.0
2026-04-07 21:26:08,284 [INFO] ThirdParty:1030 - CMSIS Pack Vendor :STMicroelectronics X-CUBE-NFC6 3.1.0
2026-04-07 21:26:08,284 [INFO] ThirdParty:1030 - CMSIS Pack Vendor :STMicroelectronics FP-SNS-MOTENV1 5.1.0
2026-04-07 21:26:08,284 [INFO] ThirdParty:1030 - CMSIS Pack Vendor :STMicroelectronics FreeRTOS 0.0.1
2026-04-07 21:26:08,284 [INFO] ThirdParty:1030 - CMSIS Pack Vendor :STMicroelectronics eDS-WB_DPC_VIENNA 1.2.0
2026-04-07 21:26:08,284 [INFO] ThirdParty:1030 - CMSIS Pack Vendor :STMicroelectronics eDS-WB_DPC_3PH2L-BIDIR 1.1.1
2026-04-07 21:26:08,284 [INFO] ThirdParty:1030 - CMSIS Pack Vendor :Infineon AIROC-Wi-Fi-Bluetooth-STM32 1.7.0
2026-04-07 21:26:08,284 [INFO] ThirdParty:1030 - CMSIS Pack Vendor :STMicroelectronics PDM2PCM 3.3.0
2026-04-07 21:26:08,284 [INFO] ThirdParty:1030 - CMSIS Pack Vendor :STMicroelectronics X-CUBE-AZRTOS-H7 3.4.0
2026-04-07 21:26:08,284 [INFO] ThirdParty:1030 - CMSIS Pack Vendor :STMicroelectronics X-CUBE-DISPLAY 3.0.0
2026-04-07 21:26:08,285 [INFO] ThirdParty:1030 - CMSIS Pack Vendor :STMicroelectronics FP-SNS-MOTENVWB1 1.5.0
2026-04-07 21:26:08,285 [INFO] ThirdParty:1030 - CMSIS Pack Vendor :STMicroelectronics X-CUBE-NFC10 1.0.0
2026-04-07 21:26:08,285 [INFO] ThirdParty:1030 - CMSIS Pack Vendor :STMicroelectronics X-CUBE-BLEMGR 4.0.0
2026-04-07 21:26:08,285 [INFO] ThirdParty:1030 - CMSIS Pack Vendor :STMicroelectronics X-CUBE-FREERTOS 1.3.1
2026-04-07 21:26:08,285 [INFO] ThirdParty:1030 - CMSIS Pack Vendor :STMicroelectronics HAL Drivers 0.0.0
2026-04-07 21:26:08,285 [INFO] ThirdParty:1030 - CMSIS Pack Vendor :STMicroelectronics X-CUBE-ST60 1.1.0
2026-04-07 21:26:08,285 [INFO] ThirdParty:1030 - CMSIS Pack Vendor :emotas I-CUBE-CANOPEN 1.3.0
2026-04-07 21:26:08,285 [INFO] ThirdParty:1030 - CMSIS Pack Vendor :STMicroelectronics X-CUBE-FREERTOS 1.3.0
2026-04-07 21:26:08,285 [INFO] ThirdParty:1030 - CMSIS Pack Vendor :STMicroelectronics X-CUBE-NFC7 1.0.1
2026-04-07 21:26:08,285 [INFO] ThirdParty:1030 - CMSIS Pack Vendor :STMicroelectronics MBEDTLS 2.14.1
2026-04-07 21:26:08,285 [INFO] ThirdParty:1030 - CMSIS Pack Vendor :STMicroelectronics X-CUBE-GNSS1 7.1.0
2026-04-07 21:26:08,285 [INFO] ThirdParty:1030 - CMSIS Pack Vendor :STMicroelectronics X-CUBE-TOUCHGFX 4.26.0
2026-04-07 21:26:08,285 [INFO] ThirdParty:1030 - CMSIS Pack Vendor :STMicroelectronics X-CUBE-TOUCHGFX 4.26.1
2026-04-07 21:26:08,285 [INFO] ThirdParty:1030 - CMSIS Pack Vendor :quantropi X-CUBE-qispace-sdk-base 2.0.0
2026-04-07 21:26:08,285 [INFO] ThirdParty:1030 - CMSIS Pack Vendor :STMicroelectronics X-CUBE-AI 10.0.0
2026-04-07 21:26:08,285 [INFO] ThirdParty:1030 - CMSIS Pack Vendor :STMicroelectronics FP-SNS-STBOX1 2.1.0
2026-04-07 21:26:08,285 [INFO] ThirdParty:1030 - CMSIS Pack Vendor :STMicroelectronics FP-SNS-STAIOTCFT 1.0.0
2026-04-07 21:26:08,285 [INFO] ThirdParty:1030 - CMSIS Pack Vendor :STMicroelectronics FP-SNS-SMARTAG2 1.2.0
2026-04-07 21:26:08,285 [INFO] ThirdParty:1030 - CMSIS Pack Vendor :STMicroelectronics FP-SNS-FLIGHT1 5.1.0
2026-04-07 21:26:08,285 [INFO] ThirdParty:1030 - CMSIS Pack Vendor :STMicroelectronics X-CUBE-AZRTOS-WL 2.0.0
2026-04-07 21:26:08,285 [INFO] ThirdParty:1030 - CMSIS Pack Vendor :STMicroelectronics X-CUBE-DPower 1.3.0
2026-04-07 21:26:08,285 [INFO] ThirdParty:1030 - CMSIS Pack Vendor :STMicroelectronics FP-SNS-MOTENV1 5.0.0
2026-04-07 21:26:08,285 [INFO] ThirdParty:1030 - CMSIS Pack Vendor :STMicroelectronics USB_DEVICE 1.0.0
2026-04-07 21:26:08,285 [INFO] ThirdParty:1030 - CMSIS Pack Vendor :STMicroelectronics X-CUBE-AZRTOS-H7RS 1.2.0
2026-04-07 21:26:08,285 [INFO] ThirdParty:1030 - CMSIS Pack Vendor :STMicroelectronics X-CUBE-AZRTOS-L4 2.0.0
2026-04-07 21:26:08,285 [INFO] ThirdParty:1030 - CMSIS Pack Vendor :STMicroelectronics ThreadX 0.0.2
2026-04-07 21:26:08,285 [INFO] ThirdParty:1030 - CMSIS Pack Vendor :WES I-CUBE-Cesium 1.3.0
2026-04-07 21:26:08,285 [INFO] ThirdParty:1030 - CMSIS Pack Vendor :STMicroelectronics lwIP 2.1.2
2026-04-07 21:26:08,285 [INFO] ThirdParty:1030 - CMSIS Pack Vendor :STMicroelectronics X-CUBE-SFXS2LP1 4.0.0
2026-04-07 21:26:08,285 [INFO] ThirdParty:1030 - CMSIS Pack Vendor :STMicroelectronics X-CUBE-BLE2 3.3.0
2026-04-07 21:26:08,285 [INFO] ThirdParty:1030 - CMSIS Pack Vendor :Avnet-IOTCONNECT X-CUBE-iotc-st67-sdk 1.0.0
2026-04-07 21:26:08,285 [INFO] ThirdParty:1030 - CMSIS Pack Vendor :STMicroelectronics PDM2PCM 3.2.0
2026-04-07 21:26:08,285 [INFO] ThirdParty:1030 - CMSIS Pack Vendor :STMicroelectronics X-CUBE-ST67W61 1.2.0
2026-04-07 21:26:08,285 [INFO] ThirdParty:1030 - CMSIS Pack Vendor :STMicroelectronics X-CUBE-AZRTOS-H7 3.3.0
2026-04-07 21:26:08,285 [INFO] ThirdParty:1030 - CMSIS Pack Vendor :STMicroelectronics X-CUBE-NFC9 1.0.0
2026-04-07 21:26:08,285 [INFO] ThirdParty:1030 - CMSIS Pack Vendor :STMicroelectronics X-CUBE-BLE1 7.1.0
2026-04-07 21:26:08,285 [INFO] ThirdParty:1030 - CMSIS Pack Vendor :wolfSSL I-CUBE-wolfMQTT 1.19.2
2026-04-07 21:26:08,285 [INFO] ThirdParty:1030 - CMSIS Pack Vendor :STMicroelectronics USB_DEVICE 3.0.0
2026-04-07 21:26:08,285 [INFO] ThirdParty:1030 - CMSIS Pack Vendor :STMicroelectronics X-CUBE-FREERTOS 1.4.0
2026-04-07 21:26:08,285 [INFO] ThirdParty:1030 - CMSIS Pack Vendor :STMicroelectronics X-CUBE-EEPRMA1 5.2.0
2026-04-07 21:26:08,285 [INFO] ThirdParty:1030 - CMSIS Pack Vendor :STMicroelectronics X-CUBE-BLEMGR 4.1.0
2026-04-07 21:26:08,286 [INFO] ThirdParty:1030 - CMSIS Pack Vendor :STMicroelectronics X-CUBE-AZRTOS-WB 2.0.0
2026-04-07 21:26:08,286 [INFO] ThirdParty:1030 - CMSIS Pack Vendor :STMicroelectronics X-CUBE-GNSS1 7.0.1
2026-04-07 21:26:08,286 [INFO] ThirdParty:1030 - CMSIS Pack Vendor :STMicroelectronics X-CUBE-TOUCHGFX 4.25.0
2026-04-07 21:26:08,286 [INFO] ThirdParty:1030 - CMSIS Pack Vendor :STMicroelectronics X-CUBE-ST67W61 1.1.0
2026-04-07 21:26:08,286 [INFO] ThirdParty:1030 - CMSIS Pack Vendor :STMicroelectronics X-CUBE-AI 10.1.0
2026-04-07 21:26:08,286 [INFO] ThirdParty:1030 - CMSIS Pack Vendor :STMicroelectronics FP-SNS-STBOX1 2.0.0
2026-04-07 21:26:08,286 [INFO] ThirdParty:1030 - CMSIS Pack Vendor :STMicroelectronics X-CUBE-MEMS1 12.0.0
2026-04-07 21:26:08,286 [INFO] ThirdParty:1030 - CMSIS Pack Vendor :STMicroelectronics X-CUBE-STSE01 2.0.0
2026-04-07 21:26:08,286 [INFO] ThirdParty:1030 - CMSIS Pack Vendor :STMicroelectronics X-CUBE-MEMS1 11.2.0
2026-04-07 21:26:08,286 [INFO] ThirdParty:1030 - CMSIS Pack Vendor :STMicroelectronics X-CUBE-AZRTOS-G0 1.1.0
2026-04-07 21:26:08,286 [INFO] ThirdParty:1030 - CMSIS Pack Vendor :STMicroelectronics X-CUBE-SAFEA1 1.2.2
2026-04-07 21:26:08,286 [INFO] ThirdParty:1030 - CMSIS Pack Vendor :STMicroelectronics X-CUBE-NFC4 3.0.0
2026-04-07 21:26:08,286 [INFO] ThirdParty:1030 - CMSIS Pack Vendor :STMicroelectronics X-CUBE-SUBG2 5.0.0
2026-04-07 21:26:08,286 [INFO] ThirdParty:1030 - CMSIS Pack Vendor :STMicroelectronics X-CUBE-AZRTOS-H7RS 1.1.0
2026-04-07 21:26:08,286 [INFO] ThirdParty:1030 - CMSIS Pack Vendor :STMicroelectronics STM32_WPAN 1.0.0
2026-04-07 21:26:08,286 [INFO] ThirdParty:1030 - CMSIS Pack Vendor :EmbeddedOffice I-CUBE-FS-RTOS 1.0.1
2026-04-07 21:26:08,286 [INFO] ThirdParty:1030 - CMSIS Pack Vendor :STMicroelectronics lwIP 2.0.3
2026-04-07 21:26:08,286 [INFO] ThirdParty:1030 - CMSIS Pack Vendor :Cesanta I-CUBE-Mongoose 7.13.0
2026-04-07 21:26:08,286 [INFO] ThirdParty:1030 - CMSIS Pack Vendor :STMicroelectronics USB_HOST 1.0.0
2026-04-07 21:26:08,286 [INFO] ThirdParty:1030 - CMSIS Pack Vendor :STMicroelectronics X-CUBE-AZRTOS-G4 2.0.0
2026-04-07 21:26:08,286 [INFO] ThirdParty:1030 - CMSIS Pack Vendor :STMicroelectronics X-CUBE-WB05N 2.0.0
2026-04-07 21:26:08,286 [INFO] ThirdParty:1030 - CMSIS Pack Vendor :STMicroelectronics PDM2PCM 3.1.0
2026-04-07 21:26:08,286 [INFO] ThirdParty:1030 - CMSIS Pack Vendor :wolfSSL I-CUBE-wolfTPM 3.8.0
2026-04-07 21:26:08,286 [INFO] ThirdParty:1030 - CMSIS Pack Vendor :wolfSSL I-CUBE-wolfSSH 1.4.20
2026-04-07 21:26:08,286 [INFO] ThirdParty:1030 - CMSIS Pack Vendor :STMicroelectronics X-CUBE-NFC7 2.0.0
2026-04-07 21:26:08,286 [INFO] ThirdParty:1030 - CMSIS Pack Vendor :STMicroelectronics X-CUBE-TCPP 4.2.0
2026-04-07 21:26:08,286 [INFO] ThirdParty:1030 - CMSIS Pack Vendor :RealThread X-CUBE-RT-Thread_Nano 4.1.1
2026-04-07 21:26:08,287 [INFO] ThirdParty:1030 - CMSIS Pack Vendor :STMicroelectronics FP-ATR-SIGFOX1 3.2.0
2026-04-07 21:26:08,287 [INFO] ThirdParty:1030 - CMSIS Pack Vendor :STMicroelectronics X-CUBE-EEPRMA1 5.1.0
2026-04-07 21:26:08,287 [INFO] ThirdParty:1030 - CMSIS Pack Vendor :STMicroelectronics X-CUBE-FREERTOS 1.5.0
2026-04-07 21:26:08,287 [INFO] ThirdParty:1030 - CMSIS Pack Vendor :STMicroelectronics MBEDTLS 2.16.2
2026-04-07 21:26:08,287 [INFO] ThirdParty:1030 - CMSIS Pack Vendor :STMicroelectronics X-CUBE-IPS 3.1.0
2026-04-07 21:26:08,288 [INFO] ThirdParty:1030 - CMSIS Pack Vendor :STMicroelectronics X-CUBE-ALS 1.0.2
2026-04-07 21:26:08,288 [INFO] ThirdParty:1030 - CMSIS Pack Vendor :wolfSSL I-CUBE-wolfSSL 5.7.6
2026-04-07 21:26:08,289 [INFO] ThirdParty:1030 - CMSIS Pack Vendor :ITTIA_DB I-CUBE-ITTIADB 8.9.0
2026-04-07 21:26:08,290 [INFO] ThirdParty:1030 - CMSIS Pack Vendor :STMicroelectronics X-CUBE-STSE01 1.0.0
2026-04-07 21:26:08,290 [INFO] ThirdParty:1030 - CMSIS Pack Vendor :portGmbH I-Cube-SoM-uGOAL 1.1.0
2026-04-07 21:26:08,290 [INFO] ThirdParty:1030 - CMSIS Pack Vendor :STMicroelectronics X-CUBE-NFC6 3.2.0
2026-04-07 21:26:08,290 [INFO] ThirdParty:1030 - CMSIS Pack Vendor :STMicroelectronics X-CUBE-ST67W61 1.0.0
2026-04-07 21:26:08,290 [INFO] ThirdParty:1030 - CMSIS Pack Vendor :STMicroelectronics X-CUBE-AI 10.2.0
2026-04-07 21:26:08,290 [INFO] ThirdParty:1030 - CMSIS Pack Vendor :STMicroelectronics ThreadX 1.0.0
2026-04-07 21:26:08,290 [INFO] ThirdParty:1030 - CMSIS Pack Vendor :SEGGER I-CUBE-embOS 1.3.1
2026-04-07 21:26:08,290 [INFO] ThirdParty:1030 - CMSIS Pack Vendor :STMicroelectronics X-CUBE-ALGOBUILD 1.4.0
2026-04-07 21:26:08,290 [INFO] ThirdParty:1030 - CMSIS Pack Vendor :STMicroelectronics X-CUBE-MEMS1 11.3.0
2026-04-07 21:26:08,290 [INFO] ThirdParty:1030 - CMSIS Pack Vendor :STMicroelectronics X-CUBE-TOF1 3.4.3
2026-04-07 21:26:08,292 [INFO] ThirdParty:841 - exiting critical section [change project]
2026-04-07 21:26:08,870 [INFO] PinOutPanel:1589 - setPackage(No Configuration,No Configuration)
2026-04-07 21:26:08,886 [INFO] PinOutPanel:1589 - setPackage(STM32F042F6Px,TSSOP20)
2026-04-07 21:26:09,784 [INFO] UtilMem:75 - Before build in PCC Used Memory: 190231904 Bytes (339738624)
2026-04-07 21:26:11,102 [INFO] UtilMem:75 - After build in PCC Used Memory: 302158304 Bytes (339738624)
2026-04-07 21:26:11,228 [INFO] IPUIPlugin:80 - create IPUIPlugin
2026-04-07 21:26:11,231 [INFO] IPUIPlugin:80 - create IPUIPlugin
2026-04-07 21:26:11,231 [INFO] IPUIPlugin:80 - create IPUIPlugin
2026-04-07 21:26:11,232 [INFO] IPUIPlugin:80 - create IPUIPlugin
2026-04-07 21:26:11,232 [INFO] IPUIPlugin:80 - create IPUIPlugin
2026-04-07 21:26:11,232 [INFO] IPUIPlugin:80 - create IPUIPlugin
2026-04-07 21:26:11,233 [INFO] IPUIPlugin:80 - create IPUIPlugin
2026-04-07 21:26:11,233 [INFO] IPUIPlugin:80 - create IPUIPlugin
2026-04-07 21:26:11,233 [INFO] IPUIPlugin:80 - create IPUIPlugin
2026-04-07 21:26:11,233 [INFO] IPUIPlugin:80 - create IPUIPlugin
2026-04-07 21:26:11,233 [INFO] IPUIPlugin:80 - create IPUIPlugin
2026-04-07 21:26:11,233 [INFO] IPUIPlugin:80 - create IPUIPlugin
2026-04-07 21:26:11,234 [INFO] IPUIPlugin:80 - create IPUIPlugin
2026-04-07 21:26:11,234 [INFO] IPUIPlugin:80 - create IPUIPlugin
2026-04-07 21:26:11,234 [INFO] IPUIPlugin:80 - create IPUIPlugin
2026-04-07 21:26:11,234 [INFO] IPUIPlugin:80 - create IPUIPlugin
2026-04-07 21:26:11,237 [INFO] IPUIPlugin:80 - create IPUIPlugin
2026-04-07 21:26:11,237 [INFO] IPUIPlugin:80 - create IPUIPlugin
2026-04-07 21:26:11,237 [INFO] IPUIPlugin:80 - create IPUIPlugin
2026-04-07 21:26:11,237 [INFO] IPUIPlugin:80 - create IPUIPlugin
2026-04-07 21:26:11,237 [INFO] IPUIPlugin:80 - create IPUIPlugin
2026-04-07 21:26:11,237 [INFO] IPUIPlugin:80 - create IPUIPlugin
2026-04-07 21:26:11,237 [INFO] IPUIPlugin:80 - create IPUIPlugin
2026-04-07 21:26:11,237 [INFO] IPUIPlugin:80 - create IPUIPlugin
2026-04-07 21:26:11,238 [INFO] IPUIPlugin:80 - create IPUIPlugin
2026-04-07 21:26:11,238 [INFO] IPUIPlugin:80 - create IPUIPlugin
2026-04-07 21:26:11,238 [INFO] IPUIPlugin:80 - create IPUIPlugin
2026-04-07 21:26:11,238 [INFO] IPUIPlugin:80 - create IPUIPlugin
2026-04-07 21:26:11,238 [INFO] IPUIPlugin:80 - create IPUIPlugin
2026-04-07 21:26:11,238 [INFO] IPUIPlugin:80 - create IPUIPlugin
2026-04-07 21:26:11,492 [INFO] CADModel:165 - CPN selected for project levelSTM32F042F6P6TR
2026-04-07 21:26:11,493 [INFO] CADModel:114 - Register for checkConnection events
2026-04-07 21:26:11,540 [INFO] OpenFileManager:386 - Restore cursor
2026-04-07 21:26:13,362 [INFO] LogOutputStream:77 - [STDOUT_REDIRECT] 
2026-04-07 21:26:13,669 [INFO] McuFinderGlobals:63 - Set McuFinder mode to 2 (CubeIDE integrated)
2026-04-07 21:26:13,673 [INFO] UserAuth:487 - Internet connection configuration mode: 1
2026-04-07 21:26:13,695 [INFO] JxBrowserEngine:152 - Initiate JxBrowser Engine with user profile folder
2026-04-07 21:26:17,639 [INFO] WebApp:169 - Instantiating new browser for Auth
2026-04-07 21:26:18,625 [INFO] WebApp:463 - Apply proxy settings
2026-04-07 21:26:18,631 [INFO] WebApp:508 - Chromium authenticates against Manually configured proxy
2026-04-07 21:26:18,642 [INFO] WebApp:516 - Username used for proxy authentication: 
2026-04-07 21:26:18,671 [INFO] WebApp:900 - Register for checkConnection events
2026-04-07 21:26:18,672 [INFO] WebApp:463 - Apply proxy settings
2026-04-07 21:26:18,673 [INFO] WebApp:508 - Chromium authenticates against Manually configured proxy
2026-04-07 21:26:18,674 [INFO] WebApp:516 - Username used for proxy authentication: 
2026-04-07 21:26:18,778 [INFO] WebApp:225 - Starting web application
2026-04-07 21:26:18,778 [INFO] WebApp:593 - Web application path used /Applications/STM32CubeIDE.app/Contents/Eclipse/plugins/com.st.stm32cube.common.mx_6.15.0.202507011659/db/plugins/mcufinder/reactClient1/index.html
2026-04-07 21:26:19,203 [INFO] WebApp:191 - Connection restablished
2026-04-07 21:26:19,296 [INFO] UserAuth:487 - Internet connection configuration mode: 1
2026-04-07 21:29:25,930 [INFO] Gpio:278 - dependency for GPIO []
2026-04-07 21:29:38,457 [INFO] Gpio:278 - dependency for GPIO []
2026-04-07 21:29:38,631 [INFO] Gpio:278 - dependency for GPIO []
2026-04-07 21:32:37,541 [INFO] Gpio:278 - dependency for GPIO []
2026-04-07 21:32:45,375 [INFO] UtilMem:75 - End SaveConfig() Used Memory: 883057576 Bytes (1073741824)
2026-04-07 21:32:46,984 [INFO] UtilMem:75 - End SaveConfig() Used Memory: 927817424 Bytes (1073741824)
2026-04-07 21:32:51,305 [INFO] UtilMem:75 - End SaveConfig() Used Memory: 695260032 Bytes (1073741824)
2026-04-07 21:32:51,800 [INFO] BlockDiagram:2775 - set Specific Code input for plugin: NVIC
2026-04-07 21:32:51,801 [INFO] BlockDiagram:2775 - set Specific Code input for plugin: SYS
2026-04-07 21:32:51,801 [INFO] BlockDiagram:2775 - set Specific Code input for plugin: GPIO
2026-04-07 21:32:51,801 [INFO] BlockDiagram:2775 - set Specific Code input for plugin: RCC
2026-04-07 21:32:51,801 [INFO] CodeGenerator:892 - code generatio: config db path: /Applications/STM32CubeIDE.app/Contents/Eclipse/plugins/com.st.stm32cube.common.mx_6.15.0.202507011659//db/
2026-04-07 21:32:51,947 [INFO] CodeEngine:265 - oldGeneratedFile, /Users/jaspertan/Desktop/SCU/MECH208/Final_Project/Code/STM32_Code/tilt_plate/MXTmpFiles/license.tmp_save
2026-04-07 21:32:52,344 [INFO] CodeEngine:289 - Generated code: /Users/jaspertan/Desktop/SCU/MECH208/Final_Project/Code/STM32_Code/tilt_plate/MXTmpFiles/license.tmp
2026-04-07 21:32:52,459 [INFO] CodeEngine:265 - oldGeneratedFile, /Users/jaspertan/Desktop/SCU/MECH208/Final_Project/Code/STM32_Code/tilt_plate/MXTmpFiles/gpio.tmp_save
2026-04-07 21:32:52,613 [INFO] CodeEngine:289 - Generated code: /Users/jaspertan/Desktop/SCU/MECH208/Final_Project/Code/STM32_Code/tilt_plate/MXTmpFiles/gpio.tmp
2026-04-07 21:32:52,649 [INFO] CodeEngine:265 - oldGeneratedFile, /Users/jaspertan/Desktop/SCU/MECH208/Final_Project/Code/STM32_Code/tilt_plate/Core/Src/stm32f0xx_it.c_save
2026-04-07 21:32:52,806 [INFO] CodeEngine:289 - Generated code: /Users/jaspertan/Desktop/SCU/MECH208/Final_Project/Code/STM32_Code/tilt_plate/Core/Src/stm32f0xx_it.c
2026-04-07 21:32:52,808 [INFO] CodeEngine:265 - oldGeneratedFile, /Users/jaspertan/Desktop/SCU/MECH208/Final_Project/Code/STM32_Code/tilt_plate/Core/Inc/stm32f0xx_it.h_save
2026-04-07 21:32:52,860 [INFO] CodeEngine:289 - Generated code: /Users/jaspertan/Desktop/SCU/MECH208/Final_Project/Code/STM32_Code/tilt_plate/Core/Inc/stm32f0xx_it.h
2026-04-07 21:32:52,865 [INFO] CodeEngine:265 - oldGeneratedFile, /Users/jaspertan/Desktop/SCU/MECH208/Final_Project/Code/STM32_Code/tilt_plate/Core/Src/stm32f0xx_hal_msp.c_save
2026-04-07 21:32:52,963 [INFO] CodeEngine:289 - Generated code: /Users/jaspertan/Desktop/SCU/MECH208/Final_Project/Code/STM32_Code/tilt_plate/Core/Src/stm32f0xx_hal_msp.c
2026-04-07 21:32:52,964 [INFO] CodeEngine:265 - oldGeneratedFile, /Users/jaspertan/Desktop/SCU/MECH208/Final_Project/Code/STM32_Code/tilt_plate/MXTmpFiles/system.tmp_save
2026-04-07 21:32:53,040 [INFO] CodeEngine:289 - Generated code: /Users/jaspertan/Desktop/SCU/MECH208/Final_Project/Code/STM32_Code/tilt_plate/MXTmpFiles/system.tmp
2026-04-07 21:32:53,044 [INFO] CodeEngine:321 - oldGeneratedFile, /Users/jaspertan/Desktop/SCU/MECH208/Final_Project/Code/STM32_Code/tilt_plate/Core/Inc/stm32f0xx_hal_conf.h_save
2026-04-07 21:32:53,093 [INFO] CodeEngine:345 - Generated code: /Users/jaspertan/Desktop/SCU/MECH208/Final_Project/Code/STM32_Code/tilt_plate/Core/Inc/stm32f0xx_hal_conf.h
2026-04-07 21:32:53,147 [INFO] ApiDbMcu:532 - Load IP Config File for RCC
2026-04-07 21:32:53,151 [INFO] CodeEngine:265 - oldGeneratedFile, /Users/jaspertan/Desktop/SCU/MECH208/Final_Project/Code/STM32_Code/tilt_plate/Core/Inc/main.h_save
2026-04-07 21:32:53,254 [INFO] CodeEngine:289 - Generated code: /Users/jaspertan/Desktop/SCU/MECH208/Final_Project/Code/STM32_Code/tilt_plate/Core/Inc/main.h
2026-04-07 21:32:53,256 [INFO] CodeEngine:265 - oldGeneratedFile, /Users/jaspertan/Desktop/SCU/MECH208/Final_Project/Code/STM32_Code/tilt_plate/Core/Src/main.c_save
2026-04-07 21:32:53,436 [INFO] CodeEngine:289 - Generated code: /Users/jaspertan/Desktop/SCU/MECH208/Final_Project/Code/STM32_Code/tilt_plate/Core/Src/main.c
2026-04-07 21:32:53,611 [INFO] ProjectBuilder:3606 - Time for Copy HAL[1] : 41mS.
2026-04-07 21:32:53,617 [INFO] ProjectBuilder:5216 - Project Generator version: 4.7.0-B52
2026-04-07 21:32:53,708 [INFO] ConfigFileManager:1595 - The Die is : DIE445
2026-04-07 21:32:53,721 [INFO] ApiDbMcu:532 - Load IP Config File for FATFS
2026-04-07 21:32:53,727 [INFO] ApiDbMcu:532 - Load IP Config File for FREERTOS
2026-04-07 21:32:53,739 [INFO] ApiDbMcu:532 - Load IP Config File for TOUCHSENSING
2026-04-07 21:32:53,748 [INFO] ApiDbMcu:532 - Load IP Config File for USB_DEVICE
2026-04-07 21:32:54,683 [INFO] LogOutputStream:77 - [STDOUT_REDIRECT] 
2026-04-07 21:32:56,362 [INFO] ProjectBuilder:5496 - Time for Generating toolchain IDE Files: 2739mS.
2026-04-07 21:32:56,366 [INFO] ProjectBuilder:3463 - Time for Copy CMSIS : 1mS.
2026-04-07 21:32:56,370 [INFO] ProjectBuilder:3463 - Time for Copy CMSIS : 0mS.
2026-04-07 21:33:02,833 [ERROR] LogOutputStream:75 - [STDERR_REDIRECT] 
2026-04-07 21:33:16,311 [INFO] Activator:176 - 


2026-04-07 21:33:16,312 [INFO] Activator:177 - !SESSION log4j initialized
2026-04-07 21:33:19,625 [INFO] LogOutputStream:77 - [STDOUT_REDIRECT] 
2026-04-07 21:33:21,551 [INFO] LogOutputStream:77 - [STDOUT_REDIRECT] 
2026-04-07 21:33:22,213 [ERROR] LogOutputStream:75 - [STDERR_REDIRECT] 
2026-04-07 21:33:22,821 [INFO] ApplicationProperties:184 - Using Application install path: /Applications/STM32CubeIDE.app/Contents/Eclipse/plugins/com.st.stm32cube.common.mx_6.15.0.202507011659
2026-04-07 21:33:22,832 [INFO] DbMcusXml:78 - Set database path to: /Applications/STM32CubeIDE.app/Contents/Eclipse/plugins/com.st.stm32cube.common.mx_6.15.0.202507011659//db//mcu/
2026-04-07 21:33:22,833 [INFO] ApiDb:274 - Set plugin database path to: /Applications/STM32CubeIDE.app/Contents/Eclipse/plugins/com.st.stm32cube.common.mx_6.15.0.202507011659//db//plugins/boardmanager/
2026-04-07 21:33:22,833 [WARN] ApiDb:259 - Overriding images path with different value:  => /Applications/STM32CubeIDE.app/Contents/Eclipse/plugins/com.st.stm32cube.common.mx_6.15.0.202507011659//db//plugins/mcufinder/images/
2026-04-07 21:33:22,836 [INFO] ApiDb:250 - Set database path to: /Users/jaspertan/.stmcufinder/plugins/mcufinder//mcu/
2026-04-07 21:33:22,837 [INFO] DbMcusAds:125 - Set database path to: /Users/jaspertan/.stmcufinder/plugins/mcufinder//mcu/
2026-04-07 21:33:22,838 [INFO] CrossReferenceDbSqlite:203 - Set database path to: /Users/jaspertan/.stmcufinder/plugins/mcufinder//mcu/cs/
2026-04-07 21:33:22,937 [INFO] RulesReader:64 - Compatibility file has been processed (317 Rules)
2026-04-07 21:33:22,972 [INFO] DbMcusXml:78 - Set database path to: /Applications/STM32CubeIDE.app/Contents/Eclipse/plugins/com.st.stm32cube.common.mx_6.15.0.202507011659//db//mcu/
2026-04-07 21:33:22,972 [INFO] ApiDb:274 - Set plugin database path to: /Applications/STM32CubeIDE.app/Contents/Eclipse/plugins/com.st.stm32cube.common.mx_6.15.0.202507011659//db//plugins/boardmanager/
2026-04-07 21:33:22,973 [INFO] ApiDb:261 - Set plugin images path to: /Applications/STM32CubeIDE.app/Contents/Eclipse/plugins/com.st.stm32cube.common.mx_6.15.0.202507011659//db//plugins/mcufinder/images/
2026-04-07 21:33:22,973 [WARN] DbFile:41 - Overriding database path with different value: /Users/jaspertan/.stmcufinder/plugins/mcufinder/ => /Users/jaspertan/.stmcufinder/plugins/mcufinder
2026-04-07 21:33:22,973 [INFO] ApiDb:250 - Set database path to: /Users/jaspertan/.stmcufinder/plugins/mcufinder//mcu/
2026-04-07 21:33:22,973 [WARN] DbFile:41 - Overriding database path with different value: /Users/jaspertan/.stmcufinder/plugins/mcufinder/ => /Users/jaspertan/.stmcufinder/plugins/mcufinder
2026-04-07 21:33:22,973 [INFO] DbMcusAds:125 - Set database path to: /Users/jaspertan/.stmcufinder/plugins/mcufinder//mcu/
2026-04-07 21:33:22,973 [WARN] DbFile:41 - Overriding database path with different value: /Users/jaspertan/.stmcufinder/plugins/mcufinder/ => /Users/jaspertan/.stmcufinder/plugins/mcufinder
2026-04-07 21:33:22,973 [WARN] DbFile:41 - Overriding database path with different value: /Users/jaspertan/.stmcufinder/plugins/mcufinder/ => /Users/jaspertan/.stmcufinder/plugins/mcufinder
2026-04-07 21:33:22,974 [INFO] CrossReferenceDbSqlite:203 - Set database path to: /Users/jaspertan/.stmcufinder/plugins/mcufinder//mcu/cs/
2026-04-07 21:33:23,019 [INFO] MainPanel:274 - HeapMemory: 268435456
2026-04-07 21:33:23,308 [INFO] DbMcusXml:78 - Set database path to: /Applications/STM32CubeIDE.app/Contents/Eclipse/plugins/com.st.stm32cube.common.mx_6.15.0.202507011659//db//mcu/
2026-04-07 21:33:23,308 [INFO] ApiDb:274 - Set plugin database path to: /Applications/STM32CubeIDE.app/Contents/Eclipse/plugins/com.st.stm32cube.common.mx_6.15.0.202507011659//db//plugins/boardmanager/
2026-04-07 21:33:23,308 [INFO] ApiDb:261 - Set plugin images path to: /Applications/STM32CubeIDE.app/Contents/Eclipse/plugins/com.st.stm32cube.common.mx_6.15.0.202507011659//db//plugins/mcufinder/images/
2026-04-07 21:33:23,308 [WARN] DbFile:41 - Overriding database path with different value: /Users/jaspertan/.stmcufinder/plugins/mcufinder/ => /Users/jaspertan/.stmcufinder/plugins/mcufinder
2026-04-07 21:33:23,308 [INFO] ApiDb:250 - Set database path to: /Users/jaspertan/.stmcufinder/plugins/mcufinder//mcu/
2026-04-07 21:33:23,308 [WARN] DbFile:41 - Overriding database path with different value: /Users/jaspertan/.stmcufinder/plugins/mcufinder/ => /Users/jaspertan/.stmcufinder/plugins/mcufinder
2026-04-07 21:33:23,308 [INFO] DbMcusAds:125 - Set database path to: /Users/jaspertan/.stmcufinder/plugins/mcufinder//mcu/
2026-04-07 21:33:23,308 [WARN] DbFile:41 - Overriding database path with different value: /Users/jaspertan/.stmcufinder/plugins/mcufinder/ => /Users/jaspertan/.stmcufinder/plugins/mcufinder
2026-04-07 21:33:23,308 [WARN] DbFile:41 - Overriding database path with different value: /Users/jaspertan/.stmcufinder/plugins/mcufinder/ => /Users/jaspertan/.stmcufinder/plugins/mcufinder
2026-04-07 21:33:23,308 [INFO] CrossReferenceDbSqlite:203 - Set database path to: /Users/jaspertan/.stmcufinder/plugins/mcufinder//mcu/cs/
2026-04-07 21:33:23,320 [INFO] ApplicationProperties:184 - Using Application install path: /Applications/STM32CubeIDE.app/Contents/Eclipse/plugins/com.st.stm32cube.common.mx_6.15.0.202507011659
2026-04-07 21:33:23,320 [INFO] PluginManage:196 - Search for loadable plugins [exclusion list=, ]
2026-04-07 21:33:23,321 [INFO] PluginManage:310 - Check plugin analytics
2026-04-07 21:33:23,469 [INFO] AnalyticsPlugin:253 - Accepted Software Licenses: 
2026-04-07 21:33:23,470 [INFO] AnalyticsPlugin:255 - Accepted CMSIS Pack Licenses: 
2026-04-07 21:33:23,470 [INFO] AnalyticsPlugin:257 - Accepted Firmware Licenses: FW.F4.1.28.0
2026-04-07 21:33:23,476 [INFO] PluginManage:359 - Loaded plugin analytics (category:tool,tabindex:-1)
2026-04-07 21:33:23,477 [INFO] PluginManage:310 - Check plugin cadmodel
2026-04-07 21:33:23,487 [INFO] CADModel:105 - Init CAD model plugin
2026-04-07 21:33:23,487 [INFO] PluginManage:359 - Loaded plugin cadmodel (category:power,tabindex:5)
2026-04-07 21:33:23,487 [INFO] PluginManage:310 - Check plugin clock
2026-04-07 21:33:23,493 [INFO] PluginManage:359 - Loaded plugin clock (category:base,tabindex:2)
2026-04-07 21:33:23,493 [INFO] PluginManage:310 - Check plugin ddr
2026-04-07 21:33:23,494 [INFO] PluginManage:359 - Loaded plugin ddr (category:tool,tabindex:6)
2026-04-07 21:33:23,494 [INFO] PluginManage:310 - Check plugin filemanager
2026-04-07 21:33:23,603 [INFO] PluginManage:359 - Loaded plugin filemanager (category:base,tabindex:10)
2026-04-07 21:33:23,603 [INFO] PluginManage:310 - Check plugin ipmanager
2026-04-07 21:33:23,608 [INFO] PluginManage:359 - Loaded plugin ipmanager (category:base,tabindex:5)
2026-04-07 21:33:23,608 [INFO] PluginManage:310 - Check plugin lpbam
2026-04-07 21:33:23,614 [INFO] PluginManage:359 - Loaded plugin lpbam (category:base,tabindex:0)
2026-04-07 21:33:23,614 [INFO] PluginManage:310 - Check plugin memorymap
2026-04-07 21:33:23,621 [INFO] PluginManage:359 - Loaded plugin memorymap (category:base,tabindex:4)
2026-04-07 21:33:23,621 [INFO] PluginManage:310 - Check plugin pinoutandconfiguration
2026-04-07 21:33:23,625 [INFO] PluginManage:359 - Loaded plugin pinoutandconfiguration (category:base,tabindex:1)
2026-04-07 21:33:23,625 [INFO] PluginManage:310 - Check plugin pinoutconfig
2026-04-07 21:33:23,688 [WARN] SupportedApi:132 - Cannot load RTOS API schema: s4s-elt-must-match.1: The content of 'definitions' must match (annotation?, (simpleType | complexType)?, (unique | key | keyref)*)). A problem was found starting at: attribute.
2026-04-07 21:33:23,791 [INFO] PluginManage:359 - Loaded plugin pinoutconfig (category:base,tabindex:0)
2026-04-07 21:33:23,791 [INFO] PluginManage:310 - Check plugin power
2026-04-07 21:33:23,800 [INFO] PluginManage:359 - Loaded plugin power (category:power,tabindex:4)
2026-04-07 21:33:23,800 [INFO] PluginManage:310 - Check plugin projectmanager
2026-04-07 21:33:23,821 [INFO] PluginManage:359 - Loaded plugin projectmanager (category:projectmanager,tabindex:4)
2026-04-07 21:33:23,821 [INFO] PluginManage:310 - Check plugin rif
2026-04-07 21:33:23,827 [INFO] PluginManage:359 - Loaded plugin rif (category:base,tabindex:3)
2026-04-07 21:33:23,827 [INFO] PluginManage:310 - Check plugin thirdparty
2026-04-07 21:33:23,935 [INFO] PluginManage:359 - Loaded plugin thirdparty (category:base,tabindex:-1)
2026-04-07 21:33:23,935 [INFO] PluginManage:310 - Check plugin tools
2026-04-07 21:33:23,935 [WARN] IntegrityCheckThread:84 - waiting for thirdparty lock release [integrity check]
2026-04-07 21:33:23,936 [INFO] IntegrityCheckThread:86 - entering critical section [integrity check]
2026-04-07 21:33:23,936 [INFO] ThirdPartyUpdaterWithRetryManager:70 - Updater plugin not ready yet. [1/15]
2026-04-07 21:33:23,937 [INFO] PluginManage:359 - Loaded plugin tools (category:base,tabindex:7)
2026-04-07 21:33:23,937 [INFO] PluginManage:310 - Check plugin tutovideos
2026-04-07 21:33:24,086 [INFO] PluginManage:359 - Loaded plugin tutovideos (category:base,tabindex:-1)
2026-04-07 21:33:24,086 [INFO] PluginManage:310 - Check plugin updater
2026-04-07 21:33:24,109 [INFO] PluginManage:359 - Loaded plugin updater (category:base,tabindex:12)
2026-04-07 21:33:24,109 [INFO] PluginManage:310 - Check plugin userauth
2026-04-07 21:33:24,114 [INFO] UserAuth:118 - Init User Auth plugin
2026-04-07 21:33:24,115 [INFO] PluginManage:359 - Loaded plugin userauth (category:base,tabindex:14)
2026-04-07 21:33:24,116 [INFO] PluginManage:283 - PluginManage : Loaded plugins [18]
2026-04-07 21:33:24,338 [INFO] PinOutPanel:1589 - setPackage(No Configuration,No Configuration)
2026-04-07 21:33:24,422 [INFO] CADModel:165 - CPN selected for project level
2026-04-07 21:33:24,422 [INFO] CADModel:114 - Register for checkConnection events
2026-04-07 21:33:24,431 [INFO] IPUIPlugin:80 - create IPUIPlugin
2026-04-07 21:33:24,431 [INFO] PluginManager:220 - loadIPPluginJar : add mdma
2026-04-07 21:33:24,436 [INFO] IPUIPlugin:80 - create IPUIPlugin
2026-04-07 21:33:24,437 [INFO] PluginManager:220 - loadIPPluginJar : add freertos
2026-04-07 21:33:24,439 [INFO] IPUIPlugin:80 - create IPUIPlugin
2026-04-07 21:33:24,439 [INFO] PluginManager:220 - loadIPPluginJar : add gic
2026-04-07 21:33:24,446 [INFO] IPUIPlugin:80 - create IPUIPlugin
2026-04-07 21:33:24,447 [INFO] PluginManager:220 - loadIPPluginJar : add adc
2026-04-07 21:33:24,449 [INFO] IPUIPlugin:80 - create IPUIPlugin
2026-04-07 21:33:24,449 [INFO] PluginManager:220 - loadIPPluginJar : add gtzc
2026-04-07 21:33:24,450 [INFO] IPUIPlugin:80 - create IPUIPlugin
2026-04-07 21:33:24,450 [INFO] PluginManager:220 - loadIPPluginJar : add quadspi
2026-04-07 21:33:24,451 [INFO] IPUIPlugin:80 - create IPUIPlugin
2026-04-07 21:33:24,451 [INFO] PluginManager:220 - loadIPPluginJar : add aes
2026-04-07 21:33:24,452 [INFO] IPUIPlugin:80 - create IPUIPlugin
2026-04-07 21:33:24,452 [INFO] PluginManager:220 - loadIPPluginJar : add pdm2pcm
2026-04-07 21:33:24,453 [INFO] IPUIPlugin:80 - create IPUIPlugin
2026-04-07 21:33:24,453 [INFO] PluginManager:220 - loadIPPluginJar : add hash
2026-04-07 21:33:24,454 [INFO] IPUIPlugin:80 - create IPUIPlugin
2026-04-07 21:33:24,454 [INFO] PluginManager:220 - loadIPPluginJar : add tim
2026-04-07 21:33:24,454 [INFO] IPUIPlugin:80 - create IPUIPlugin
2026-04-07 21:33:24,454 [INFO] PluginManager:220 - loadIPPluginJar : add tsc
2026-04-07 21:33:24,456 [INFO] IPUIPlugin:80 - create IPUIPlugin
2026-04-07 21:33:24,457 [INFO] PluginManager:220 - loadIPPluginJar : add extmemmanager
2026-04-07 21:33:24,457 [INFO] IPUIPlugin:80 - create IPUIPlugin
2026-04-07 21:33:24,457 [INFO] PluginManager:220 - loadIPPluginJar : add ts
2026-04-07 21:33:24,458 [INFO] IPUIPlugin:80 - create IPUIPlugin
2026-04-07 21:33:24,458 [INFO] PluginManager:220 - loadIPPluginJar : add radio
2026-04-07 21:33:24,459 [INFO] IPUIPlugin:80 - create IPUIPlugin
2026-04-07 21:33:24,459 [INFO] PluginManager:220 - loadIPPluginJar : add can
2026-04-07 21:33:24,460 [INFO] IPUIPlugin:80 - create IPUIPlugin
2026-04-07 21:33:24,460 [INFO] PluginManager:220 - loadIPPluginJar : add dma3
2026-04-07 21:33:24,461 [INFO] IPUIPlugin:80 - create IPUIPlugin
2026-04-07 21:33:24,461 [INFO] PluginManager:220 - loadIPPluginJar : add dfsdm
2026-04-07 21:33:24,461 [INFO] IPUIPlugin:80 - create IPUIPlugin
2026-04-07 21:33:24,462 [INFO] PluginManager:220 - loadIPPluginJar : add spi
2026-04-07 21:33:24,463 [INFO] IPUIPlugin:80 - create IPUIPlugin
2026-04-07 21:33:24,463 [INFO] PluginManager:220 - loadIPPluginJar : add gfxmmu
2026-04-07 21:33:24,464 [INFO] IPUIPlugin:80 - create IPUIPlugin
2026-04-07 21:33:24,464 [INFO] PluginManager:220 - loadIPPluginJar : add genericplugin
2026-04-07 21:33:24,465 [INFO] IPUIPlugin:80 - create IPUIPlugin
2026-04-07 21:33:24,465 [INFO] PluginManager:220 - loadIPPluginJar : add cryp
2026-04-07 21:33:24,467 [INFO] IPUIPlugin:80 - create IPUIPlugin
2026-04-07 21:33:24,467 [INFO] PluginManager:220 - loadIPPluginJar : add gpio
2026-04-07 21:33:24,469 [INFO] IPUIPlugin:80 - create IPUIPlugin
2026-04-07 21:33:24,469 [INFO] PluginManager:220 - loadIPPluginJar : add ddr_ctrl_phy
2026-04-07 21:33:24,470 [INFO] IPUIPlugin:80 - create IPUIPlugin
2026-04-07 21:33:24,470 [INFO] PluginManager:220 - loadIPPluginJar : add comp
2026-04-07 21:33:24,471 [INFO] IPUIPlugin:80 - create IPUIPlugin
2026-04-07 21:33:24,471 [INFO] PluginManager:220 - loadIPPluginJar : add tracer_emb
2026-04-07 21:33:24,473 [INFO] IPUIPlugin:80 - create IPUIPlugin
2026-04-07 21:33:24,473 [INFO] PluginManager:220 - loadIPPluginJar : add openamp
2026-04-07 21:33:24,475 [INFO] IPUIPlugin:80 - create IPUIPlugin
2026-04-07 21:33:24,476 [INFO] PluginManager:220 - loadIPPluginJar : add stm32_wpan
2026-04-07 21:33:24,479 [INFO] IPUIPlugin:80 - create IPUIPlugin
2026-04-07 21:33:24,481 [INFO] PluginManager:220 - loadIPPluginJar : add plateformsettings
2026-04-07 21:33:24,483 [INFO] IPUIPlugin:80 - create IPUIPlugin
2026-04-07 21:33:24,483 [INFO] PluginManager:220 - loadIPPluginJar : add ipddr
2026-04-07 21:33:24,484 [INFO] IPUIPlugin:80 - create IPUIPlugin
2026-04-07 21:33:24,484 [INFO] PluginManager:220 - loadIPPluginJar : add usart
2026-04-07 21:33:24,485 [INFO] IPUIPlugin:80 - create IPUIPlugin
2026-04-07 21:33:24,485 [INFO] PluginManager:220 - loadIPPluginJar : add ltdc
2026-04-07 21:33:24,487 [INFO] IPUIPlugin:80 - create IPUIPlugin
2026-04-07 21:33:24,487 [INFO] PluginManager:220 - loadIPPluginJar : add nvic
2026-04-07 21:33:24,488 [INFO] IPUIPlugin:80 - create IPUIPlugin
2026-04-07 21:33:24,488 [INFO] PluginManager:220 - loadIPPluginJar : add fatfs
2026-04-07 21:33:24,492 [INFO] IPUIPlugin:80 - create IPUIPlugin
2026-04-07 21:33:24,492 [INFO] PluginManager:220 - loadIPPluginJar : add linkedlist
2026-04-07 21:33:24,496 [INFO] IPUIPlugin:80 - create IPUIPlugin
2026-04-07 21:33:24,496 [INFO] PluginManager:220 - loadIPPluginJar : add dma
2026-04-07 21:33:24,498 [INFO] IPUIPlugin:80 - create IPUIPlugin
2026-04-07 21:33:24,498 [INFO] PluginManager:220 - loadIPPluginJar : add fmc
2026-04-07 21:33:24,499 [INFO] IPUIPlugin:80 - create IPUIPlugin
2026-04-07 21:33:24,499 [INFO] PluginManager:220 - loadIPPluginJar : add i2s
2026-04-07 21:33:24,500 [INFO] IPUIPlugin:80 - create IPUIPlugin
2026-04-07 21:33:24,500 [INFO] PluginManager:220 - loadIPPluginJar : add ucpd
2026-04-07 21:33:24,501 [INFO] IPUIPlugin:80 - create IPUIPlugin
2026-04-07 21:33:24,501 [INFO] PluginManager:220 - loadIPPluginJar : add lorawan
2026-04-07 21:33:24,503 [INFO] IPUIPlugin:80 - create IPUIPlugin
2026-04-07 21:33:24,503 [INFO] PluginManager:220 - loadIPPluginJar : add opamp
2026-04-07 21:33:24,505 [INFO] IPUIPlugin:80 - create IPUIPlugin
2026-04-07 21:33:24,505 [INFO] PluginManager:220 - loadIPPluginJar : add i3c
2026-04-07 21:33:24,506 [INFO] IPUIPlugin:80 - create IPUIPlugin
2026-04-07 21:33:24,506 [INFO] PluginManager:220 - loadIPPluginJar : add touchsensing
2026-04-07 21:33:24,508 [INFO] IPUIPlugin:80 - create IPUIPlugin
2026-04-07 21:33:24,508 [INFO] PluginManager:220 - loadIPPluginJar : add i2c
2026-04-07 21:33:24,510 [INFO] IPUIPlugin:80 - create IPUIPlugin
2026-04-07 21:33:24,510 [INFO] PluginManager:220 - loadIPPluginJar : add resmgrutility
2026-04-07 21:33:24,512 [INFO] IPUIPlugin:80 - create IPUIPlugin
2026-04-07 21:33:24,512 [INFO] PluginManager:220 - loadIPPluginJar : add sai
2026-04-07 21:33:24,513 [INFO] IPUIPlugin:80 - create IPUIPlugin
2026-04-07 21:33:24,513 [INFO] PluginManager:220 - loadIPPluginJar : add usbx
2026-04-07 21:33:24,619 [FATAL] Updater:351 - Updater called before beeing initialized
2026-04-07 21:33:24,674 [INFO] RulesReader:64 - Compatibility file has been processed (317 Rules)
2026-04-07 21:33:24,691 [INFO] RulesReader:64 - Compatibility file has been processed (317 Rules)
2026-04-07 21:33:24,700 [INFO] CADModel:165 - CPN selected for project level
2026-04-07 21:33:24,700 [INFO] CADModel:114 - Register for checkConnection events
2026-04-07 21:33:24,700 [FATAL] Updater:351 - Updater called before beeing initialized
2026-04-07 21:33:24,700 [ERROR] CADModel:125 - Updater not yet initialized, retry later 
2026-04-07 21:33:24,850 [FATAL] Updater:351 - Updater called before beeing initialized
2026-04-07 21:33:24,851 [INFO] CADModel:165 - CPN selected for project level
2026-04-07 21:33:24,851 [INFO] CADModel:114 - Register for checkConnection events
2026-04-07 21:33:24,851 [FATAL] Updater:351 - Updater called before beeing initialized
2026-04-07 21:33:24,852 [ERROR] CADModel:125 - Updater not yet initialized, retry later 
2026-04-07 21:33:24,853 [FATAL] Updater:351 - Updater called before beeing initialized
2026-04-07 21:33:24,971 [FATAL] Updater:351 - Updater called before beeing initialized
2026-04-07 21:33:24,975 [INFO] DbMcusAds:53 - JSON generation date=Thu Mar 05 06:32:52 PST 2026 (1772721172890)
2026-04-07 21:33:24,975 [FATAL] Updater:351 - Updater called before beeing initialized
2026-04-07 21:33:25,010 [WARN] DetailPanel:346 - Failed to get advertising image, set to default
2026-04-07 21:33:25,067 [FATAL] Updater:351 - Updater called before beeing initialized
2026-04-07 21:33:25,068 [FATAL] Updater:351 - Updater called before beeing initialized
2026-04-07 21:33:25,069 [FATAL] Updater:351 - Updater called before beeing initialized
2026-04-07 21:33:25,069 [WARN] DetailPanel:346 - Failed to get advertising image, set to default
2026-04-07 21:33:25,071 [FATAL] Updater:351 - Updater called before beeing initialized
2026-04-07 21:33:25,101 [ERROR] Updater:1198 - MainUpdater not yet initialized. External WinMGr cannot be set.
2026-04-07 21:33:25,104 [INFO] Updater:1134 - Updater Version found : 6.15.0
2026-04-07 21:33:25,115 [INFO] ApplicationProperties:184 - Using Application install path: /Applications/STM32CubeIDE.app/Contents/Eclipse/plugins/com.st.stm32cube.common.mx_6.15.0.202507011659
2026-04-07 21:33:25,495 [INFO] MainUpdater:2872 - connection check result : 10
2026-04-07 21:33:25,496 [INFO] MainUpdater:289 - Updater Check For Update Now.
2026-04-07 21:33:25,496 [INFO] MicroXplorer:498 - Change Database Version : DB.6.0.150
2026-04-07 21:33:25,507 [INFO] McuFinderGlobals:63 - Set McuFinder mode to 2 (CubeIDE integrated)
2026-04-07 21:33:25,508 [INFO] UserAuth:487 - Internet connection configuration mode: 1
2026-04-07 21:33:25,532 [INFO] JxBrowserEngine:152 - Initiate JxBrowser Engine with user profile folder
2026-04-07 21:33:25,831 [INFO] CheckServerUpdateThread:120 - End of CheckServer Thread
2026-04-07 21:33:26,971 [INFO] McuFinderGlobals:63 - Set McuFinder mode to 2 (CubeIDE integrated)
2026-04-07 21:33:27,121 [WARN] PackLoader:240 - Cannot read IP mode file for STMicroelectronics.X-CUBE-AZRTOS-H7.3.5.0
2026-04-07 21:33:27,158 [WARN] PackLoader:240 - Cannot read IP mode file for STMicroelectronics.FP-SNS-MOTENVWB1.1.4.0
2026-04-07 21:33:27,173 [WARN] PackLoader:240 - Cannot read IP mode file for STMicroelectronics.FP-ATR-ASTRA1.2.0.2
2026-04-07 21:33:27,174 [INFO] MainUpdater:2872 - connection check result : 10
2026-04-07 21:33:27,176 [INFO] MainUpdater:2872 - connection check result : 10
2026-04-07 21:33:27,182 [WARN] PackLoader:240 - Cannot read IP mode file for STMicroelectronics.X-CUBE-SMBUS.2.1.0
2026-04-07 21:33:27,192 [WARN] PackLoader:240 - Cannot read IP mode file for STMicroelectronics.X-CUBE-ST60.1.0.0
2026-04-07 21:33:27,236 [WARN] PackLoader:240 - Cannot read IP mode file for STMicroelectronics.X-CUBE-AZRTOS-F7.1.1.0
2026-04-07 21:33:27,266 [WARN] PackLoader:240 - Cannot read IP mode file for STMicroelectronics.FP-SNS-MOTENV1.5.1.0
2026-04-07 21:33:27,321 [WARN] PackLoader:240 - Cannot read IP mode file for Infineon.AIROC-Wi-Fi-Bluetooth-STM32.1.7.0
2026-04-07 21:33:27,389 [WARN] PackLoader:240 - Cannot read IP mode file for STMicroelectronics.X-CUBE-AZRTOS-H7.3.4.0
2026-04-07 21:33:27,435 [WARN] PackLoader:240 - Cannot read IP mode file for STMicroelectronics.X-CUBE-DISPLAY.3.0.0
2026-04-07 21:33:27,447 [WARN] PackLoader:240 - Cannot read IP mode file for STMicroelectronics.FP-SNS-MOTENVWB1.1.5.0
2026-04-07 21:33:27,464 [WARN] PackLoader:240 - Cannot read IP mode file for STMicroelectronics.X-CUBE-NFC10.1.0.0
2026-04-07 21:33:27,493 [WARN] PackLoader:240 - Cannot read IP mode file for STMicroelectronics.X-CUBE-BLEMGR.4.0.0
2026-04-07 21:33:27,507 [WARN] PackLoader:240 - Cannot read IP mode file for STMicroelectronics.X-CUBE-ST60.1.1.0
2026-04-07 21:33:27,515 [WARN] PackLoader:240 - Cannot read IP mode file for emotas.I-CUBE-CANOPEN.1.3.0
2026-04-07 21:33:27,523 [WARN] PackLoader:240 - Cannot read IP mode file for STMicroelectronics.X-CUBE-GNSS1.7.1.0
2026-04-07 21:33:27,529 [WARN] ConditionMgr:438 - getConditionDescription Invalid condition id : Cortex-A Device cause : null
2026-04-07 21:33:27,540 [WARN] ConditionMgr:1044 - genDependencies : Invalid condition id : Cortex-A Device cause : null
2026-04-07 21:33:27,540 [WARN] ConditionMgr:1044 - genDependencies : Invalid condition id : Cortex-A Device cause : null
2026-04-07 21:33:27,541 [WARN] ConditionMgr:1044 - genDependencies : Invalid condition id : Cortex-A Device cause : null
2026-04-07 21:33:27,546 [WARN] PackLoader:240 - Cannot read IP mode file for STMicroelectronics.X-CUBE-AI.10.0.0
2026-04-07 21:33:27,557 [WARN] PackLoader:240 - Cannot read IP mode file for STMicroelectronics.FP-SNS-STBOX1.2.1.0
2026-04-07 21:33:27,562 [WARN] PackLoader:240 - Cannot read IP mode file for STMicroelectronics.FP-SNS-SMARTAG2.1.2.0
2026-04-07 21:33:27,566 [WARN] PackLoader:240 - Cannot read IP mode file for STMicroelectronics.FP-SNS-FLIGHT1.5.1.0
2026-04-07 21:33:27,573 [INFO] LogOutputStream:77 - [STDOUT_REDIRECT] 1 : Invalid condition id : UX_CORESTACK_Condition cause : null
2026-04-07 21:33:27,574 [INFO] LogOutputStream:77 - [STDOUT_REDIRECT] 1 : Invalid condition id : UX_CORESTACK_Condition cause : null
2026-04-07 21:33:27,575 [INFO] LogOutputStream:77 - [STDOUT_REDIRECT] 1 : Invalid condition id : UX_CORESTACK_Condition cause : null
2026-04-07 21:33:27,575 [INFO] LogOutputStream:77 - [STDOUT_REDIRECT] 1 : Invalid condition id : UX_CORESTACK_Condition cause : null
2026-04-07 21:33:27,575 [INFO] LogOutputStream:77 - [STDOUT_REDIRECT] 1 : Invalid condition id : UX_CORESTACK_Condition cause : null
2026-04-07 21:33:27,581 [WARN] PackLoader:240 - Cannot read IP mode file for STMicroelectronics.X-CUBE-AZRTOS-WL.2.0.0
2026-04-07 21:33:27,586 [WARN] PackLoader:240 - Cannot read IP mode file for STMicroelectronics.FP-SNS-MOTENV1.5.0.0
2026-04-07 21:33:27,604 [WARN] PackLoader:240 - Cannot read IP mode file for STMicroelectronics.X-CUBE-AZRTOS-H7RS.1.2.0
2026-04-07 21:33:27,618 [WARN] PackLoader:240 - Cannot read IP mode file for WES.I-CUBE-Cesium.1.3.0
2026-04-07 21:33:27,629 [WARN] PackLoader:240 - Cannot read IP mode file for STMicroelectronics.X-CUBE-BLE2.3.3.0
2026-04-07 21:33:27,807 [WARN] PackLoader:240 - Cannot read IP mode file for STMicroelectronics.X-CUBE-NFC9.1.0.0
2026-04-07 21:33:28,063 [WARN] PackLoader:240 - Cannot read IP mode file for STMicroelectronics.X-CUBE-BLE1.7.1.0
2026-04-07 21:33:28,095 [WARN] PackLoader:240 - Cannot read IP mode file for wolfSSL.I-CUBE-wolfMQTT.1.19.2
2026-04-07 21:33:28,115 [WARN] PackLoader:240 - Cannot read IP mode file for STMicroelectronics.X-CUBE-FREERTOS.1.4.0
2026-04-07 21:33:28,125 [WARN] PackLoader:240 - Cannot read IP mode file for STMicroelectronics.X-CUBE-EEPRMA1.5.2.0
2026-04-07 21:33:28,138 [WARN] PackLoader:240 - Cannot read IP mode file for STMicroelectronics.X-CUBE-ST67W61.1.1.0
2026-04-07 21:33:28,142 [WARN] PackLoader:240 - Cannot read IP mode file for STMicroelectronics.X-CUBE-AI.10.1.0
2026-04-07 21:33:28,196 [WARN] PackLoader:240 - Cannot read IP mode file for STMicroelectronics.X-CUBE-MEMS1.12.0.0
2026-04-07 21:33:28,212 [INFO] MicroXplorer:468 - Change Database Path : 
2026-04-07 21:33:28,218 [INFO] MicroXplorer:498 - Change Database Version : DB.6.0.150
2026-04-07 21:33:28,231 [WARN] ThirdParty:871 - waiting for thirdparty lock release [close project]
2026-04-07 21:33:28,310 [WARN] PackLoader:240 - Cannot read IP mode file for STMicroelectronics.X-CUBE-MEMS1.11.2.0
2026-04-07 21:33:28,385 [WARN] PackLoader:240 - Cannot read IP mode file for STMicroelectronics.X-CUBE-AZRTOS-G0.1.1.0
2026-04-07 21:33:28,395 [WARN] PackLoader:240 - Cannot read IP mode file for STMicroelectronics.X-CUBE-SAFEA1.1.2.2
2026-04-07 21:33:28,400 [WARN] PackLoader:240 - Cannot read IP mode file for STMicroelectronics.X-CUBE-NFC4.3.0.0
2026-04-07 21:33:28,407 [WARN] PackLoader:240 - Cannot read IP mode file for EmbeddedOffice.I-CUBE-FS-RTOS.1.0.1
2026-04-07 21:33:28,411 [WARN] PackLoader:240 - Cannot read IP mode file for STMicroelectronics.X-CUBE-WB05N.2.0.0
2026-04-07 21:33:28,415 [WARN] PackLoader:240 - Cannot read IP mode file for wolfSSL.I-CUBE-wolfTPM.3.8.0
2026-04-07 21:33:28,420 [WARN] PackLoader:240 - Cannot read IP mode file for STMicroelectronics.X-CUBE-TCPP.4.2.0
2026-04-07 21:33:28,425 [WARN] PackLoader:240 - Cannot read IP mode file for RealThread.X-CUBE-RT-Thread_Nano.4.1.1
2026-04-07 21:33:28,428 [WARN] PackLoader:240 - Cannot read IP mode file for STMicroelectronics.FP-ATR-SIGFOX1.3.2.0
2026-04-07 21:33:28,433 [WARN] PackLoader:240 - Cannot read IP mode file for STMicroelectronics.X-CUBE-EEPRMA1.5.1.0
2026-04-07 21:33:28,438 [WARN] PackLoader:240 - Cannot read IP mode file for STMicroelectronics.X-CUBE-FREERTOS.1.5.0
2026-04-07 21:33:28,440 [WARN] PackLoader:240 - Cannot read IP mode file for wolfSSL.I-CUBE-wolfSSL.5.7.6
2026-04-07 21:33:28,443 [WARN] PackLoader:240 - Cannot read IP mode file for ITTIA_DB.I-CUBE-ITTIADB.8.9.0
2026-04-07 21:33:28,449 [WARN] PackLoader:240 - Cannot read IP mode file for STMicroelectronics.X-CUBE-NFC6.3.2.0
2026-04-07 21:33:28,469 [WARN] PackLoader:240 - Cannot read IP mode file for STMicroelectronics.X-CUBE-ST67W61.1.0.0
2026-04-07 21:33:28,475 [WARN] PackLoader:240 - Cannot read IP mode file for STMicroelectronics.X-CUBE-AI.10.2.0
2026-04-07 21:33:28,506 [WARN] PackLoader:240 - Cannot read IP mode file for SEGGER.I-CUBE-embOS.1.3.1
2026-04-07 21:33:28,525 [WARN] PackLoader:240 - Cannot read IP mode file for STMicroelectronics.X-CUBE-ALGOBUILD.1.4.0
2026-04-07 21:33:28,575 [WARN] PackLoader:240 - Cannot read IP mode file for STMicroelectronics.X-CUBE-MEMS1.11.3.0
2026-04-07 21:33:28,789 [WARN] PackLoader:240 - Cannot read IP mode file for STMicroelectronics.X-CUBE-PM33A1.1.0.0
2026-04-07 21:33:28,841 [WARN] PackLoader:240 - Cannot read IP mode file for STMicroelectronics.X-CUBE-AZRTOS-F4.1.1.0
2026-04-07 21:33:28,856 [WARN] PackLoader:240 - Cannot read IP mode file for Avnet-IotConnect.X-CUBE-IoTC-DA16k-PMOD.1.0.0
2026-04-07 21:33:28,860 [WARN] PackLoader:240 - Cannot read IP mode file for STMicroelectronics.X-CUBE-ISPU.2.1.0
2026-04-07 21:33:28,872 [WARN] PackLoader:240 - Cannot read IP mode file for STMicroelectronics.X-CUBE-IPS.3.2.0
2026-04-07 21:33:28,880 [WARN] PackLoader:240 - Cannot read IP mode file for STMicroelectronics.eDS-WB_DPC_TT-BIDIR.2.1.1
2026-04-07 21:33:28,885 [WARN] PackLoader:240 - Cannot read IP mode file for STMicroelectronics.X-CUBE-NFC12.1.0.0
2026-04-07 21:33:28,904 [WARN] PackLoader:240 - Cannot read IP mode file for STMicroelectronics.X-CUBE-AZRTOS-L5.2.0.0
2026-04-07 21:33:28,913 [WARN] PackLoader:240 - Cannot read IP mode file for STMicroelectronics.X-CUBE-NFC6.3.1.0
2026-04-07 21:33:28,917 [WARN] PackLoader:240 - Cannot read IP mode file for STMicroelectronics.eDS-WB_DPC_VIENNA.1.2.0
2026-04-07 21:33:28,918 [WARN] PackLoader:240 - Cannot read IP mode file for STMicroelectronics.eDS-WB_DPC_3PH2L-BIDIR.1.1.1
2026-04-07 21:33:28,922 [WARN] PackLoader:240 - Cannot read IP mode file for STMicroelectronics.X-CUBE-FREERTOS.1.3.1
2026-04-07 21:33:28,925 [WARN] PackLoader:240 - Cannot read IP mode file for STMicroelectronics.X-CUBE-FREERTOS.1.3.0
2026-04-07 21:33:28,928 [WARN] PackLoader:240 - Cannot read IP mode file for STMicroelectronics.X-CUBE-NFC7.1.0.1
2026-04-07 21:33:28,942 [WARN] PackLoader:240 - Cannot read IP mode file for STMicroelectronics.X-CUBE-TOUCHGFX.4.26.0
2026-04-07 21:33:28,943 [WARN] PackLoader:240 - Cannot read IP mode file for STMicroelectronics.X-CUBE-TOUCHGFX.4.26.1
2026-04-07 21:33:28,947 [WARN] PackLoader:240 - Cannot read IP mode file for STMicroelectronics.FP-SNS-STAIOTCFT.1.0.0
2026-04-07 21:33:28,952 [WARN] PackLoader:240 - Cannot read IP mode file for STMicroelectronics.X-CUBE-DPower.1.3.0
2026-04-07 21:33:28,969 [WARN] ConditionMgr:438 - getConditionDescription Invalid condition id : LAN8742 Phy interface Condition cause : null
2026-04-07 21:33:28,970 [WARN] PackLoader:240 - Cannot read IP mode file for STMicroelectronics.X-CUBE-AZRTOS-L4.2.0.0
2026-04-07 21:33:28,972 [WARN] ConditionMgr:1044 - genDependencies : Invalid condition id : LAN8742 Phy interface Condition cause : null
2026-04-07 21:33:28,976 [WARN] ConditionMgr:1044 - genDependencies : Invalid condition id : LAN8742 Phy interface Condition cause : null
2026-04-07 21:33:28,978 [WARN] ConditionMgr:1044 - genDependencies : Invalid condition id : LAN8742 Phy interface Condition cause : null
2026-04-07 21:33:28,988 [WARN] PackLoader:240 - Cannot read IP mode file for STMicroelectronics.X-CUBE-SFXS2LP1.4.0.0
2026-04-07 21:33:28,994 [WARN] PackLoader:240 - Cannot read IP mode file for STMicroelectronics.X-CUBE-ST67W61.1.2.0
2026-04-07 21:33:29,015 [WARN] PackLoader:240 - Cannot read IP mode file for STMicroelectronics.X-CUBE-AZRTOS-H7.3.3.0
2026-04-07 21:33:29,031 [WARN] PackLoader:240 - Cannot read IP mode file for STMicroelectronics.X-CUBE-BLEMGR.4.1.0
2026-04-07 21:33:29,043 [WARN] ConditionMgr:438 - getConditionDescription Invalid condition id : UX DEVICE CLASS RTOS Condition cause : null
2026-04-07 21:33:29,043 [WARN] ConditionMgr:438 - getConditionDescription Invalid condition id : UX DEVICE CLASS RTOS Condition cause : null
2026-04-07 21:33:29,046 [WARN] PackLoader:240 - Cannot read IP mode file for STMicroelectronics.X-CUBE-AZRTOS-WB.2.0.0
2026-04-07 21:33:29,047 [WARN] ConditionMgr:1044 - genDependencies : Invalid condition id : UX DEVICE CLASS RTOS Condition cause : null
2026-04-07 21:33:29,047 [WARN] ConditionMgr:1044 - genDependencies : Invalid condition id : UX DEVICE CLASS RTOS Condition cause : null
2026-04-07 21:33:29,047 [WARN] ConditionMgr:1044 - genDependencies : Invalid condition id : UX DEVICE CLASS RTOS Condition cause : null
2026-04-07 21:33:29,048 [WARN] ConditionMgr:1044 - genDependencies : Invalid condition id : UX DEVICE CLASS RTOS Condition cause : null
2026-04-07 21:33:29,048 [WARN] ConditionMgr:1044 - genDependencies : Invalid condition id : UX DEVICE CLASS RTOS Condition cause : null
2026-04-07 21:33:29,070 [WARN] PackLoader:240 - Cannot read IP mode file for STMicroelectronics.X-CUBE-GNSS1.7.0.1
2026-04-07 21:33:29,073 [WARN] PackLoader:240 - Cannot read IP mode file for STMicroelectronics.X-CUBE-TOUCHGFX.4.25.0
2026-04-07 21:33:29,077 [WARN] PackLoader:240 - Cannot read IP mode file for STMicroelectronics.FP-SNS-STBOX1.2.0.0
2026-04-07 21:33:29,084 [WARN] PackLoader:240 - Cannot read IP mode file for STMicroelectronics.X-CUBE-STSE01.2.0.0
2026-04-07 21:33:29,093 [WARN] PackLoader:240 - Cannot read IP mode file for STMicroelectronics.X-CUBE-SUBG2.5.0.0
2026-04-07 21:33:29,114 [WARN] PackLoader:240 - Cannot read IP mode file for STMicroelectronics.X-CUBE-AZRTOS-H7RS.1.1.0
2026-04-07 21:33:29,119 [WARN] PackLoader:240 - Cannot read IP mode file for Cesanta.I-CUBE-Mongoose.7.13.0
2026-04-07 21:33:29,131 [WARN] PackLoader:240 - Cannot read IP mode file for STMicroelectronics.X-CUBE-AZRTOS-G4.2.0.0
2026-04-07 21:33:29,135 [WARN] PackLoader:240 - Cannot read IP mode file for wolfSSL.I-CUBE-wolfSSH.1.4.20
2026-04-07 21:33:29,137 [WARN] PackLoader:240 - Cannot read IP mode file for STMicroelectronics.X-CUBE-NFC7.2.0.0
2026-04-07 21:33:29,145 [WARN] PackLoader:240 - Cannot read IP mode file for STMicroelectronics.X-CUBE-IPS.3.1.0
2026-04-07 21:33:29,150 [WARN] PackLoader:240 - Cannot read IP mode file for STMicroelectronics.X-CUBE-ALS.1.0.2
2026-04-07 21:33:29,156 [WARN] PackLoader:240 - Cannot read IP mode file for STMicroelectronics.X-CUBE-STSE01.1.0.0
2026-04-07 21:33:29,162 [WARN] PackLoader:240 - Cannot read IP mode file for portGmbH.I-Cube-SoM-uGOAL.1.1.0
2026-04-07 21:33:29,180 [WARN] PackLoader:240 - Cannot read IP mode file for STMicroelectronics.X-CUBE-TOF1.3.4.3
2026-04-07 21:33:29,213 [INFO] ThirdParty:978 - Integrity check success = true
2026-04-07 21:33:29,213 [INFO] IntegrityCheckThread:100 - exiting critical section [integrity check]
2026-04-07 21:33:29,214 [INFO] IntegrityCheckThread:103 - End integrity checks thread
2026-04-07 21:33:29,214 [INFO] ThirdParty:873 - entering critical section [close project]
2026-04-07 21:33:29,220 [INFO] ThirdParty:883 - exiting critical section [close project]
2026-04-07 21:33:29,272 [INFO] PinOutPanel:1589 - setPackage(No Configuration,No Configuration)
2026-04-07 21:33:29,323 [INFO] UtilMem:75 - Begin LoadConfig() Used Memory: 243125320 Bytes (311427072)
2026-04-07 21:33:29,335 [INFO] MicroXplorer:468 - Change Database Path : 
2026-04-07 21:33:29,336 [INFO] MicroXplorer:498 - Change Database Version : DB.6.0.150
2026-04-07 21:33:29,337 [INFO] OpenFileManager:355 - Change cursor
2026-04-07 21:33:29,543 [INFO] Mcu:2029 - Initializing MCU STM32F042F6Px STM32F042F6Px STM32F042F6P6TR
2026-04-07 21:33:29,571 [INFO] WebApp:169 - Instantiating new browser for Auth
2026-04-07 21:33:30,892 [INFO] Context:786 - Trying to add GPIOservice into a context  which must be forbidden
2026-04-07 21:33:30,947 [INFO] WebApp:463 - Apply proxy settings
2026-04-07 21:33:30,966 [INFO] WebApp:508 - Chromium authenticates against Manually configured proxy
2026-04-07 21:33:30,983 [INFO] WebApp:516 - Username used for proxy authentication: 
2026-04-07 21:33:31,019 [INFO] WebApp:900 - Register for checkConnection events
2026-04-07 21:33:31,019 [INFO] WebApp:463 - Apply proxy settings
2026-04-07 21:33:31,025 [INFO] WebApp:508 - Chromium authenticates against Manually configured proxy
2026-04-07 21:33:31,026 [INFO] WebApp:516 - Username used for proxy authentication: 
2026-04-07 21:33:31,198 [INFO] WebApp:225 - Starting web application
2026-04-07 21:33:31,198 [INFO] WebApp:593 - Web application path used /Applications/STM32CubeIDE.app/Contents/Eclipse/plugins/com.st.stm32cube.common.mx_6.15.0.202507011659/db/plugins/mcufinder/reactClient1/index.html
2026-04-07 21:33:31,390 [INFO] ImportTextPane:234 - (OptionalMessage_ERROR) Pin3 (VP_RIF_VS_RIF1) cannot be retrieved for this MCU
2026-04-07 21:33:31,552 [INFO] RtosManager:558 - Registered RTOS mode: class=CMSIS, group=RTOS, mode=CMSIS_V1, owner=FREERTOS
2026-04-07 21:33:31,553 [INFO] RtosManager:558 - Registered RTOS mode: class=CMSIS, group=RTOS2, mode=CMSIS_V2, owner=FREERTOS
2026-04-07 21:33:31,553 [INFO] RtosManager:558 - Registered RTOS mode: class=RTOS, group=Core, mode=CMSIS_V1, owner=FREERTOS
2026-04-07 21:33:31,553 [INFO] RtosManager:558 - Registered RTOS mode: class=RTOS, group=Core, mode=CMSIS_V2, owner=FREERTOS
2026-04-07 21:33:31,553 [WARN] ModelIntegratedComponent:184 - Missing modes for component STMicroelectronics:FreeRTOS:0.0.1:STMicroelectronics:RTOS:FreeRTOS:Core:::10.2.0:
2026-04-07 21:33:31,556 [INFO] WebApp:191 - Connection restablished
2026-04-07 21:33:31,581 [WARN] ModelIntegratedComponent:63 - No mode defined for component null
2026-04-07 21:33:31,582 [WARN] ModelIntegratedComponent:63 - No mode defined for component null
2026-04-07 21:33:31,583 [WARN] ModelIntegratedComponent:63 - No mode defined for component null
2026-04-07 21:33:31,583 [WARN] ModelIntegratedComponent:63 - No mode defined for component null
2026-04-07 21:33:31,583 [WARN] ModelIntegratedComponent:63 - No mode defined for component null
2026-04-07 21:33:31,583 [WARN] ModelIntegratedComponent:63 - No mode defined for component null
2026-04-07 21:33:31,583 [WARN] ModelIntegratedComponent:63 - No mode defined for component null
2026-04-07 21:33:31,583 [WARN] ModelIntegratedComponent:63 - No mode defined for component null
2026-04-07 21:33:31,583 [WARN] ModelIntegratedComponent:63 - No mode defined for component null
2026-04-07 21:33:31,583 [WARN] ModelIntegratedComponent:63 - No mode defined for component null
2026-04-07 21:33:31,583 [WARN] ModelIntegratedComponent:63 - No mode defined for component null
2026-04-07 21:33:31,583 [WARN] ModelIntegratedComponent:63 - No mode defined for component null
2026-04-07 21:33:31,584 [WARN] ModelIntegratedComponent:63 - No mode defined for component null
2026-04-07 21:33:31,584 [WARN] ModelIntegratedComponent:63 - No mode defined for component null
2026-04-07 21:33:31,584 [WARN] ModelIntegratedComponent:63 - No mode defined for component null
2026-04-07 21:33:31,584 [WARN] ModelIntegratedComponent:63 - No mode defined for component null
2026-04-07 21:33:31,584 [WARN] ModelIntegratedComponent:63 - No mode defined for component null
2026-04-07 21:33:31,584 [WARN] ModelIntegratedComponent:63 - No mode defined for component null
2026-04-07 21:33:31,584 [WARN] ModelIntegratedComponent:63 - No mode defined for component null
2026-04-07 21:33:31,584 [WARN] ModelIntegratedComponent:63 - No mode defined for component null
2026-04-07 21:33:31,584 [WARN] ModelIntegratedComponent:63 - No mode defined for component null
2026-04-07 21:33:31,584 [WARN] ModelIntegratedComponent:63 - No mode defined for component null
2026-04-07 21:33:31,584 [WARN] ModelIntegratedComponent:63 - No mode defined for component null
2026-04-07 21:33:31,584 [WARN] ModelIntegratedComponent:63 - No mode defined for component null
2026-04-07 21:33:31,584 [WARN] ModelIntegratedComponent:63 - No mode defined for component null
2026-04-07 21:33:31,584 [WARN] ModelIntegratedComponent:63 - No mode defined for component null
2026-04-07 21:33:31,585 [WARN] ModelIntegratedComponent:63 - No mode defined for component null
2026-04-07 21:33:31,585 [WARN] ModelIntegratedComponent:63 - No mode defined for component null
2026-04-07 21:33:31,586 [WARN] ModelIntegratedComponent:63 - No mode defined for component null
2026-04-07 21:33:31,587 [WARN] ModelIntegratedComponent:63 - No mode defined for component null
2026-04-07 21:33:31,587 [WARN] ModelIntegratedComponent:63 - No mode defined for component null
2026-04-07 21:33:31,587 [WARN] ModelIntegratedComponent:63 - No mode defined for component null
2026-04-07 21:33:31,588 [WARN] ModelIntegratedComponent:63 - No mode defined for component null
2026-04-07 21:33:31,588 [WARN] ModelIntegratedComponent:63 - No mode defined for component null
2026-04-07 21:33:31,588 [WARN] ModelIntegratedComponent:63 - No mode defined for component null
2026-04-07 21:33:31,589 [WARN] ModelPack:524 - Component already loaded: STMicroelectronics:HAL Drivers:0.0.0:STMicroelectronics:Device:STMicro_Driver:XSPI:HAL::0.0.1:HAL_XSPI
2026-04-07 21:33:31,955 [INFO] UserAuth:487 - Internet connection configuration mode: 1
2026-04-07 21:33:32,176 [INFO] ThirdPartyModel:298 - Start build external matchings
2026-04-07 21:33:32,716 [INFO] ThirdPartyModel:316 - End build external matchings
2026-04-07 21:33:33,396 [INFO] ApiDb:581 - Connected to CubeFinder SQLite database (/Users/jaspertan/.stmcufinder/plugins/mcufinder/mcu/cube-finder-db.db)
2026-04-07 21:33:33,437 [INFO] ApiDb:668 - CubeFinder database Data Model version=2.1
2026-04-07 21:33:33,438 [INFO] ApiDb:669 - CubeFinder database Configuration version=3.0.42
2026-04-07 21:33:33,439 [INFO] ApiDb:670 - CubeFinder database generation date=2026-03-11 (1773229989)
2026-04-07 21:33:33,439 [INFO] ApiDb:671 - CubeFinder database FW Pack versions=[FP-ATR-ASTRA1_V2.0.0, FP-SNS-FLIGHT1_V5.1.0, FP-SNS-MOTENV1_V5.1.0, FP-SNS-MOTENVWB1_V1.5.0, FP-SNS-SMARTAG2_V1.2.0, FP-SNS-STBOX1_V2.1.0, STM32Cube_FW_C0_V1.4.0, STM32Cube_FW_F4_V1.28.3, STM32Cube_FW_F7_V1.17.4, STM32Cube_FW_G0_V1.6.3, STM32Cube_FW_G4_V1.6.2, STM32Cube_FW_H5_V1.6.0, STM32Cube_FW_H7RS_V1.3.0, STM32Cube_FW_H7_V1.13.0, STM32Cube_FW_L0_V1.12.2, STM32Cube_FW_L4_V1.18.2, STM32Cube_FW_L5_V1.6.0, STM32Cube_FW_N6_V1.3.0, STM32Cube_FW_U0_V1.3.0, STM32Cube_FW_U3_V1.3.0, STM32Cube_FW_U5_V1.8.0, STM32Cube_FW_WB0_V1.4.0, STM32Cube_FW_WBA_V1.9.0, STM32Cube_FW_WB_V1.24.0, STM32Cube_FW_WL3_V1.4.0, STM32Cube_FW_WL_V1.5.0, X-CUBE-ALGOBUILD_V1.4.0, X-CUBE-ALS_V1.0.2, X-CUBE-AZRTOS-F4_V1.1.0, X-CUBE-AZRTOS-F7_V1.1.0, X-CUBE-AZRTOS-G0_V1.1.0, X-CUBE-AZRTOS-G4_V2.0.0, X-CUBE-AZRTOS-H7RS_V1.1.0, X-CUBE-AZRTOS-H7_V3.4.0, X-CUBE-AZRTOS-L4_V2.0.0, X-CUBE-AZRTOS-L5_V2.0.0, X-CUBE-AZRTOS-WB_V2.0.0, X-CUBE-AZRTOS-WL_V2.0.0, X-CUBE-BLE1_V7.1.0, X-CUBE-BLE2_V3.3.0, X-CUBE-BLEMGR_V4.1.0, X-CUBE-EEPRMA1_V5.2.0, X-CUBE-FREERTOS_V1.5.0, X-CUBE-GNSS1_V6.0.0, X-CUBE-MEMS1_V12.0.0, X-CUBE-NFC4_V3.0.0, X-CUBE-NFC7_V2.0.0, X-CUBE-SFXS2LP1_V4.0.0, X-CUBE-ST67W61_V1.2.0, X-CUBE-SUBG2_V5.0.0, X-CUBE-TOF1_V3.4.3]
2026-04-07 21:33:33,504 [INFO] DbBoardsSqlite:226 - include board P-NUCLEO-WB55-NUCLEO as a kit item of type 'Nucleo-64'
2026-04-07 21:33:33,504 [INFO] DbBoardsSqlite:226 - include board P-NUCLEO-WB55-USBDONGLE as a kit item of type 'Nucleo USB Dongle'
2026-04-07 21:33:33,506 [INFO] DbBoardsSqlite:226 - include board STEVAL-IDP005V1 as a kit item of type 'Evaluation Board'
2026-04-07 21:33:33,506 [INFO] DbBoardsSqlite:226 - include board STEVAL-IDP005V2 as a kit item of type 'Evaluation Board'
2026-04-07 21:33:33,656 [INFO] ApiDb:240 - Found 880 in-development CPN: [B-G473E-ZEST1S, B-WB1M-WPAN1, B-WBA5M-WPAN, B-WL5M-SUBG1, NUCLEO-C031C6, NUCLEO-C051C8, NUCLEO-C071RB, NUCLEO-C092RC, NUCLEO-H503RB, NUCLEO-H533RE, NUCLEO-H563ZI, NUCLEO-H7S3L8, NUCLEO-N657X0-Q, NUCLEO-U031R8, NUCLEO-U083RC, NUCLEO-U385RG-Q, NUCLEO-U545RE-Q, NUCLEO-U5A5ZJ-Q, NUCLEO-WB05KZ, NUCLEO-WB07CC, NUCLEO-WB09KE, NUCLEO-WBA52CG, NUCLEO-WBA55CG, NUCLEO-WL33CC1, NUCLEO-WL33CC2, STEVAL-PROTEUS1, STEVAL-SMARTAG2, STEVAL-STWINBX1, STM320518-EVAL, STM32C0116-DK, STM32C011D6Y3TR, STM32C011D6Y6TR, STM32C011F4P3, STM32C011F4P6, STM32C011F4U3, STM32C011F4U6TR, STM32C011F6P3, STM32C011F6P6, STM32C011F6U3, STM32C011F6U6TR, STM32C011J4M3, STM32C011J4M6, STM32C011J6M3, STM32C011J6M6, STM32C0316-DK, STM32C031C4T3, STM32C031C4T6, STM32C031C4U3, STM32C031C4U6, STM32C031C6T3, STM32C031C6T6, STM32C031C6U3, STM32C031C6U6, STM32C031F4P3, STM32C031F4P6, STM32C031F6P3, STM32C031F6P6, STM32C031G4U3, STM32C031G4U6, STM32C031G6U3, STM32C031G6U6, STM32C031K4T3, STM32C031K4T6, STM32C031K4U3, STM32C031K4U6, STM32C031K6T3, STM32C031K6T6, STM32C031K6U3, STM32C031K6U6, STM32C051C6T6, STM32C051C6U6, STM32C051C8T6, STM32C051C8U6, STM32C051D8Y6TR, STM32C051F6P6, STM32C051F8P6, STM32C051G6U6, STM32C051G8U6, STM32C051K6T6, STM32C051K6U6, STM32C051K8T6, STM32C071C8T6, STM32C071C8T6N, STM32C071C8U6, STM32C071C8U6N, STM32C071CBT6, STM32C071CBT6N, STM32C071CBU6, STM32C071CBU6N, STM32C071F8P6, STM32C071F8P6N, STM32C071FBP6, STM32C071FBP6N, STM32C071FBY6TR, STM32C071G8U6, STM32C071G8U6N, STM32C071GBU6, STM32C071GBU6N, STM32C071K8T6, STM32C071K8T6N, STM32C071K8U6, STM32C071K8U6N, STM32C071KBT6, STM32C071KBT6N, STM32C071KBU6, STM32C071KBU6N, STM32C071R8T6, STM32C071R8T6N, STM32C071RBI6N, STM32C071RBT6, STM32C071RBT6N, STM32C091CBT6, STM32C091CBU6, STM32C091CCT6, STM32C091CCU6, STM32C091ECY6TR, STM32C091FBP6, STM32C091FCP6, STM32C091GBU6, STM32C091GCU6, STM32C091KBT6, STM32C091KBU6, STM32C091KCT6, STM32C091KCU6, STM32C091RBT6, STM32C091RCI6, STM32C091RCT6, STM32C092CBT6, STM32C092CBU6, STM32C092CCT6, STM32C092CCU6, STM32C092ECY6TR, STM32C092FBP6, STM32C092FCP6, STM32C092GBU6, STM32C092GCU6, STM32C092KBT6, STM32C092KBU6, STM32C092KCT6, STM32C092KCU6, STM32C092RBT6, STM32C092RCI6, STM32C092RCT6, STM32G071K8TXN, STM32G071K8UXN, STM32G081GBU6N, STM32G081KBT6N, STM32G081KBUXN, STM32G0B1CCT6N, STM32G0B1KCT6, STM32G0B1NEY6TR, STM32G0B1RCT6N, STM32G0C1CCT6, STM32G0C1CCT6N, STM32G0C1CCU6N, STM32G0C1CET6N, STM32G0C1CEU6N, STM32G0C1KCT6, STM32G0C1NEY6TR, STM32G0C1RCI6N, STM32G0C1RCT6N, STM32G0C1REI6N, STM32G0C1RET6N, STM32G0C1VCI6, STM32G0C1VEI6, STM32G411C6T3, STM32G411C6T6, STM32G411C6U3, STM32G411C6U6, STM32G411C8T3, STM32G411C8T6, STM32G411C8U3, STM32G411C8U6, STM32G411CBT3, STM32G411CBT6, STM32G411CBU3, STM32G411CBU6, STM32G411K6T3, STM32G411K6T6, STM32G411K6U3, STM32G411K6U6, STM32G411K8T3, STM32G411K8T6, STM32G411K8U3, STM32G411K8U6, STM32G411KBT3, STM32G411KBT6, STM32G411KBU3, STM32G411KBU6, STM32G411M6T3, STM32G411M6T6, STM32G411M8T3, STM32G411M8T6, STM32G411MBT3, STM32G411MBT6, STM32G411R6T3, STM32G411R6T6, STM32G411R8T3, STM32G411R8T6, STM32G411RBT3, STM32G411RBT6, STM32G414CBT3, STM32G414CBT6, STM32G414CBU3, STM32G414CBU6, STM32G414CCT3, STM32G414CCT6, STM32G414CCU3, STM32G414CCU6, STM32G414MBT3, STM32G414MBT6, STM32G414MCT3, STM32G414MCT6, STM32G414RBT3, STM32G414RBT6, STM32G414RCT3, STM32G414RCT6, STM32G414VBT3, STM32G414VBT6, STM32G414VCT3, STM32G414VCT6, STM32G431CBT3Z, STM32G431RBT3Z, STM32G471CCT6, STM32G471CCU6, STM32G471CET3, STM32G471CET6, STM32G471CEU3, STM32G471CEU6, STM32G471MCT6, STM32G471MET3, STM32G471MET6, STM32G471MEY6TR, STM32G471QCT6, STM32G471QET3, STM32G471RCT6, STM32G471RET3, STM32G471RET6, STM32G471VCH6, STM32G471VCI6, STM32G471VCT6, STM32G471VEH3, STM32G471VEH6, STM32G471VEI3, STM32G471VEI6, STM32G471VET3, STM32G471VET6, STM32G473QET3Z, STM32G473RET3Z, STM32G474CCT6, STM32G491RET3Z, STM32H503CBT6, STM32H503CBU6, STM32H503EBY6TR, STM32H503KBU6, STM32H503RBT6, STM32H523CCT6, STM32H523CCU6, STM32H523CET6, STM32H523CEU6, STM32H523HEY6TR, STM32H523RCT6, STM32H523RET6, STM32H523VCI6, STM32H523VCT6, STM32H523VEI6, STM32H523VET6, STM32H523ZCJ6, STM32H523ZCT6, STM32H523ZEJ6, STM32H523ZET6, STM32H533CET6, STM32H533CEU6, STM32H533HEY6TR, STM32H533RET6, STM32H533VEI6, STM32H533VET6, STM32H533ZEJ6, STM32H533ZET6, STM32H562AGI6, STM32H562AII6, STM32H562IGK6, STM32H562IGT6, STM32H562IIK6, STM32H562IIT6, STM32H562RGT6, STM32H562RGV6, STM32H562RIT6, STM32H562RIV6, STM32H562VGT6, STM32H562VIT6, STM32H562ZGT6, STM32H562ZIT6, STM32H563AGI6, STM32H563AII3Q, STM32H563AII6, STM32H563IGK6, STM32H563IGT6, STM32H563IIK3Q, STM32H563IIK6, STM32H563IIT3Q, STM32H563IIT6, STM32H563MIY3QTR, STM32H563RGT6, STM32H563RGV6, STM32H563RIT6, STM32H563RIV6, STM32H563VGT6, STM32H563VIT3Q, STM32H563VIT6, STM32H563ZGT6, STM32H563ZIT3Q, STM32H563ZIT6, STM32H573AII3Q, STM32H573AII6, STM32H573I-DK, STM32H573IIK3Q, STM32H573IIK6, STM32H573IIT3Q, STM32H573IIT6, STM32H573MIY3QTR, STM32H573RIT6, STM32H573RIV6, STM32H573VIT3Q, STM32H573VIT6, STM32H573ZIT3Q, STM32H573ZIT6, STM32H7R3A8I6, STM32H7R3I8K6, STM32H7R3I8T6, STM32H7R3L8H6, STM32H7R3L8H6H, STM32H7R3R8V6, STM32H7R3V8H6, STM32H7R3V8T6, STM32H7R3V8Y6TR, STM32H7R3Z8J6, STM32H7R3Z8T6, STM32H7R7A8I6, STM32H7R7I8K6, STM32H7R7I8T6, STM32H7R7L8H6, STM32H7R7L8H6H, STM32H7R7Z8J6, STM32H7S3A8I6, STM32H7S3I8K6, STM32H7S3I8T6, STM32H7S3L8H6, STM32H7S3L8H6H, STM32H7S3R8V6, STM32H7S3V8H6, STM32H7S3V8T6, STM32H7S3V8Y6TR, STM32H7S3Z8J6, STM32H7S3Z8T6, STM32H7S78-DK, STM32H7S7A8I6, STM32H7S7I8K6, STM32H7S7I8T6, STM32H7S7L8H6, STM32H7S7L8H6H, STM32H7S7Z8J6, STM32L4R5QGI6STR, STM32MP131AAE3, STM32MP131AAF3, STM32MP131AAG3, STM32MP131CAE3, STM32MP131CAF3, STM32MP131CAG3, STM32MP131DAE7, STM32MP131DAF7, STM32MP131DAG7, STM32MP131FAE7, STM32MP131FAF7, STM32MP131FAG7, STM32MP133AAE3, STM32MP133AAF3, STM32MP133AAG3, STM32MP133CAE3, STM32MP133CAF3, STM32MP133CAG3, STM32MP133DAE7, STM32MP133DAF7, STM32MP133DAG7, STM32MP133FAE7, STM32MP133FAF7, STM32MP133FAG7, STM32MP135AAE3, STM32MP135AAF3, STM32MP135AAG3, STM32MP135CAE3, STM32MP135CAF3, STM32MP135CAG3, STM32MP135DAE7, STM32MP135DAF7, STM32MP135DAG7, STM32MP135F-DK, STM32MP135FAE7, STM32MP135FAF7, STM32MP135FAF7T, STM32MP135FAF7U, STM32MP135FAG7, STM32MP211AAL3, STM32MP211AAM3, STM32MP211AAN3, STM32MP211AAO3, STM32MP211CAL3, STM32MP211CAM3, STM32MP211CAN3, STM32MP211CAO3, STM32MP211DAL3, STM32MP211DAM3, STM32MP211DAN3, STM32MP211DAO3, STM32MP211FAL3, STM32MP211FAM3, STM32MP211FAN3, STM32MP211FAO3, STM32MP213AAL3, STM32MP213AAM3, STM32MP213AAN3, STM32MP213AAO3, STM32MP213CAL3, STM32MP213CAM3, STM32MP213CAN3, STM32MP213CAO3, STM32MP213DAL3, STM32MP213DAM3, STM32MP213DAN3, STM32MP213DAO3, STM32MP213FAL3, STM32MP213FAM3, STM32MP213FAN3, STM32MP213FAO3, STM32MP215AAL3, STM32MP215AAM3, STM32MP215AAN3, STM32MP215AAO3, STM32MP215CAL3, STM32MP215CAM3, STM32MP215CAN3, STM32MP215CAO3, STM32MP215DAL3, STM32MP215DAM3, STM32MP215DAN3, STM32MP215DAO3, STM32MP215F-DK, STM32MP215FAL3, STM32MP215FAM3, STM32MP215FAN3, STM32MP215FAO3, STM32MP231AAJ3, STM32MP231AAK3, STM32MP231AAL3, STM32MP231CAJ3, STM32MP231CAK3, STM32MP231CAL3, STM32MP231DAJ3, STM32MP231DAK3, STM32MP231DAL3, STM32MP231FAJ3, STM32MP231FAK3, STM32MP231FAL3, STM32MP233AAJ3, STM32MP233AAK3, STM32MP233AAL3, STM32MP233CAJ3, STM32MP233CAK3, STM32MP233CAL3, STM32MP233DAJ3, STM32MP233DAK3, STM32MP233DAL3, STM32MP233FAJ3, STM32MP233FAK3, STM32MP233FAL3, STM32MP235AAJ3, STM32MP235AAK3, STM32MP235AAL3, STM32MP235CAJ3, STM32MP235CAK3, STM32MP235CAL3, STM32MP235DAJ3, STM32MP235DAK3, STM32MP235DAL3, STM32MP235FAJ3, STM32MP235FAK3, STM32MP235FAL3, STM32MP251AAI3, STM32MP251AAK3, STM32MP251AAL3, STM32MP251CAI3, STM32MP251CAK3, STM32MP251CAL3, STM32MP251DAI3, STM32MP251DAK3, STM32MP251DAL3, STM32MP251FAI3, STM32MP251FAK3, STM32MP251FAL3, STM32MP253AAI3, STM32MP253AAK3, STM32MP253AAL3, STM32MP253CAI3, STM32MP253CAK3, STM32MP253CAL3, STM32MP253DAI3, STM32MP253DAK3, STM32MP253DAL3, STM32MP253FAI3, STM32MP253FAK3, STM32MP253FAL3, STM32MP255AAI3, STM32MP255AAK3, STM32MP255AAL3, STM32MP255CAI3, STM32MP255CAK3, STM32MP255CAL3, STM32MP255DAI3, STM32MP255DAK3, STM32MP255DAL3, STM32MP255FAI3, STM32MP255FAK3, STM32MP255FAL3, STM32MP257AAI3, STM32MP257AAK3, STM32MP257AAL3, STM32MP257CAI3, STM32MP257CAK3, STM32MP257CAL3, STM32MP257DAI3, STM32MP257DAK3, STM32MP257DAL3, STM32MP257F-DK, STM32MP257F-EV1, STM32MP257FAI3, STM32MP257FAK3, STM32MP257FAL3, STM32N645A0H3Q, STM32N645B0H3Q, STM32N645I0H3Q, STM32N645L0H3Q, STM32N645X0H3Q, STM32N645Z0H3Q, STM32N647A0H3Q, STM32N647B0H3Q, STM32N647I0H3Q, STM32N647L0H3Q, STM32N647X0H3Q, STM32N647Z0H3Q, STM32N655A0H3Q, STM32N655B0H3Q, STM32N655I0H3Q, STM32N655L0H3Q, STM32N655X0H3Q, STM32N655Z0H3Q, STM32N6570-DK, STM32N657A0H3Q, STM32N657B0H3Q, STM32N657I0H3Q, STM32N657L0H3Q, STM32N657X0H3Q, STM32N657Z0H3Q, STM32U031C6T6, STM32U031C6U6, STM32U031C8T6, STM32U031C8U6, STM32U031F4P6, STM32U031F6P6, STM32U031F8P6, STM32U031G6Y6TR, STM32U031G8Y6TR, STM32U031K4U6, STM32U031K6U6, STM32U031K8U6, STM32U031R6I6, STM32U031R6T6, STM32U031R8I6, STM32U031R8T6, STM32U073C8T6, STM32U073C8U6, STM32U073CBT6, STM32U073CBU6, STM32U073CCT6, STM32U073CCU6, STM32U073H8Y6TR, STM32U073HBY6TR, STM32U073HCY6TR, STM32U073K8U6, STM32U073KBU6, STM32U073KCU6, STM32U073M8I6, STM32U073M8T6, STM32U073MBI6, STM32U073MBT6, STM32U073MCI6, STM32U073MCT6, STM32U073R8I6, STM32U073R8T6, STM32U073RBI6, STM32U073RBT6, STM32U073RCI6, STM32U073RCT6, STM32U083C-DK, STM32U083CCT6, STM32U083CCU6, STM32U083HCY6TR, STM32U083KCU6, STM32U083MCI6, STM32U083MCT6, STM32U083RCI6, STM32U083RCT6, STM32U375CET6, STM32U375CET6Q, STM32U375CEU6, STM32U375CEU6Q, STM32U375CEY6QTR, STM32U375CGT6, STM32U375CGT6Q, STM32U375CGU6, STM32U375CGU6Q, STM32U375CGY6QTR, STM32U375KEU6, STM32U375KGU6, STM32U375REI6, STM32U375REI6Q, STM32U375RET6, STM32U375RET6Q, STM32U375REY6GTR, STM32U375REY6QTR, STM32U375RGI6, STM32U375RGI6Q, STM32U375RGT6, STM32U375RGT6Q, STM32U375RGY6GTR, STM32U375RGY6QTR, STM32U375VEI6, STM32U375VEI6Q, STM32U375VET6, STM32U375VET6Q, STM32U375VGI6, STM32U375VGI6Q, STM32U375VGT6, STM32U375VGT6Q, STM32U385CGT6, STM32U385CGT6Q, STM32U385CGU6, STM32U385CGU6Q, STM32U385CGY6QTR, STM32U385KGU6, STM32U385RGI6, STM32U385RGI6Q, STM32U385RGT6, STM32U385RGT6Q, STM32U385RGY6GTR, STM32U385RGY6QTR, STM32U385VGI6, STM32U385VGI6Q, STM32U385VGT6, STM32U385VGT6Q, STM32U535CBT6, STM32U535CBT6Q, STM32U535CBU6, STM32U535CBU6Q, STM32U535CCT6, STM32U535CCT6Q, STM32U535CCU6, STM32U535CCU6Q, STM32U535CET6, STM32U535CET6Q, STM32U535CEU6, STM32U535CEU6Q, STM32U535JEY6QTR, STM32U535NCY6QTR, STM32U535NEY6QTR, STM32U535RBI6, STM32U535RBI6Q, STM32U535RBT6, STM32U535RBT6Q, STM32U535RCI6, STM32U535RCI6Q, STM32U535RCT6, STM32U535RCT6Q, STM32U535REI6, STM32U535REI6Q, STM32U535RET6, STM32U535RET6Q, STM32U535VCI6, STM32U535VCI6Q, STM32U535VCT6, STM32U535VCT6Q, STM32U535VEI6, STM32U535VEI6Q, STM32U535VET6, STM32U535VET6Q, STM32U545CET6, STM32U545CET6Q, STM32U545CEU6, STM32U545CEU6Q, STM32U545JEY6QTR, STM32U545NEY6QTR, STM32U545REI6, STM32U545REI6Q, STM32U545RET6, STM32U545RET6Q, STM32U545VEI6, STM32U545VEI6Q, STM32U545VET6, STM32U545VET6Q, STM32U595AIH6, STM32U595AIH6Q, STM32U595AJH6, STM32U595AJH6Q, STM32U595QII6, STM32U595QII6Q, STM32U595QJI6, STM32U595QJI6Q, STM32U595RIT6, STM32U595RIT6Q, STM32U595RJT6, STM32U595RJT6Q, STM32U595VIT6, STM32U595VIT6Q, STM32U595VJT6, STM32U595VJT6Q, STM32U595ZIT6, STM32U595ZIT6Q, STM32U595ZIY6QTR, STM32U595ZJT6, STM32U595ZJT6Q, STM32U595ZJY6QTR, STM32U599BJY6QTR, STM32U599NIH6Q, STM32U599NJH6Q, STM32U599VIT6Q, STM32U599VJT6, STM32U599VJT6Q, STM32U599ZIT6Q, STM32U599ZIY6QTR, STM32U599ZJT6Q, STM32U599ZJY6QTR, STM32U5A5AJH6, STM32U5A5AJH6Q, STM32U5A5QII3Q , STM32U5A5QJI6, STM32U5A5QJI6Q, STM32U5A5RJT6, STM32U5A5RJT6Q, STM32U5A5VJT6, STM32U5A5VJT6Q, STM32U5A5ZJT6, STM32U5A5ZJT6Q, STM32U5A5ZJY6QTR, STM32U5A9BJY6QTR, STM32U5A9J-DK, STM32U5A9NJH6Q, STM32U5A9VJT6Q, STM32U5A9ZJT6Q, STM32U5A9ZJY6QTR, STM32U5F7VIT6, STM32U5F7VIT6Q, STM32U5F7VJT6, STM32U5F7VJT6Q, STM32U5F9BJY6QTR, STM32U5F9NJH6Q, STM32U5F9VIT6Q, STM32U5F9VJT6Q, STM32U5F9ZIJ6QTR, STM32U5F9ZIT6Q, STM32U5F9ZJJ6QTR, STM32U5F9ZJT6Q, STM32U5G7VJT6, STM32U5G7VJT6Q, STM32U5G9BJY6QTR, STM32U5G9J-DK1, STM32U5G9J-DK2, STM32U5G9NJH6Q, STM32U5G9VJT6Q, STM32U5G9ZJJ6QTR, STM32U5G9ZJT6Q, STM32WB05KZV6TR, STM32WB05KZV7TR, STM32WB05TZF6TR, STM32WB05TZF7TR, STM32WB06CCF6TR, STM32WB06CCF7TR, STM32WB06CCV6TR, STM32WB06CCV7TR, STM32WB06KCV6TR, STM32WB06KCV7TR, STM32WB07CCF6TR, STM32WB07CCF7TR, STM32WB07CCV6TR, STM32WB07CCV7TR, STM32WB07KCV6TR, STM32WB07KCV7TR, STM32WB09KEV6TR, STM32WB09KEV7TR, STM32WB09TEF6TR, STM32WB09TEF7TR, STM32WB1MMCH6, STM32WBA50KGU6, STM32WBA50KGU6TR, STM32WBA52CEU6, STM32WBA52CEU6TR, STM32WBA52CEU7, STM32WBA52CEU7TR, STM32WBA52CGU6, STM32WBA52CGU6TR, STM32WBA52CGU6U, STM32WBA52CGU7, STM32WBA52CGU7TR, STM32WBA52KEU6, STM32WBA52KEU6TR, STM32WBA52KGU6, STM32WBA52KGU6TR, STM32WBA54CEU6, STM32WBA54CEU6TR, STM32WBA54CEU7, STM32WBA54CEU7TR, STM32WBA54CGU6, STM32WBA54CGU6TR, STM32WBA54CGU7, STM32WBA54CGU7TR, STM32WBA54KEU6, STM32WBA54KEU6TR, STM32WBA54KEU7, STM32WBA54KEU7TR, STM32WBA54KGU6, STM32WBA54KGU6TR, STM32WBA54KGU7, STM32WBA54KGU7TR, STM32WBA55CEU6, STM32WBA55CEU6TR, STM32WBA55CEU7, STM32WBA55CEU7TR, STM32WBA55CGU6, STM32WBA55CGU6TR, STM32WBA55CGU6U, STM32WBA55CGU7, STM32WBA55CGU7TR, STM32WBA55G-DK1, STM32WBA55HEF6, STM32WBA55HEF7, STM32WBA55HGF6, STM32WBA55HGF7, STM32WBA55UEI6, STM32WBA55UEI6TR, STM32WBA55UEI7, STM32WBA55UEI7TR, STM32WBA55UGI6, STM32WBA55UGI6TR, STM32WBA55UGI7, STM32WBA55UGI7TR, STM32WBA5MMGH6TR, STM32WBA62MGF6, STM32WBA62MIF6, STM32WBA65MGF7, STM32WBA65MIF6, STM32WBA65MIF7, STM32WL30K8V6, STM32WL30KBV6, STM32WL31C8V6, STM32WL31CBV6, STM32WL31K8V6, STM32WL31KBV6, STM32WL33C8V6, STM32WL33C8V6X, STM32WL33CBV6, STM32WL33CBV6X, STM32WL33CCV6, STM32WL33CCV6A, STM32WL33CCV6X, STM32WL33K8V7, STM32WL33K8V7X, STM32WL33KBV7 , STM32WL33KBV7X, STM32WL33KCV7, STM32WL33KCV7X, STM32WL5MOCH6, STM32WL5MOCH6TR]
2026-04-07 21:33:33,661 [INFO] ApiDb:668 - CubeFinder database Data Model version=2.1
2026-04-07 21:33:33,661 [INFO] ApiDb:669 - CubeFinder database Configuration version=3.0.42
2026-04-07 21:33:33,661 [INFO] ApiDb:670 - CubeFinder database generation date=2026-03-11 (1773229989)
2026-04-07 21:33:33,662 [INFO] ApiDb:671 - CubeFinder database FW Pack versions=[FP-ATR-ASTRA1_V2.0.0, FP-SNS-FLIGHT1_V5.1.0, FP-SNS-MOTENV1_V5.1.0, FP-SNS-MOTENVWB1_V1.5.0, FP-SNS-SMARTAG2_V1.2.0, FP-SNS-STBOX1_V2.1.0, STM32Cube_FW_C0_V1.4.0, STM32Cube_FW_F4_V1.28.3, STM32Cube_FW_F7_V1.17.4, STM32Cube_FW_G0_V1.6.3, STM32Cube_FW_G4_V1.6.2, STM32Cube_FW_H5_V1.6.0, STM32Cube_FW_H7RS_V1.3.0, STM32Cube_FW_H7_V1.13.0, STM32Cube_FW_L0_V1.12.2, STM32Cube_FW_L4_V1.18.2, STM32Cube_FW_L5_V1.6.0, STM32Cube_FW_N6_V1.3.0, STM32Cube_FW_U0_V1.3.0, STM32Cube_FW_U3_V1.3.0, STM32Cube_FW_U5_V1.8.0, STM32Cube_FW_WB0_V1.4.0, STM32Cube_FW_WBA_V1.9.0, STM32Cube_FW_WB_V1.24.0, STM32Cube_FW_WL3_V1.4.0, STM32Cube_FW_WL_V1.5.0, X-CUBE-ALGOBUILD_V1.4.0, X-CUBE-ALS_V1.0.2, X-CUBE-AZRTOS-F4_V1.1.0, X-CUBE-AZRTOS-F7_V1.1.0, X-CUBE-AZRTOS-G0_V1.1.0, X-CUBE-AZRTOS-G4_V2.0.0, X-CUBE-AZRTOS-H7RS_V1.1.0, X-CUBE-AZRTOS-H7_V3.4.0, X-CUBE-AZRTOS-L4_V2.0.0, X-CUBE-AZRTOS-L5_V2.0.0, X-CUBE-AZRTOS-WB_V2.0.0, X-CUBE-AZRTOS-WL_V2.0.0, X-CUBE-BLE1_V7.1.0, X-CUBE-BLE2_V3.3.0, X-CUBE-BLEMGR_V4.1.0, X-CUBE-EEPRMA1_V5.2.0, X-CUBE-FREERTOS_V1.5.0, X-CUBE-GNSS1_V6.0.0, X-CUBE-MEMS1_V12.0.0, X-CUBE-NFC4_V3.0.0, X-CUBE-NFC7_V2.0.0, X-CUBE-SFXS2LP1_V4.0.0, X-CUBE-ST67W61_V1.2.0, X-CUBE-SUBG2_V5.0.0, X-CUBE-TOF1_V3.4.3]
2026-04-07 21:33:34,841 [INFO] ApiDb:240 - Found 880 in-development CPN: [B-G473E-ZEST1S, B-WB1M-WPAN1, B-WBA5M-WPAN, B-WL5M-SUBG1, NUCLEO-C031C6, NUCLEO-C051C8, NUCLEO-C071RB, NUCLEO-C092RC, NUCLEO-H503RB, NUCLEO-H533RE, NUCLEO-H563ZI, NUCLEO-H7S3L8, NUCLEO-N657X0-Q, NUCLEO-U031R8, NUCLEO-U083RC, NUCLEO-U385RG-Q, NUCLEO-U545RE-Q, NUCLEO-U5A5ZJ-Q, NUCLEO-WB05KZ, NUCLEO-WB07CC, NUCLEO-WB09KE, NUCLEO-WBA52CG, NUCLEO-WBA55CG, NUCLEO-WL33CC1, NUCLEO-WL33CC2, STEVAL-PROTEUS1, STEVAL-SMARTAG2, STEVAL-STWINBX1, STM320518-EVAL, STM32C0116-DK, STM32C011D6Y3TR, STM32C011D6Y6TR, STM32C011F4P3, STM32C011F4P6, STM32C011F4U3, STM32C011F4U6TR, STM32C011F6P3, STM32C011F6P6, STM32C011F6U3, STM32C011F6U6TR, STM32C011J4M3, STM32C011J4M6, STM32C011J6M3, STM32C011J6M6, STM32C0316-DK, STM32C031C4T3, STM32C031C4T6, STM32C031C4U3, STM32C031C4U6, STM32C031C6T3, STM32C031C6T6, STM32C031C6U3, STM32C031C6U6, STM32C031F4P3, STM32C031F4P6, STM32C031F6P3, STM32C031F6P6, STM32C031G4U3, STM32C031G4U6, STM32C031G6U3, STM32C031G6U6, STM32C031K4T3, STM32C031K4T6, STM32C031K4U3, STM32C031K4U6, STM32C031K6T3, STM32C031K6T6, STM32C031K6U3, STM32C031K6U6, STM32C051C6T6, STM32C051C6U6, STM32C051C8T6, STM32C051C8U6, STM32C051D8Y6TR, STM32C051F6P6, STM32C051F8P6, STM32C051G6U6, STM32C051G8U6, STM32C051K6T6, STM32C051K6U6, STM32C051K8T6, STM32C071C8T6, STM32C071C8T6N, STM32C071C8U6, STM32C071C8U6N, STM32C071CBT6, STM32C071CBT6N, STM32C071CBU6, STM32C071CBU6N, STM32C071F8P6, STM32C071F8P6N, STM32C071FBP6, STM32C071FBP6N, STM32C071FBY6TR, STM32C071G8U6, STM32C071G8U6N, STM32C071GBU6, STM32C071GBU6N, STM32C071K8T6, STM32C071K8T6N, STM32C071K8U6, STM32C071K8U6N, STM32C071KBT6, STM32C071KBT6N, STM32C071KBU6, STM32C071KBU6N, STM32C071R8T6, STM32C071R8T6N, STM32C071RBI6N, STM32C071RBT6, STM32C071RBT6N, STM32C091CBT6, STM32C091CBU6, STM32C091CCT6, STM32C091CCU6, STM32C091ECY6TR, STM32C091FBP6, STM32C091FCP6, STM32C091GBU6, STM32C091GCU6, STM32C091KBT6, STM32C091KBU6, STM32C091KCT6, STM32C091KCU6, STM32C091RBT6, STM32C091RCI6, STM32C091RCT6, STM32C092CBT6, STM32C092CBU6, STM32C092CCT6, STM32C092CCU6, STM32C092ECY6TR, STM32C092FBP6, STM32C092FCP6, STM32C092GBU6, STM32C092GCU6, STM32C092KBT6, STM32C092KBU6, STM32C092KCT6, STM32C092KCU6, STM32C092RBT6, STM32C092RCI6, STM32C092RCT6, STM32G071K8TXN, STM32G071K8UXN, STM32G081GBU6N, STM32G081KBT6N, STM32G081KBUXN, STM32G0B1CCT6N, STM32G0B1KCT6, STM32G0B1NEY6TR, STM32G0B1RCT6N, STM32G0C1CCT6, STM32G0C1CCT6N, STM32G0C1CCU6N, STM32G0C1CET6N, STM32G0C1CEU6N, STM32G0C1KCT6, STM32G0C1NEY6TR, STM32G0C1RCI6N, STM32G0C1RCT6N, STM32G0C1REI6N, STM32G0C1RET6N, STM32G0C1VCI6, STM32G0C1VEI6, STM32G411C6T3, STM32G411C6T6, STM32G411C6U3, STM32G411C6U6, STM32G411C8T3, STM32G411C8T6, STM32G411C8U3, STM32G411C8U6, STM32G411CBT3, STM32G411CBT6, STM32G411CBU3, STM32G411CBU6, STM32G411K6T3, STM32G411K6T6, STM32G411K6U3, STM32G411K6U6, STM32G411K8T3, STM32G411K8T6, STM32G411K8U3, STM32G411K8U6, STM32G411KBT3, STM32G411KBT6, STM32G411KBU3, STM32G411KBU6, STM32G411M6T3, STM32G411M6T6, STM32G411M8T3, STM32G411M8T6, STM32G411MBT3, STM32G411MBT6, STM32G411R6T3, STM32G411R6T6, STM32G411R8T3, STM32G411R8T6, STM32G411RBT3, STM32G411RBT6, STM32G414CBT3, STM32G414CBT6, STM32G414CBU3, STM32G414CBU6, STM32G414CCT3, STM32G414CCT6, STM32G414CCU3, STM32G414CCU6, STM32G414MBT3, STM32G414MBT6, STM32G414MCT3, STM32G414MCT6, STM32G414RBT3, STM32G414RBT6, STM32G414RCT3, STM32G414RCT6, STM32G414VBT3, STM32G414VBT6, STM32G414VCT3, STM32G414VCT6, STM32G431CBT3Z, STM32G431RBT3Z, STM32G471CCT6, STM32G471CCU6, STM32G471CET3, STM32G471CET6, STM32G471CEU3, STM32G471CEU6, STM32G471MCT6, STM32G471MET3, STM32G471MET6, STM32G471MEY6TR, STM32G471QCT6, STM32G471QET3, STM32G471RCT6, STM32G471RET3, STM32G471RET6, STM32G471VCH6, STM32G471VCI6, STM32G471VCT6, STM32G471VEH3, STM32G471VEH6, STM32G471VEI3, STM32G471VEI6, STM32G471VET3, STM32G471VET6, STM32G473QET3Z, STM32G473RET3Z, STM32G474CCT6, STM32G491RET3Z, STM32H503CBT6, STM32H503CBU6, STM32H503EBY6TR, STM32H503KBU6, STM32H503RBT6, STM32H523CCT6, STM32H523CCU6, STM32H523CET6, STM32H523CEU6, STM32H523HEY6TR, STM32H523RCT6, STM32H523RET6, STM32H523VCI6, STM32H523VCT6, STM32H523VEI6, STM32H523VET6, STM32H523ZCJ6, STM32H523ZCT6, STM32H523ZEJ6, STM32H523ZET6, STM32H533CET6, STM32H533CEU6, STM32H533HEY6TR, STM32H533RET6, STM32H533VEI6, STM32H533VET6, STM32H533ZEJ6, STM32H533ZET6, STM32H562AGI6, STM32H562AII6, STM32H562IGK6, STM32H562IGT6, STM32H562IIK6, STM32H562IIT6, STM32H562RGT6, STM32H562RGV6, STM32H562RIT6, STM32H562RIV6, STM32H562VGT6, STM32H562VIT6, STM32H562ZGT6, STM32H562ZIT6, STM32H563AGI6, STM32H563AII3Q, STM32H563AII6, STM32H563IGK6, STM32H563IGT6, STM32H563IIK3Q, STM32H563IIK6, STM32H563IIT3Q, STM32H563IIT6, STM32H563MIY3QTR, STM32H563RGT6, STM32H563RGV6, STM32H563RIT6, STM32H563RIV6, STM32H563VGT6, STM32H563VIT3Q, STM32H563VIT6, STM32H563ZGT6, STM32H563ZIT3Q, STM32H563ZIT6, STM32H573AII3Q, STM32H573AII6, STM32H573I-DK, STM32H573IIK3Q, STM32H573IIK6, STM32H573IIT3Q, STM32H573IIT6, STM32H573MIY3QTR, STM32H573RIT6, STM32H573RIV6, STM32H573VIT3Q, STM32H573VIT6, STM32H573ZIT3Q, STM32H573ZIT6, STM32H7R3A8I6, STM32H7R3I8K6, STM32H7R3I8T6, STM32H7R3L8H6, STM32H7R3L8H6H, STM32H7R3R8V6, STM32H7R3V8H6, STM32H7R3V8T6, STM32H7R3V8Y6TR, STM32H7R3Z8J6, STM32H7R3Z8T6, STM32H7R7A8I6, STM32H7R7I8K6, STM32H7R7I8T6, STM32H7R7L8H6, STM32H7R7L8H6H, STM32H7R7Z8J6, STM32H7S3A8I6, STM32H7S3I8K6, STM32H7S3I8T6, STM32H7S3L8H6, STM32H7S3L8H6H, STM32H7S3R8V6, STM32H7S3V8H6, STM32H7S3V8T6, STM32H7S3V8Y6TR, STM32H7S3Z8J6, STM32H7S3Z8T6, STM32H7S78-DK, STM32H7S7A8I6, STM32H7S7I8K6, STM32H7S7I8T6, STM32H7S7L8H6, STM32H7S7L8H6H, STM32H7S7Z8J6, STM32L4R5QGI6STR, STM32MP131AAE3, STM32MP131AAF3, STM32MP131AAG3, STM32MP131CAE3, STM32MP131CAF3, STM32MP131CAG3, STM32MP131DAE7, STM32MP131DAF7, STM32MP131DAG7, STM32MP131FAE7, STM32MP131FAF7, STM32MP131FAG7, STM32MP133AAE3, STM32MP133AAF3, STM32MP133AAG3, STM32MP133CAE3, STM32MP133CAF3, STM32MP133CAG3, STM32MP133DAE7, STM32MP133DAF7, STM32MP133DAG7, STM32MP133FAE7, STM32MP133FAF7, STM32MP133FAG7, STM32MP135AAE3, STM32MP135AAF3, STM32MP135AAG3, STM32MP135CAE3, STM32MP135CAF3, STM32MP135CAG3, STM32MP135DAE7, STM32MP135DAF7, STM32MP135DAG7, STM32MP135F-DK, STM32MP135FAE7, STM32MP135FAF7, STM32MP135FAF7T, STM32MP135FAF7U, STM32MP135FAG7, STM32MP211AAL3, STM32MP211AAM3, STM32MP211AAN3, STM32MP211AAO3, STM32MP211CAL3, STM32MP211CAM3, STM32MP211CAN3, STM32MP211CAO3, STM32MP211DAL3, STM32MP211DAM3, STM32MP211DAN3, STM32MP211DAO3, STM32MP211FAL3, STM32MP211FAM3, STM32MP211FAN3, STM32MP211FAO3, STM32MP213AAL3, STM32MP213AAM3, STM32MP213AAN3, STM32MP213AAO3, STM32MP213CAL3, STM32MP213CAM3, STM32MP213CAN3, STM32MP213CAO3, STM32MP213DAL3, STM32MP213DAM3, STM32MP213DAN3, STM32MP213DAO3, STM32MP213FAL3, STM32MP213FAM3, STM32MP213FAN3, STM32MP213FAO3, STM32MP215AAL3, STM32MP215AAM3, STM32MP215AAN3, STM32MP215AAO3, STM32MP215CAL3, STM32MP215CAM3, STM32MP215CAN3, STM32MP215CAO3, STM32MP215DAL3, STM32MP215DAM3, STM32MP215DAN3, STM32MP215DAO3, STM32MP215F-DK, STM32MP215FAL3, STM32MP215FAM3, STM32MP215FAN3, STM32MP215FAO3, STM32MP231AAJ3, STM32MP231AAK3, STM32MP231AAL3, STM32MP231CAJ3, STM32MP231CAK3, STM32MP231CAL3, STM32MP231DAJ3, STM32MP231DAK3, STM32MP231DAL3, STM32MP231FAJ3, STM32MP231FAK3, STM32MP231FAL3, STM32MP233AAJ3, STM32MP233AAK3, STM32MP233AAL3, STM32MP233CAJ3, STM32MP233CAK3, STM32MP233CAL3, STM32MP233DAJ3, STM32MP233DAK3, STM32MP233DAL3, STM32MP233FAJ3, STM32MP233FAK3, STM32MP233FAL3, STM32MP235AAJ3, STM32MP235AAK3, STM32MP235AAL3, STM32MP235CAJ3, STM32MP235CAK3, STM32MP235CAL3, STM32MP235DAJ3, STM32MP235DAK3, STM32MP235DAL3, STM32MP235FAJ3, STM32MP235FAK3, STM32MP235FAL3, STM32MP251AAI3, STM32MP251AAK3, STM32MP251AAL3, STM32MP251CAI3, STM32MP251CAK3, STM32MP251CAL3, STM32MP251DAI3, STM32MP251DAK3, STM32MP251DAL3, STM32MP251FAI3, STM32MP251FAK3, STM32MP251FAL3, STM32MP253AAI3, STM32MP253AAK3, STM32MP253AAL3, STM32MP253CAI3, STM32MP253CAK3, STM32MP253CAL3, STM32MP253DAI3, STM32MP253DAK3, STM32MP253DAL3, STM32MP253FAI3, STM32MP253FAK3, STM32MP253FAL3, STM32MP255AAI3, STM32MP255AAK3, STM32MP255AAL3, STM32MP255CAI3, STM32MP255CAK3, STM32MP255CAL3, STM32MP255DAI3, STM32MP255DAK3, STM32MP255DAL3, STM32MP255FAI3, STM32MP255FAK3, STM32MP255FAL3, STM32MP257AAI3, STM32MP257AAK3, STM32MP257AAL3, STM32MP257CAI3, STM32MP257CAK3, STM32MP257CAL3, STM32MP257DAI3, STM32MP257DAK3, STM32MP257DAL3, STM32MP257F-DK, STM32MP257F-EV1, STM32MP257FAI3, STM32MP257FAK3, STM32MP257FAL3, STM32N645A0H3Q, STM32N645B0H3Q, STM32N645I0H3Q, STM32N645L0H3Q, STM32N645X0H3Q, STM32N645Z0H3Q, STM32N647A0H3Q, STM32N647B0H3Q, STM32N647I0H3Q, STM32N647L0H3Q, STM32N647X0H3Q, STM32N647Z0H3Q, STM32N655A0H3Q, STM32N655B0H3Q, STM32N655I0H3Q, STM32N655L0H3Q, STM32N655X0H3Q, STM32N655Z0H3Q, STM32N6570-DK, STM32N657A0H3Q, STM32N657B0H3Q, STM32N657I0H3Q, STM32N657L0H3Q, STM32N657X0H3Q, STM32N657Z0H3Q, STM32U031C6T6, STM32U031C6U6, STM32U031C8T6, STM32U031C8U6, STM32U031F4P6, STM32U031F6P6, STM32U031F8P6, STM32U031G6Y6TR, STM32U031G8Y6TR, STM32U031K4U6, STM32U031K6U6, STM32U031K8U6, STM32U031R6I6, STM32U031R6T6, STM32U031R8I6, STM32U031R8T6, STM32U073C8T6, STM32U073C8U6, STM32U073CBT6, STM32U073CBU6, STM32U073CCT6, STM32U073CCU6, STM32U073H8Y6TR, STM32U073HBY6TR, STM32U073HCY6TR, STM32U073K8U6, STM32U073KBU6, STM32U073KCU6, STM32U073M8I6, STM32U073M8T6, STM32U073MBI6, STM32U073MBT6, STM32U073MCI6, STM32U073MCT6, STM32U073R8I6, STM32U073R8T6, STM32U073RBI6, STM32U073RBT6, STM32U073RCI6, STM32U073RCT6, STM32U083C-DK, STM32U083CCT6, STM32U083CCU6, STM32U083HCY6TR, STM32U083KCU6, STM32U083MCI6, STM32U083MCT6, STM32U083RCI6, STM32U083RCT6, STM32U375CET6, STM32U375CET6Q, STM32U375CEU6, STM32U375CEU6Q, STM32U375CEY6QTR, STM32U375CGT6, STM32U375CGT6Q, STM32U375CGU6, STM32U375CGU6Q, STM32U375CGY6QTR, STM32U375KEU6, STM32U375KGU6, STM32U375REI6, STM32U375REI6Q, STM32U375RET6, STM32U375RET6Q, STM32U375REY6GTR, STM32U375REY6QTR, STM32U375RGI6, STM32U375RGI6Q, STM32U375RGT6, STM32U375RGT6Q, STM32U375RGY6GTR, STM32U375RGY6QTR, STM32U375VEI6, STM32U375VEI6Q, STM32U375VET6, STM32U375VET6Q, STM32U375VGI6, STM32U375VGI6Q, STM32U375VGT6, STM32U375VGT6Q, STM32U385CGT6, STM32U385CGT6Q, STM32U385CGU6, STM32U385CGU6Q, STM32U385CGY6QTR, STM32U385KGU6, STM32U385RGI6, STM32U385RGI6Q, STM32U385RGT6, STM32U385RGT6Q, STM32U385RGY6GTR, STM32U385RGY6QTR, STM32U385VGI6, STM32U385VGI6Q, STM32U385VGT6, STM32U385VGT6Q, STM32U535CBT6, STM32U535CBT6Q, STM32U535CBU6, STM32U535CBU6Q, STM32U535CCT6, STM32U535CCT6Q, STM32U535CCU6, STM32U535CCU6Q, STM32U535CET6, STM32U535CET6Q, STM32U535CEU6, STM32U535CEU6Q, STM32U535JEY6QTR, STM32U535NCY6QTR, STM32U535NEY6QTR, STM32U535RBI6, STM32U535RBI6Q, STM32U535RBT6, STM32U535RBT6Q, STM32U535RCI6, STM32U535RCI6Q, STM32U535RCT6, STM32U535RCT6Q, STM32U535REI6, STM32U535REI6Q, STM32U535RET6, STM32U535RET6Q, STM32U535VCI6, STM32U535VCI6Q, STM32U535VCT6, STM32U535VCT6Q, STM32U535VEI6, STM32U535VEI6Q, STM32U535VET6, STM32U535VET6Q, STM32U545CET6, STM32U545CET6Q, STM32U545CEU6, STM32U545CEU6Q, STM32U545JEY6QTR, STM32U545NEY6QTR, STM32U545REI6, STM32U545REI6Q, STM32U545RET6, STM32U545RET6Q, STM32U545VEI6, STM32U545VEI6Q, STM32U545VET6, STM32U545VET6Q, STM32U595AIH6, STM32U595AIH6Q, STM32U595AJH6, STM32U595AJH6Q, STM32U595QII6, STM32U595QII6Q, STM32U595QJI6, STM32U595QJI6Q, STM32U595RIT6, STM32U595RIT6Q, STM32U595RJT6, STM32U595RJT6Q, STM32U595VIT6, STM32U595VIT6Q, STM32U595VJT6, STM32U595VJT6Q, STM32U595ZIT6, STM32U595ZIT6Q, STM32U595ZIY6QTR, STM32U595ZJT6, STM32U595ZJT6Q, STM32U595ZJY6QTR, STM32U599BJY6QTR, STM32U599NIH6Q, STM32U599NJH6Q, STM32U599VIT6Q, STM32U599VJT6, STM32U599VJT6Q, STM32U599ZIT6Q, STM32U599ZIY6QTR, STM32U599ZJT6Q, STM32U599ZJY6QTR, STM32U5A5AJH6, STM32U5A5AJH6Q, STM32U5A5QII3Q , STM32U5A5QJI6, STM32U5A5QJI6Q, STM32U5A5RJT6, STM32U5A5RJT6Q, STM32U5A5VJT6, STM32U5A5VJT6Q, STM32U5A5ZJT6, STM32U5A5ZJT6Q, STM32U5A5ZJY6QTR, STM32U5A9BJY6QTR, STM32U5A9J-DK, STM32U5A9NJH6Q, STM32U5A9VJT6Q, STM32U5A9ZJT6Q, STM32U5A9ZJY6QTR, STM32U5F7VIT6, STM32U5F7VIT6Q, STM32U5F7VJT6, STM32U5F7VJT6Q, STM32U5F9BJY6QTR, STM32U5F9NJH6Q, STM32U5F9VIT6Q, STM32U5F9VJT6Q, STM32U5F9ZIJ6QTR, STM32U5F9ZIT6Q, STM32U5F9ZJJ6QTR, STM32U5F9ZJT6Q, STM32U5G7VJT6, STM32U5G7VJT6Q, STM32U5G9BJY6QTR, STM32U5G9J-DK1, STM32U5G9J-DK2, STM32U5G9NJH6Q, STM32U5G9VJT6Q, STM32U5G9ZJJ6QTR, STM32U5G9ZJT6Q, STM32WB05KZV6TR, STM32WB05KZV7TR, STM32WB05TZF6TR, STM32WB05TZF7TR, STM32WB06CCF6TR, STM32WB06CCF7TR, STM32WB06CCV6TR, STM32WB06CCV7TR, STM32WB06KCV6TR, STM32WB06KCV7TR, STM32WB07CCF6TR, STM32WB07CCF7TR, STM32WB07CCV6TR, STM32WB07CCV7TR, STM32WB07KCV6TR, STM32WB07KCV7TR, STM32WB09KEV6TR, STM32WB09KEV7TR, STM32WB09TEF6TR, STM32WB09TEF7TR, STM32WB1MMCH6, STM32WBA50KGU6, STM32WBA50KGU6TR, STM32WBA52CEU6, STM32WBA52CEU6TR, STM32WBA52CEU7, STM32WBA52CEU7TR, STM32WBA52CGU6, STM32WBA52CGU6TR, STM32WBA52CGU6U, STM32WBA52CGU7, STM32WBA52CGU7TR, STM32WBA52KEU6, STM32WBA52KEU6TR, STM32WBA52KGU6, STM32WBA52KGU6TR, STM32WBA54CEU6, STM32WBA54CEU6TR, STM32WBA54CEU7, STM32WBA54CEU7TR, STM32WBA54CGU6, STM32WBA54CGU6TR, STM32WBA54CGU7, STM32WBA54CGU7TR, STM32WBA54KEU6, STM32WBA54KEU6TR, STM32WBA54KEU7, STM32WBA54KEU7TR, STM32WBA54KGU6, STM32WBA54KGU6TR, STM32WBA54KGU7, STM32WBA54KGU7TR, STM32WBA55CEU6, STM32WBA55CEU6TR, STM32WBA55CEU7, STM32WBA55CEU7TR, STM32WBA55CGU6, STM32WBA55CGU6TR, STM32WBA55CGU6U, STM32WBA55CGU7, STM32WBA55CGU7TR, STM32WBA55G-DK1, STM32WBA55HEF6, STM32WBA55HEF7, STM32WBA55HGF6, STM32WBA55HGF7, STM32WBA55UEI6, STM32WBA55UEI6TR, STM32WBA55UEI7, STM32WBA55UEI7TR, STM32WBA55UGI6, STM32WBA55UGI6TR, STM32WBA55UGI7, STM32WBA55UGI7TR, STM32WBA5MMGH6TR, STM32WBA62MGF6, STM32WBA62MIF6, STM32WBA65MGF7, STM32WBA65MIF6, STM32WBA65MIF7, STM32WL30K8V6, STM32WL30KBV6, STM32WL31C8V6, STM32WL31CBV6, STM32WL31K8V6, STM32WL31KBV6, STM32WL33C8V6, STM32WL33C8V6X, STM32WL33CBV6, STM32WL33CBV6X, STM32WL33CCV6, STM32WL33CCV6A, STM32WL33CCV6X, STM32WL33K8V7, STM32WL33K8V7X, STM32WL33KBV7 , STM32WL33KBV7X, STM32WL33KCV7, STM32WL33KCV7X, STM32WL5MOCH6, STM32WL5MOCH6TR]
2026-04-07 21:33:34,848 [INFO] DbMcus:218 - Found 5055 MCUs, 4968 are supported
2026-04-07 21:33:34,849 [INFO] ApiDb:423 - Load user favorites file /Users/jaspertan/.stm32cubeide/favorites.mcus.txt: 1 item(s)
2026-04-07 21:33:34,850 [INFO] ApiDb:427 - User favorites MCUs=[STM32F042F6P6TR]
2026-04-07 21:33:34,850 [INFO] DbMcus:224 - Set 1 / 1 favorites MCUs
2026-04-07 21:33:35,125 [INFO] BoardInfo:889 - No configuration file found for board NUCLEO-H5E5ZJ
2026-04-07 21:33:35,126 [INFO] DbBoards:161 - Board is not supported: NUCLEO-H5E5ZJ
2026-04-07 21:33:35,185 [INFO] BoardInfo:889 - No configuration file found for board NUCLEO-U3C5ZI-Q
2026-04-07 21:33:35,192 [INFO] DbBoards:161 - Board is not supported: NUCLEO-U3C5ZI-Q
2026-04-07 21:33:35,202 [INFO] BoardInfo:889 - No configuration file found for board NUCLEO-WBA25CE1
2026-04-07 21:33:35,202 [INFO] DbBoards:161 - Board is not supported: NUCLEO-WBA25CE1
2026-04-07 21:33:35,207 [INFO] BoardInfo:889 - No configuration file found for board NUCLEO-WL3RKB1
2026-04-07 21:33:35,207 [INFO] DbBoards:161 - Board is not supported: NUCLEO-WL3RKB1
2026-04-07 21:33:35,208 [INFO] BoardInfo:889 - No configuration file found for board NUCLEO-WL3RKB2
2026-04-07 21:33:35,208 [INFO] DbBoards:161 - Board is not supported: NUCLEO-WL3RKB2
2026-04-07 21:33:35,259 [INFO] BoardInfo:889 - No configuration file found for board P-NUCLEO-WB55
2026-04-07 21:33:35,270 [INFO] DbBoards:161 - Kit is not supported: P-NUCLEO-WB55
2026-04-07 21:33:35,277 [INFO] BoardInfo:889 - No configuration file found for board STEVAL-BFA001V1B
2026-04-07 21:33:35,277 [INFO] DbBoards:161 - Kit is not supported: STEVAL-BFA001V1B
2026-04-07 21:33:35,279 [INFO] BoardInfo:889 - No configuration file found for board STEVAL-BFA001V2B
2026-04-07 21:33:35,279 [INFO] DbBoards:161 - Kit is not supported: STEVAL-BFA001V2B
2026-04-07 21:33:35,339 [INFO] BoardInfo:889 - No configuration file found for board STM32H5F5J-DK
2026-04-07 21:33:35,339 [INFO] DbBoards:161 - Board is not supported: STM32H5F5J-DK
2026-04-07 21:33:35,392 [INFO] DbBoards:168 - Found 218 boards, 209 are supported
2026-04-07 21:33:35,393 [INFO] DbBoards:169 - Found 218 boards, 43 of them is supported for  Bsp
2026-04-07 21:33:35,406 [INFO] ApiDb:423 - Load user favorites file /Users/jaspertan/.stm32cubeide/favorites.boards.txt: 2 item(s)
2026-04-07 21:33:35,407 [INFO] ApiDb:427 - User favorites Boards=[B-L475E-IOT01A1, NUCLEO-F446RE]
2026-04-07 21:33:35,407 [INFO] DbBoards:198 - Set 2 / 2 favorites Boards
2026-04-07 21:33:35,590 [INFO] UtilMem:75 - End LoadConfig() Used Memory: 240541096 Bytes (369098752)
2026-04-07 21:33:35,747 [WARN] ThirdParty:833 - waiting for thirdparty lock release [change project]
2026-04-07 21:33:35,756 [INFO] ThirdParty:835 - entering critical section [change project]
2026-04-07 21:33:35,758 [INFO] ThirdParty:1030 - CMSIS Pack Vendor :STMicroelectronics X-CUBE-AZRTOS-H7 3.5.0
2026-04-07 21:33:35,758 [INFO] ThirdParty:1030 - CMSIS Pack Vendor :STMicroelectronics X-CUBE-PM33A1 1.0.0
2026-04-07 21:33:35,758 [INFO] ThirdParty:1030 - CMSIS Pack Vendor :STMicroelectronics USBPD 4.1
2026-04-07 21:33:35,758 [INFO] ThirdParty:1030 - CMSIS Pack Vendor :STMicroelectronics USB_HOST 2.0.0
2026-04-07 21:33:35,758 [INFO] ThirdParty:1030 - CMSIS Pack Vendor :STMicroelectronics FP-SNS-MOTENVWB1 1.4.0
2026-04-07 21:33:35,758 [INFO] ThirdParty:1030 - CMSIS Pack Vendor :STMicroelectronics X-CUBE-AZRTOS-F4 1.1.0
2026-04-07 21:33:35,758 [INFO] ThirdParty:1030 - CMSIS Pack Vendor :STMicroelectronics LIBJPEG 8.0.0
2026-04-07 21:33:35,758 [INFO] ThirdParty:1030 - CMSIS Pack Vendor :STMicroelectronics FP-ATR-ASTRA1 2.0.2
2026-04-07 21:33:35,758 [INFO] ThirdParty:1030 - CMSIS Pack Vendor :Avnet-IotConnect X-CUBE-IoTC-DA16k-PMOD 1.0.0
2026-04-07 21:33:35,758 [INFO] ThirdParty:1030 - CMSIS Pack Vendor :STMicroelectronics X-CUBE-SMBUS 2.1.0
2026-04-07 21:33:35,758 [INFO] ThirdParty:1030 - CMSIS Pack Vendor :STMicroelectronics X-CUBE-ISPU 2.1.0
2026-04-07 21:33:35,758 [INFO] ThirdParty:1030 - CMSIS Pack Vendor :STMicroelectronics X-CUBE-IPS 3.2.0
2026-04-07 21:33:35,758 [INFO] ThirdParty:1030 - CMSIS Pack Vendor :STMicroelectronics eDS-WB_DPC_TT-BIDIR 2.1.1
2026-04-07 21:33:35,758 [INFO] ThirdParty:1030 - CMSIS Pack Vendor :STMicroelectronics X-CUBE-ST60 1.0.0
2026-04-07 21:33:35,758 [INFO] ThirdParty:1030 - CMSIS Pack Vendor :STMicroelectronics X-CUBE-NFC12 1.0.0
2026-04-07 21:33:35,758 [INFO] ThirdParty:1030 - CMSIS Pack Vendor :STMicroelectronics X-CUBE-AZRTOS-F7 1.1.0
2026-04-07 21:33:35,758 [INFO] ThirdParty:1030 - CMSIS Pack Vendor :STMicroelectronics X-CUBE-AZRTOS-L5 2.0.0
2026-04-07 21:33:35,758 [INFO] ThirdParty:1030 - CMSIS Pack Vendor :STMicroelectronics USB_DEVICE 2.0.0
2026-04-07 21:33:35,758 [INFO] ThirdParty:1030 - CMSIS Pack Vendor :STMicroelectronics X-CUBE-NFC6 3.1.0
2026-04-07 21:33:35,758 [INFO] ThirdParty:1030 - CMSIS Pack Vendor :STMicroelectronics FP-SNS-MOTENV1 5.1.0
2026-04-07 21:33:35,758 [INFO] ThirdParty:1030 - CMSIS Pack Vendor :STMicroelectronics FreeRTOS 0.0.1
2026-04-07 21:33:35,758 [INFO] ThirdParty:1030 - CMSIS Pack Vendor :STMicroelectronics eDS-WB_DPC_VIENNA 1.2.0
2026-04-07 21:33:35,758 [INFO] ThirdParty:1030 - CMSIS Pack Vendor :STMicroelectronics eDS-WB_DPC_3PH2L-BIDIR 1.1.1
2026-04-07 21:33:35,758 [INFO] ThirdParty:1030 - CMSIS Pack Vendor :Infineon AIROC-Wi-Fi-Bluetooth-STM32 1.7.0
2026-04-07 21:33:35,758 [INFO] ThirdParty:1030 - CMSIS Pack Vendor :STMicroelectronics PDM2PCM 3.3.0
2026-04-07 21:33:35,758 [INFO] ThirdParty:1030 - CMSIS Pack Vendor :STMicroelectronics X-CUBE-AZRTOS-H7 3.4.0
2026-04-07 21:33:35,758 [INFO] ThirdParty:1030 - CMSIS Pack Vendor :STMicroelectronics X-CUBE-DISPLAY 3.0.0
2026-04-07 21:33:35,758 [INFO] ThirdParty:1030 - CMSIS Pack Vendor :STMicroelectronics FP-SNS-MOTENVWB1 1.5.0
2026-04-07 21:33:35,758 [INFO] ThirdParty:1030 - CMSIS Pack Vendor :STMicroelectronics X-CUBE-NFC10 1.0.0
2026-04-07 21:33:35,758 [INFO] ThirdParty:1030 - CMSIS Pack Vendor :STMicroelectronics X-CUBE-BLEMGR 4.0.0
2026-04-07 21:33:35,758 [INFO] ThirdParty:1030 - CMSIS Pack Vendor :STMicroelectronics X-CUBE-FREERTOS 1.3.1
2026-04-07 21:33:35,758 [INFO] ThirdParty:1030 - CMSIS Pack Vendor :STMicroelectronics HAL Drivers 0.0.0
2026-04-07 21:33:35,758 [INFO] ThirdParty:1030 - CMSIS Pack Vendor :STMicroelectronics X-CUBE-ST60 1.1.0
2026-04-07 21:33:35,759 [INFO] ThirdParty:1030 - CMSIS Pack Vendor :emotas I-CUBE-CANOPEN 1.3.0
2026-04-07 21:33:35,759 [INFO] ThirdParty:1030 - CMSIS Pack Vendor :STMicroelectronics X-CUBE-FREERTOS 1.3.0
2026-04-07 21:33:35,759 [INFO] ThirdParty:1030 - CMSIS Pack Vendor :STMicroelectronics X-CUBE-NFC7 1.0.1
2026-04-07 21:33:35,759 [INFO] ThirdParty:1030 - CMSIS Pack Vendor :STMicroelectronics MBEDTLS 2.14.1
2026-04-07 21:33:35,759 [INFO] ThirdParty:1030 - CMSIS Pack Vendor :STMicroelectronics X-CUBE-GNSS1 7.1.0
2026-04-07 21:33:35,759 [INFO] ThirdParty:1030 - CMSIS Pack Vendor :STMicroelectronics X-CUBE-TOUCHGFX 4.26.0
2026-04-07 21:33:35,759 [INFO] ThirdParty:1030 - CMSIS Pack Vendor :STMicroelectronics X-CUBE-TOUCHGFX 4.26.1
2026-04-07 21:33:35,759 [INFO] ThirdParty:1030 - CMSIS Pack Vendor :quantropi X-CUBE-qispace-sdk-base 2.0.0
2026-04-07 21:33:35,759 [INFO] ThirdParty:1030 - CMSIS Pack Vendor :STMicroelectronics X-CUBE-AI 10.0.0
2026-04-07 21:33:35,759 [INFO] ThirdParty:1030 - CMSIS Pack Vendor :STMicroelectronics FP-SNS-STBOX1 2.1.0
2026-04-07 21:33:35,759 [INFO] ThirdParty:1030 - CMSIS Pack Vendor :STMicroelectronics FP-SNS-STAIOTCFT 1.0.0
2026-04-07 21:33:35,759 [INFO] ThirdParty:1030 - CMSIS Pack Vendor :STMicroelectronics FP-SNS-SMARTAG2 1.2.0
2026-04-07 21:33:35,759 [INFO] ThirdParty:1030 - CMSIS Pack Vendor :STMicroelectronics FP-SNS-FLIGHT1 5.1.0
2026-04-07 21:33:35,759 [INFO] ThirdParty:1030 - CMSIS Pack Vendor :STMicroelectronics X-CUBE-AZRTOS-WL 2.0.0
2026-04-07 21:33:35,759 [INFO] ThirdParty:1030 - CMSIS Pack Vendor :STMicroelectronics X-CUBE-DPower 1.3.0
2026-04-07 21:33:35,759 [INFO] ThirdParty:1030 - CMSIS Pack Vendor :STMicroelectronics FP-SNS-MOTENV1 5.0.0
2026-04-07 21:33:35,759 [INFO] ThirdParty:1030 - CMSIS Pack Vendor :STMicroelectronics USB_DEVICE 1.0.0
2026-04-07 21:33:35,759 [INFO] ThirdParty:1030 - CMSIS Pack Vendor :STMicroelectronics X-CUBE-AZRTOS-H7RS 1.2.0
2026-04-07 21:33:35,759 [INFO] ThirdParty:1030 - CMSIS Pack Vendor :STMicroelectronics X-CUBE-AZRTOS-L4 2.0.0
2026-04-07 21:33:35,759 [INFO] ThirdParty:1030 - CMSIS Pack Vendor :STMicroelectronics ThreadX 0.0.2
2026-04-07 21:33:35,759 [INFO] ThirdParty:1030 - CMSIS Pack Vendor :WES I-CUBE-Cesium 1.3.0
2026-04-07 21:33:35,759 [INFO] ThirdParty:1030 - CMSIS Pack Vendor :STMicroelectronics lwIP 2.1.2
2026-04-07 21:33:35,759 [INFO] ThirdParty:1030 - CMSIS Pack Vendor :STMicroelectronics X-CUBE-SFXS2LP1 4.0.0
2026-04-07 21:33:35,759 [INFO] ThirdParty:1030 - CMSIS Pack Vendor :STMicroelectronics X-CUBE-BLE2 3.3.0
2026-04-07 21:33:35,759 [INFO] ThirdParty:1030 - CMSIS Pack Vendor :Avnet-IOTCONNECT X-CUBE-iotc-st67-sdk 1.0.0
2026-04-07 21:33:35,759 [INFO] ThirdParty:1030 - CMSIS Pack Vendor :STMicroelectronics PDM2PCM 3.2.0
2026-04-07 21:33:35,759 [INFO] ThirdParty:1030 - CMSIS Pack Vendor :STMicroelectronics X-CUBE-ST67W61 1.2.0
2026-04-07 21:33:35,760 [INFO] ThirdParty:1030 - CMSIS Pack Vendor :STMicroelectronics X-CUBE-AZRTOS-H7 3.3.0
2026-04-07 21:33:35,760 [INFO] ThirdParty:1030 - CMSIS Pack Vendor :STMicroelectronics X-CUBE-NFC9 1.0.0
2026-04-07 21:33:35,760 [INFO] ThirdParty:1030 - CMSIS Pack Vendor :STMicroelectronics X-CUBE-BLE1 7.1.0
2026-04-07 21:33:35,760 [INFO] ThirdParty:1030 - CMSIS Pack Vendor :wolfSSL I-CUBE-wolfMQTT 1.19.2
2026-04-07 21:33:35,760 [INFO] ThirdParty:1030 - CMSIS Pack Vendor :STMicroelectronics USB_DEVICE 3.0.0
2026-04-07 21:33:35,760 [INFO] ThirdParty:1030 - CMSIS Pack Vendor :STMicroelectronics X-CUBE-FREERTOS 1.4.0
2026-04-07 21:33:35,760 [INFO] ThirdParty:1030 - CMSIS Pack Vendor :STMicroelectronics X-CUBE-EEPRMA1 5.2.0
2026-04-07 21:33:35,760 [INFO] ThirdParty:1030 - CMSIS Pack Vendor :STMicroelectronics X-CUBE-BLEMGR 4.1.0
2026-04-07 21:33:35,760 [INFO] ThirdParty:1030 - CMSIS Pack Vendor :STMicroelectronics X-CUBE-AZRTOS-WB 2.0.0
2026-04-07 21:33:35,760 [INFO] ThirdParty:1030 - CMSIS Pack Vendor :STMicroelectronics X-CUBE-GNSS1 7.0.1
2026-04-07 21:33:35,760 [INFO] ThirdParty:1030 - CMSIS Pack Vendor :STMicroelectronics X-CUBE-TOUCHGFX 4.25.0
2026-04-07 21:33:35,761 [INFO] ThirdParty:1030 - CMSIS Pack Vendor :STMicroelectronics X-CUBE-ST67W61 1.1.0
2026-04-07 21:33:35,761 [INFO] ThirdParty:1030 - CMSIS Pack Vendor :STMicroelectronics X-CUBE-AI 10.1.0
2026-04-07 21:33:35,761 [INFO] ThirdParty:1030 - CMSIS Pack Vendor :STMicroelectronics FP-SNS-STBOX1 2.0.0
2026-04-07 21:33:35,761 [INFO] ThirdParty:1030 - CMSIS Pack Vendor :STMicroelectronics X-CUBE-MEMS1 12.0.0
2026-04-07 21:33:35,761 [INFO] ThirdParty:1030 - CMSIS Pack Vendor :STMicroelectronics X-CUBE-STSE01 2.0.0
2026-04-07 21:33:35,761 [INFO] ThirdParty:1030 - CMSIS Pack Vendor :STMicroelectronics X-CUBE-MEMS1 11.2.0
2026-04-07 21:33:35,761 [INFO] ThirdParty:1030 - CMSIS Pack Vendor :STMicroelectronics X-CUBE-AZRTOS-G0 1.1.0
2026-04-07 21:33:35,761 [INFO] ThirdParty:1030 - CMSIS Pack Vendor :STMicroelectronics X-CUBE-SAFEA1 1.2.2
2026-04-07 21:33:35,761 [INFO] ThirdParty:1030 - CMSIS Pack Vendor :STMicroelectronics X-CUBE-NFC4 3.0.0
2026-04-07 21:33:35,761 [INFO] ThirdParty:1030 - CMSIS Pack Vendor :STMicroelectronics X-CUBE-SUBG2 5.0.0
2026-04-07 21:33:35,761 [INFO] ThirdParty:1030 - CMSIS Pack Vendor :STMicroelectronics X-CUBE-AZRTOS-H7RS 1.1.0
2026-04-07 21:33:35,761 [INFO] ThirdParty:1030 - CMSIS Pack Vendor :STMicroelectronics STM32_WPAN 1.0.0
2026-04-07 21:33:35,761 [INFO] ThirdParty:1030 - CMSIS Pack Vendor :EmbeddedOffice I-CUBE-FS-RTOS 1.0.1
2026-04-07 21:33:35,761 [INFO] ThirdParty:1030 - CMSIS Pack Vendor :STMicroelectronics lwIP 2.0.3
2026-04-07 21:33:35,761 [INFO] ThirdParty:1030 - CMSIS Pack Vendor :Cesanta I-CUBE-Mongoose 7.13.0
2026-04-07 21:33:35,761 [INFO] ThirdParty:1030 - CMSIS Pack Vendor :STMicroelectronics USB_HOST 1.0.0
2026-04-07 21:33:35,761 [INFO] ThirdParty:1030 - CMSIS Pack Vendor :STMicroelectronics X-CUBE-AZRTOS-G4 2.0.0
2026-04-07 21:33:35,761 [INFO] ThirdParty:1030 - CMSIS Pack Vendor :STMicroelectronics X-CUBE-WB05N 2.0.0
2026-04-07 21:33:35,763 [INFO] ThirdParty:1030 - CMSIS Pack Vendor :STMicroelectronics PDM2PCM 3.1.0
2026-04-07 21:33:35,765 [INFO] ThirdParty:1030 - CMSIS Pack Vendor :wolfSSL I-CUBE-wolfTPM 3.8.0
2026-04-07 21:33:35,768 [INFO] ThirdParty:1030 - CMSIS Pack Vendor :wolfSSL I-CUBE-wolfSSH 1.4.20
2026-04-07 21:33:35,771 [INFO] ThirdParty:1030 - CMSIS Pack Vendor :STMicroelectronics X-CUBE-NFC7 2.0.0
2026-04-07 21:33:35,771 [INFO] ThirdParty:1030 - CMSIS Pack Vendor :STMicroelectronics X-CUBE-TCPP 4.2.0
2026-04-07 21:33:35,772 [INFO] ThirdParty:1030 - CMSIS Pack Vendor :RealThread X-CUBE-RT-Thread_Nano 4.1.1
2026-04-07 21:33:35,772 [INFO] ThirdParty:1030 - CMSIS Pack Vendor :STMicroelectronics FP-ATR-SIGFOX1 3.2.0
2026-04-07 21:33:35,772 [INFO] ThirdParty:1030 - CMSIS Pack Vendor :STMicroelectronics X-CUBE-EEPRMA1 5.1.0
2026-04-07 21:33:35,772 [INFO] ThirdParty:1030 - CMSIS Pack Vendor :STMicroelectronics X-CUBE-FREERTOS 1.5.0
2026-04-07 21:33:35,772 [INFO] ThirdParty:1030 - CMSIS Pack Vendor :STMicroelectronics MBEDTLS 2.16.2
2026-04-07 21:33:35,772 [INFO] ThirdParty:1030 - CMSIS Pack Vendor :STMicroelectronics X-CUBE-IPS 3.1.0
2026-04-07 21:33:35,772 [INFO] ThirdParty:1030 - CMSIS Pack Vendor :STMicroelectronics X-CUBE-ALS 1.0.2
2026-04-07 21:33:35,772 [INFO] ThirdParty:1030 - CMSIS Pack Vendor :wolfSSL I-CUBE-wolfSSL 5.7.6
2026-04-07 21:33:35,772 [INFO] ThirdParty:1030 - CMSIS Pack Vendor :ITTIA_DB I-CUBE-ITTIADB 8.9.0
2026-04-07 21:33:35,772 [INFO] ThirdParty:1030 - CMSIS Pack Vendor :STMicroelectronics X-CUBE-STSE01 1.0.0
2026-04-07 21:33:35,772 [INFO] ThirdParty:1030 - CMSIS Pack Vendor :portGmbH I-Cube-SoM-uGOAL 1.1.0
2026-04-07 21:33:35,772 [INFO] ThirdParty:1030 - CMSIS Pack Vendor :STMicroelectronics X-CUBE-NFC6 3.2.0
2026-04-07 21:33:35,772 [INFO] ThirdParty:1030 - CMSIS Pack Vendor :STMicroelectronics X-CUBE-ST67W61 1.0.0
2026-04-07 21:33:35,772 [INFO] ThirdParty:1030 - CMSIS Pack Vendor :STMicroelectronics X-CUBE-AI 10.2.0
2026-04-07 21:33:35,772 [INFO] ThirdParty:1030 - CMSIS Pack Vendor :STMicroelectronics ThreadX 1.0.0
2026-04-07 21:33:35,772 [INFO] ThirdParty:1030 - CMSIS Pack Vendor :SEGGER I-CUBE-embOS 1.3.1
2026-04-07 21:33:35,772 [INFO] ThirdParty:1030 - CMSIS Pack Vendor :STMicroelectronics X-CUBE-ALGOBUILD 1.4.0
2026-04-07 21:33:35,772 [INFO] ThirdParty:1030 - CMSIS Pack Vendor :STMicroelectronics X-CUBE-MEMS1 11.3.0
2026-04-07 21:33:35,772 [INFO] ThirdParty:1030 - CMSIS Pack Vendor :STMicroelectronics X-CUBE-TOF1 3.4.3
2026-04-07 21:33:35,778 [INFO] ThirdParty:841 - exiting critical section [change project]
2026-04-07 21:33:36,813 [INFO] PinOutPanel:1589 - setPackage(No Configuration,No Configuration)
2026-04-07 21:33:36,824 [INFO] PinOutPanel:1589 - setPackage(STM32F042F6Px,TSSOP20)
2026-04-07 21:33:38,079 [INFO] UtilMem:75 - Before build in PCC Used Memory: 280796608 Bytes (369098752)
2026-04-07 21:33:39,364 [INFO] UtilMem:75 - After build in PCC Used Memory: 260949376 Bytes (369098752)
2026-04-07 21:33:39,466 [INFO] IPUIPlugin:80 - create IPUIPlugin
2026-04-07 21:33:39,469 [INFO] IPUIPlugin:80 - create IPUIPlugin
2026-04-07 21:33:39,471 [INFO] IPUIPlugin:80 - create IPUIPlugin
2026-04-07 21:33:39,471 [INFO] IPUIPlugin:80 - create IPUIPlugin
2026-04-07 21:33:39,471 [INFO] IPUIPlugin:80 - create IPUIPlugin
2026-04-07 21:33:39,472 [INFO] IPUIPlugin:80 - create IPUIPlugin
2026-04-07 21:33:39,472 [INFO] IPUIPlugin:80 - create IPUIPlugin
2026-04-07 21:33:39,473 [INFO] IPUIPlugin:80 - create IPUIPlugin
2026-04-07 21:33:39,473 [INFO] IPUIPlugin:80 - create IPUIPlugin
2026-04-07 21:33:39,473 [INFO] IPUIPlugin:80 - create IPUIPlugin
2026-04-07 21:33:39,473 [INFO] IPUIPlugin:80 - create IPUIPlugin
2026-04-07 21:33:39,473 [INFO] IPUIPlugin:80 - create IPUIPlugin
2026-04-07 21:33:39,474 [INFO] IPUIPlugin:80 - create IPUIPlugin
2026-04-07 21:33:39,474 [INFO] IPUIPlugin:80 - create IPUIPlugin
2026-04-07 21:33:39,474 [INFO] IPUIPlugin:80 - create IPUIPlugin
2026-04-07 21:33:39,474 [INFO] IPUIPlugin:80 - create IPUIPlugin
2026-04-07 21:33:39,477 [INFO] IPUIPlugin:80 - create IPUIPlugin
2026-04-07 21:33:39,477 [INFO] IPUIPlugin:80 - create IPUIPlugin
2026-04-07 21:33:39,477 [INFO] IPUIPlugin:80 - create IPUIPlugin
2026-04-07 21:33:39,477 [INFO] IPUIPlugin:80 - create IPUIPlugin
2026-04-07 21:33:39,477 [INFO] IPUIPlugin:80 - create IPUIPlugin
2026-04-07 21:33:39,477 [INFO] IPUIPlugin:80 - create IPUIPlugin
2026-04-07 21:33:39,477 [INFO] IPUIPlugin:80 - create IPUIPlugin
2026-04-07 21:33:39,477 [INFO] IPUIPlugin:80 - create IPUIPlugin
2026-04-07 21:33:39,477 [INFO] IPUIPlugin:80 - create IPUIPlugin
2026-04-07 21:33:39,477 [INFO] IPUIPlugin:80 - create IPUIPlugin
2026-04-07 21:33:39,477 [INFO] IPUIPlugin:80 - create IPUIPlugin
2026-04-07 21:33:39,478 [INFO] IPUIPlugin:80 - create IPUIPlugin
2026-04-07 21:33:39,478 [INFO] IPUIPlugin:80 - create IPUIPlugin
2026-04-07 21:33:39,478 [INFO] IPUIPlugin:80 - create IPUIPlugin
2026-04-07 21:33:39,698 [INFO] CADModel:165 - CPN selected for project levelSTM32F042F6P6TR
2026-04-07 21:33:39,698 [INFO] CADModel:114 - Register for checkConnection events
2026-04-07 21:33:39,746 [INFO] OpenFileManager:386 - Restore cursor
2026-04-07 21:33:47,563 [INFO] Gpio:278 - dependency for GPIO []
2026-04-07 21:35:13,616 [INFO] Gpio:278 - dependency for GPIO []
2026-04-07 21:35:42,001 [INFO] Gpio:278 - dependency for GPIO []
2026-04-07 21:36:02,676 [INFO] Gpio:278 - dependency for GPIO []
2026-04-07 21:36:19,026 [INFO] Gpio:278 - dependency for GPIO []
2026-04-07 21:44:54,111 [INFO] Gpio:278 - dependency for GPIO []
2026-04-07 21:45:06,880 [INFO] Gpio:278 - dependency for GPIO []
2026-04-07 21:45:21,560 [INFO] Gpio:278 - dependency for GPIO []
2026-04-07 21:45:44,181 [INFO] UtilMem:75 - End SaveConfig() Used Memory: 656317944 Bytes (1073741824)
2026-04-07 21:45:46,198 [INFO] UtilMem:75 - End SaveConfig() Used Memory: 800793136 Bytes (1073741824)
2026-04-07 21:45:48,362 [INFO] UtilMem:75 - End SaveConfig() Used Memory: 892008328 Bytes (1073741824)
2026-04-07 21:45:48,933 [INFO] BlockDiagram:2775 - set Specific Code input for plugin: NVIC
2026-04-07 21:45:48,934 [INFO] BlockDiagram:2775 - set Specific Code input for plugin: TIM1_8F0
2026-04-07 21:45:48,935 [INFO] BlockDiagram:2775 - set Specific Code input for plugin: SYS
2026-04-07 21:45:48,935 [INFO] BlockDiagram:2775 - set Specific Code input for plugin: GPIO
2026-04-07 21:45:48,935 [INFO] BlockDiagram:2775 - set Specific Code input for plugin: RCC
2026-04-07 21:45:48,935 [INFO] CodeGenerator:892 - code generatio: config db path: /Applications/STM32CubeIDE.app/Contents/Eclipse/plugins/com.st.stm32cube.common.mx_6.15.0.202507011659//db/
2026-04-07 21:45:49,100 [INFO] CodeEngine:265 - oldGeneratedFile, /Users/jaspertan/Desktop/SCU/MECH208/Final_Project/Code/STM32_Code/tilt_plate/MXTmpFiles/license.tmp_save
2026-04-07 21:45:49,503 [INFO] CodeEngine:289 - Generated code: /Users/jaspertan/Desktop/SCU/MECH208/Final_Project/Code/STM32_Code/tilt_plate/MXTmpFiles/license.tmp
2026-04-07 21:45:49,641 [INFO] CodeEngine:265 - oldGeneratedFile, /Users/jaspertan/Desktop/SCU/MECH208/Final_Project/Code/STM32_Code/tilt_plate/MXTmpFiles/gpio.tmp_save
2026-04-07 21:45:49,822 [INFO] CodeEngine:289 - Generated code: /Users/jaspertan/Desktop/SCU/MECH208/Final_Project/Code/STM32_Code/tilt_plate/MXTmpFiles/gpio.tmp
2026-04-07 21:45:49,993 [INFO] CodeEngine:265 - oldGeneratedFile, /Users/jaspertan/Desktop/SCU/MECH208/Final_Project/Code/STM32_Code/tilt_plate/Core/Src/stm32f0xx_it.c_save
2026-04-07 21:45:50,148 [INFO] CodeEngine:289 - Generated code: /Users/jaspertan/Desktop/SCU/MECH208/Final_Project/Code/STM32_Code/tilt_plate/Core/Src/stm32f0xx_it.c
2026-04-07 21:45:50,151 [INFO] CodeEngine:265 - oldGeneratedFile, /Users/jaspertan/Desktop/SCU/MECH208/Final_Project/Code/STM32_Code/tilt_plate/Core/Inc/stm32f0xx_it.h_save
2026-04-07 21:45:50,211 [INFO] CodeEngine:289 - Generated code: /Users/jaspertan/Desktop/SCU/MECH208/Final_Project/Code/STM32_Code/tilt_plate/Core/Inc/stm32f0xx_it.h
2026-04-07 21:45:50,216 [INFO] CodeEngine:265 - oldGeneratedFile, /Users/jaspertan/Desktop/SCU/MECH208/Final_Project/Code/STM32_Code/tilt_plate/Core/Src/stm32f0xx_hal_msp.c_save
2026-04-07 21:45:50,327 [INFO] CodeEngine:289 - Generated code: /Users/jaspertan/Desktop/SCU/MECH208/Final_Project/Code/STM32_Code/tilt_plate/Core/Src/stm32f0xx_hal_msp.c
2026-04-07 21:45:50,330 [INFO] CodeEngine:265 - oldGeneratedFile, /Users/jaspertan/Desktop/SCU/MECH208/Final_Project/Code/STM32_Code/tilt_plate/MXTmpFiles/system.tmp_save
2026-04-07 21:45:50,393 [INFO] CodeEngine:289 - Generated code: /Users/jaspertan/Desktop/SCU/MECH208/Final_Project/Code/STM32_Code/tilt_plate/MXTmpFiles/system.tmp
2026-04-07 21:45:50,399 [INFO] CodeEngine:321 - oldGeneratedFile, /Users/jaspertan/Desktop/SCU/MECH208/Final_Project/Code/STM32_Code/tilt_plate/Core/Inc/stm32f0xx_hal_conf.h_save
2026-04-07 21:45:50,452 [INFO] CodeEngine:345 - Generated code: /Users/jaspertan/Desktop/SCU/MECH208/Final_Project/Code/STM32_Code/tilt_plate/Core/Inc/stm32f0xx_hal_conf.h
2026-04-07 21:45:50,525 [INFO] ApiDbMcu:532 - Load IP Config File for TIM2
2026-04-07 21:45:50,528 [INFO] ApiDbMcu:532 - Load IP Config File for RCC
2026-04-07 21:45:50,530 [WARN] IPConfigManager:3811 - IP not found : TIM
2026-04-07 21:45:50,530 [WARN] CodeGenerator:4259 - IP not found : null
2026-04-07 21:45:50,534 [INFO] CodeEngine:265 - oldGeneratedFile, /Users/jaspertan/Desktop/SCU/MECH208/Final_Project/Code/STM32_Code/tilt_plate/Core/Inc/main.h_save
2026-04-07 21:45:50,635 [INFO] CodeEngine:289 - Generated code: /Users/jaspertan/Desktop/SCU/MECH208/Final_Project/Code/STM32_Code/tilt_plate/Core/Inc/main.h
2026-04-07 21:45:50,637 [INFO] CodeEngine:265 - oldGeneratedFile, /Users/jaspertan/Desktop/SCU/MECH208/Final_Project/Code/STM32_Code/tilt_plate/Core/Src/main.c_save
2026-04-07 21:45:50,830 [INFO] CodeEngine:289 - Generated code: /Users/jaspertan/Desktop/SCU/MECH208/Final_Project/Code/STM32_Code/tilt_plate/Core/Src/main.c
2026-04-07 21:45:51,468 [INFO] ProjectBuilder:3606 - Time for Copy HAL[1] : 53mS.
2026-04-07 21:45:51,492 [INFO] ProjectBuilder:5216 - Project Generator version: 4.7.0-B52
2026-04-07 21:45:51,632 [INFO] ConfigFileManager:1595 - The Die is : DIE445
2026-04-07 21:45:51,650 [INFO] ApiDbMcu:532 - Load IP Config File for FATFS
2026-04-07 21:45:51,662 [INFO] ApiDbMcu:532 - Load IP Config File for FREERTOS
2026-04-07 21:45:51,669 [INFO] ApiDbMcu:532 - Load IP Config File for TOUCHSENSING
2026-04-07 21:45:51,677 [INFO] ApiDbMcu:532 - Load IP Config File for USB_DEVICE
2026-04-07 21:45:52,122 [INFO] LogOutputStream:77 - [STDOUT_REDIRECT] 
2026-04-07 21:45:53,892 [INFO] ProjectBuilder:5496 - Time for Generating toolchain IDE Files: 2396mS.
2026-04-07 21:45:53,895 [INFO] ProjectBuilder:3463 - Time for Copy CMSIS : 1mS.
2026-04-07 21:45:53,895 [INFO] ProjectBuilder:3463 - Time for Copy CMSIS : 0mS.
2026-04-07 21:52:13,996 [INFO] CADModel:198 - CPN selected (Project mode): STM32F042F6P6TR
2026-04-07 21:52:14,007 [INFO] CADModel:200 - Internet connection configuration mode: 1
2026-04-07 21:52:14,008 [INFO] CADModel:203 - rpn retrievedSTM32F042F6
2026-04-07 21:52:14,031 [INFO] WebAppUi:336 - Instantiating new browser for Project
2026-04-07 21:52:14,416 [INFO] WebAppUi:1235 - Register for checkConnection events
2026-04-07 21:52:14,418 [INFO] WebAppUi:1270 - Apply proxy settings
2026-04-07 21:52:14,441 [INFO] WebAppUi:1188 - Chromium authenticates against Manually configured proxy
2026-04-07 21:52:14,442 [INFO] WebAppUi:1196 - Username used for proxy authentication: 
2026-04-07 21:52:14,465 [INFO] WebAppUi:1166 - Web application path used /Applications/STM32CubeIDE.app/Contents/Eclipse/plugins/com.st.stm32cube.common.mx_6.15.0.202507011659/db/plugins/mcufinder/reactClient/index.html
2026-04-07 21:52:14,516 [INFO] WebAppUi:938 - Path where api_config.json is located /Users/jaspertan/.stmcufinder/plugins/mcufinder//mcu/api_config.json
2026-04-07 21:52:14,521 [INFO] WebAppUi:939 - Setting api config in window object
2026-04-07 21:52:14,562 [WARN] WebAppUi:976 - Cannot access cad_preferences.json
2026-04-07 21:52:14,563 [WARN] WebAppUi:979 - Fallback to default consent
2026-04-07 21:52:14,566 [INFO] WebAppUi:947 - Path where cad_preferences.json is located /Users/jaspertan/.stm32cubeide/
2026-04-07 21:52:14,567 [INFO] WebAppUi:948 - Setting consent info in window object
2026-04-07 21:52:15,553 [INFO] WebAppUi:843 - Allow Downloads
2026-04-07 21:52:15,558 [INFO] WebAppUi:336 - Instantiating new browser for Finder
2026-04-07 21:52:15,900 [INFO] WebAppUi:1235 - Register for checkConnection events
2026-04-07 21:52:15,900 [INFO] WebAppUi:1270 - Apply proxy settings
2026-04-07 21:52:15,910 [INFO] WebAppUi:1188 - Chromium authenticates against Manually configured proxy
2026-04-07 21:52:15,911 [INFO] WebAppUi:1196 - Username used for proxy authentication: 
2026-04-07 21:52:15,924 [INFO] WebAppUi:1166 - Web application path used /Applications/STM32CubeIDE.app/Contents/Eclipse/plugins/com.st.stm32cube.common.mx_6.15.0.202507011659/db/plugins/mcufinder/reactClient/index.html
2026-04-07 21:52:15,982 [INFO] WebAppUi:1100 - Web application message: [UlApiManager component] Connecting to SSO
2026-04-07 21:52:15,985 [INFO] WebAppUi:938 - Path where api_config.json is located /Users/jaspertan/.stmcufinder/plugins/mcufinder//mcu/api_config.json
2026-04-07 21:52:15,986 [INFO] WebAppUi:939 - Setting api config in window object
2026-04-07 21:52:16,013 [INFO] WebAppUi:947 - Path where cad_preferences.json is located /Users/jaspertan/.stm32cubeide/
2026-04-07 21:52:16,014 [INFO] WebAppUi:948 - Setting consent info in window object
2026-04-07 21:52:16,409 [INFO] WebAppUi:1100 - Web application message: [UlApiManager component] Connected to Ultra Librarian SSO
2026-04-07 21:52:16,553 [INFO] WebAppUi:1100 - Web application message: [UlApiManager component] Connected to Ultra Librarian API
2026-04-07 21:52:17,357 [INFO] WebAppUi:843 - Allow Downloads
2026-04-07 21:52:17,364 [INFO] WebAppUi:664 - RPN selected STM32F042F6
2026-04-07 21:52:17,365 [INFO] WebAppUi:665 - RefName selected STM32F042F6Px
2026-04-07 21:52:17,365 [INFO] WebAppUi:666 - CPN selected STM32F042F6P6TR
2026-04-07 21:52:17,383 [INFO] WebAppUi:829 - Which Bigleton in use 2 and which CPN is about STM32F042F6P6TR
2026-04-07 21:52:17,702 [INFO] WebAppUi:703 - Have injected Javascript into web application
2026-04-07 21:52:17,702 [INFO] WebAppUiContainer:153 - Web application run mode: Project CPN: STM32F042F6P6TR
2026-04-07 21:52:17,754 [INFO] WebAppUi:1100 - Web application message: [UlApiManager component] Connecting to SSO
2026-04-07 21:52:18,178 [INFO] WebAppUi:1100 - Web application message: [UlApiManager component] Connected to Ultra Librarian SSO
2026-04-07 21:52:18,299 [INFO] WebAppUi:1100 - Web application message: [UlApiManager component] Connected to Ultra Librarian API
2026-04-07 21:52:20,276 [INFO] WebAppUi:938 - Path where api_config.json is located /Users/jaspertan/.stmcufinder/plugins/mcufinder//mcu/api_config.json
2026-04-07 21:52:20,289 [INFO] WebAppUi:939 - Setting api config in window object
2026-04-07 21:52:20,325 [INFO] WebAppUi:947 - Path where cad_preferences.json is located /Users/jaspertan/.stm32cubeide/
2026-04-07 21:52:20,326 [INFO] WebAppUi:948 - Setting consent info in window object
2026-04-07 21:52:21,760 [INFO] WebAppUi:1100 - Web application message: THREE.WebGLRenderer 101
2026-04-07 21:54:01,113 [INFO] NvicIntPanel:101 - NVIC parent = com.st.microxplorer.plugins.ip.nvic.MultiNvicIntPanel[,0,0,589x574,layout=javax.swing.BoxLayout,alignmentX=0.0,alignmentY=0.0,border=,flags=9,maximumSize=,minimumSize=,preferredSize=]
2026-04-07 21:54:36,129 [INFO] UtilMem:75 - End SaveConfig() Used Memory: 815053368 Bytes (1073741824)
2026-04-07 21:54:37,759 [INFO] UtilMem:75 - End SaveConfig() Used Memory: 827057720 Bytes (1073741824)
2026-04-07 21:54:39,743 [INFO] UtilMem:75 - End SaveConfig() Used Memory: 946751944 Bytes (1073741824)
2026-04-07 21:54:40,833 [INFO] BlockDiagram:2775 - set Specific Code input for plugin: NVIC
2026-04-07 21:54:40,838 [INFO] BlockDiagram:2775 - set Specific Code input for plugin: USB
2026-04-07 21:54:40,839 [INFO] BlockDiagram:2775 - set Specific Code input for plugin: SYS
2026-04-07 21:54:40,843 [INFO] BlockDiagram:2775 - set Specific Code input for plugin: GPIO
2026-04-07 21:54:40,843 [INFO] BlockDiagram:2775 - set Specific Code input for plugin: RCC
2026-04-07 21:54:40,843 [INFO] CodeGenerator:892 - code generatio: config db path: /Applications/STM32CubeIDE.app/Contents/Eclipse/plugins/com.st.stm32cube.common.mx_6.15.0.202507011659//db/
2026-04-07 21:54:40,937 [INFO] CodeEngine:265 - oldGeneratedFile, /Users/jaspertan/Desktop/SCU/MECH208/Final_Project/Code/STM32_Code/tilt_plate/MXTmpFiles/license.tmp_save
2026-04-07 21:54:41,213 [INFO] CodeEngine:289 - Generated code: /Users/jaspertan/Desktop/SCU/MECH208/Final_Project/Code/STM32_Code/tilt_plate/MXTmpFiles/license.tmp
2026-04-07 21:54:41,268 [INFO] CodeEngine:265 - oldGeneratedFile, /Users/jaspertan/Desktop/SCU/MECH208/Final_Project/Code/STM32_Code/tilt_plate/MXTmpFiles/gpio.tmp_save
2026-04-07 21:54:41,368 [INFO] CodeEngine:289 - Generated code: /Users/jaspertan/Desktop/SCU/MECH208/Final_Project/Code/STM32_Code/tilt_plate/MXTmpFiles/gpio.tmp
2026-04-07 21:54:41,483 [INFO] CodeEngine:265 - oldGeneratedFile, /Users/jaspertan/Desktop/SCU/MECH208/Final_Project/Code/STM32_Code/tilt_plate/Core/Src/stm32f0xx_it.c_save
2026-04-07 21:54:41,645 [INFO] CodeEngine:289 - Generated code: /Users/jaspertan/Desktop/SCU/MECH208/Final_Project/Code/STM32_Code/tilt_plate/Core/Src/stm32f0xx_it.c
2026-04-07 21:54:41,648 [INFO] CodeEngine:265 - oldGeneratedFile, /Users/jaspertan/Desktop/SCU/MECH208/Final_Project/Code/STM32_Code/tilt_plate/Core/Inc/stm32f0xx_it.h_save
2026-04-07 21:54:41,705 [INFO] CodeEngine:289 - Generated code: /Users/jaspertan/Desktop/SCU/MECH208/Final_Project/Code/STM32_Code/tilt_plate/Core/Inc/stm32f0xx_it.h
2026-04-07 21:54:41,710 [INFO] CodeEngine:265 - oldGeneratedFile, /Users/jaspertan/Desktop/SCU/MECH208/Final_Project/Code/STM32_Code/tilt_plate/Core/Src/stm32f0xx_hal_msp.c_save
2026-04-07 21:54:41,828 [INFO] CodeEngine:289 - Generated code: /Users/jaspertan/Desktop/SCU/MECH208/Final_Project/Code/STM32_Code/tilt_plate/Core/Src/stm32f0xx_hal_msp.c
2026-04-07 21:54:41,830 [INFO] CodeEngine:265 - oldGeneratedFile, /Users/jaspertan/Desktop/SCU/MECH208/Final_Project/Code/STM32_Code/tilt_plate/MXTmpFiles/system.tmp_save
2026-04-07 21:54:41,935 [INFO] CodeEngine:289 - Generated code: /Users/jaspertan/Desktop/SCU/MECH208/Final_Project/Code/STM32_Code/tilt_plate/MXTmpFiles/system.tmp
2026-04-07 21:54:41,942 [INFO] CodeEngine:321 - oldGeneratedFile, /Users/jaspertan/Desktop/SCU/MECH208/Final_Project/Code/STM32_Code/tilt_plate/Core/Inc/stm32f0xx_hal_conf.h_save
2026-04-07 21:54:41,993 [INFO] CodeEngine:345 - Generated code: /Users/jaspertan/Desktop/SCU/MECH208/Final_Project/Code/STM32_Code/tilt_plate/Core/Inc/stm32f0xx_hal_conf.h
2026-04-07 21:54:42,026 [INFO] ApiDbMcu:532 - Load IP Config File for USB
2026-04-07 21:54:42,031 [INFO] CodeEngine:265 - oldGeneratedFile, /Users/jaspertan/Desktop/SCU/MECH208/Final_Project/Code/STM32_Code/tilt_plate/Core/Inc/main.h_save
2026-04-07 21:54:42,150 [INFO] CodeEngine:289 - Generated code: /Users/jaspertan/Desktop/SCU/MECH208/Final_Project/Code/STM32_Code/tilt_plate/Core/Inc/main.h
2026-04-07 21:54:42,153 [INFO] CodeEngine:265 - oldGeneratedFile, /Users/jaspertan/Desktop/SCU/MECH208/Final_Project/Code/STM32_Code/tilt_plate/Core/Src/main.c_save
2026-04-07 21:54:42,262 [INFO] CodeEngine:289 - Generated code: /Users/jaspertan/Desktop/SCU/MECH208/Final_Project/Code/STM32_Code/tilt_plate/Core/Src/main.c
2026-04-07 21:54:42,417 [INFO] ProjectBuilder:3606 - Time for Copy HAL[1] : 50mS.
2026-04-07 21:54:42,421 [INFO] ProjectBuilder:5216 - Project Generator version: 4.7.0-B52
2026-04-07 21:54:42,479 [INFO] ConfigFileManager:1595 - The Die is : DIE445
2026-04-07 21:54:45,199 [INFO] ProjectBuilder:5496 - Time for Generating toolchain IDE Files: 2764mS.
2026-04-07 21:54:45,209 [INFO] ProjectBuilder:3463 - Time for Copy CMSIS : 1mS.
2026-04-07 21:54:45,213 [INFO] ProjectBuilder:3463 - Time for Copy CMSIS : 0mS.
2026-04-07 22:07:42,606 [INFO] NvicIntPanel:101 - NVIC parent = com.st.microxplorer.plugins.ip.nvic.MultiNvicIntPanel[,0,0,0x0,invalid,layout=javax.swing.BoxLayout,alignmentX=0.0,alignmentY=0.0,border=,flags=9,maximumSize=,minimumSize=,preferredSize=]
2026-04-07 22:07:42,683 [INFO] NvicIntPanel:101 - NVIC parent = com.st.microxplorer.plugins.ip.nvic.MultiNvicIntPanel[,0,0,0x0,invalid,layout=javax.swing.BoxLayout,alignmentX=0.0,alignmentY=0.0,border=,flags=9,maximumSize=,minimumSize=,preferredSize=]
2026-04-07 22:10:20,077 [INFO] UtilMem:75 - End SaveConfig() Used Memory: 720774920 Bytes (1073741824)
2026-04-07 22:10:21,503 [INFO] UtilMem:75 - End SaveConfig() Used Memory: 805185288 Bytes (1073741824)
2026-04-07 22:10:23,181 [INFO] UtilMem:75 - End SaveConfig() Used Memory: 866526984 Bytes (1073741824)
2026-04-07 22:10:24,256 [INFO] BlockDiagram:2775 - set Specific Code input for plugin: NVIC
2026-04-07 22:10:24,269 [INFO] BlockDiagram:2775 - set Specific Code input for plugin: USB_DEVICE
2026-04-07 22:10:24,271 [INFO] BlockDiagram:2775 - set Specific Code input for plugin: USB
2026-04-07 22:10:24,271 [INFO] BlockDiagram:2775 - set Specific Code input for plugin: SYS
2026-04-07 22:10:24,272 [INFO] BlockDiagram:2775 - set Specific Code input for plugin: GPIO
2026-04-07 22:10:24,272 [INFO] BlockDiagram:2775 - set Specific Code input for plugin: RCC
2026-04-07 22:10:24,274 [INFO] CodeGenerator:892 - code generatio: config db path: /Applications/STM32CubeIDE.app/Contents/Eclipse/plugins/com.st.stm32cube.common.mx_6.15.0.202507011659//db/
2026-04-07 22:10:24,468 [INFO] CodeEngine:265 - oldGeneratedFile, /Users/jaspertan/Desktop/SCU/MECH208/Final_Project/Code/STM32_Code/tilt_plate/MXTmpFiles/license.tmp_save
2026-04-07 22:10:24,629 [INFO] CodeEngine:289 - Generated code: /Users/jaspertan/Desktop/SCU/MECH208/Final_Project/Code/STM32_Code/tilt_plate/MXTmpFiles/license.tmp
2026-04-07 22:10:24,670 [INFO] CodeEngine:265 - oldGeneratedFile, /Users/jaspertan/Desktop/SCU/MECH208/Final_Project/Code/STM32_Code/tilt_plate/MXTmpFiles/gpio.tmp_save
2026-04-07 22:10:24,773 [INFO] CodeEngine:289 - Generated code: /Users/jaspertan/Desktop/SCU/MECH208/Final_Project/Code/STM32_Code/tilt_plate/MXTmpFiles/gpio.tmp
2026-04-07 22:10:24,842 [INFO] CodeEngine:265 - oldGeneratedFile, /Users/jaspertan/Desktop/SCU/MECH208/Final_Project/Code/STM32_Code/tilt_plate/MXTmpFiles/usb_vars.tmp_save
2026-04-07 22:10:24,889 [INFO] CodeEngine:289 - Generated code: /Users/jaspertan/Desktop/SCU/MECH208/Final_Project/Code/STM32_Code/tilt_plate/MXTmpFiles/usb_vars.tmp
2026-04-07 22:10:24,891 [INFO] CodeEngine:265 - oldGeneratedFile, /Users/jaspertan/Desktop/SCU/MECH208/Final_Project/Code/STM32_Code/tilt_plate/MXTmpFiles/usb_inc.tmp_save
2026-04-07 22:10:24,925 [INFO] CodeEngine:289 - Generated code: /Users/jaspertan/Desktop/SCU/MECH208/Final_Project/Code/STM32_Code/tilt_plate/MXTmpFiles/usb_inc.tmp
2026-04-07 22:10:24,927 [INFO] CodeEngine:265 - oldGeneratedFile, /Users/jaspertan/Desktop/SCU/MECH208/Final_Project/Code/STM32_Code/tilt_plate/MXTmpFiles/usb_HalInit.tmp_save
2026-04-07 22:10:24,990 [INFO] CodeEngine:289 - Generated code: /Users/jaspertan/Desktop/SCU/MECH208/Final_Project/Code/STM32_Code/tilt_plate/MXTmpFiles/usb_HalInit.tmp
2026-04-07 22:10:24,993 [INFO] CodeEngine:265 - oldGeneratedFile, /Users/jaspertan/Desktop/SCU/MECH208/Final_Project/Code/STM32_Code/tilt_plate/MXTmpFiles/usb_Msp.tmp_save
2026-04-07 22:10:25,058 [INFO] CodeEngine:289 - Generated code: /Users/jaspertan/Desktop/SCU/MECH208/Final_Project/Code/STM32_Code/tilt_plate/MXTmpFiles/usb_Msp.tmp
2026-04-07 22:10:25,213 [INFO] Middleware:1452 - No code input for Bsp Dependency
2026-04-07 22:10:25,224 [INFO] Middleware:1452 - No code input for Bsp Dependency
2026-04-07 22:10:25,233 [INFO] CodeEngine:265 - oldGeneratedFile, /Users/jaspertan/Desktop/SCU/MECH208/Final_Project/Code/STM32_Code/tilt_plate/USB_DEVICE/App/usb_device.c_save
2026-04-07 22:10:25,288 [INFO] CodeEngine:289 - Generated code: /Users/jaspertan/Desktop/SCU/MECH208/Final_Project/Code/STM32_Code/tilt_plate/USB_DEVICE/App/usb_device.c
2026-04-07 22:10:25,290 [INFO] CodeEngine:265 - oldGeneratedFile, /Users/jaspertan/Desktop/SCU/MECH208/Final_Project/Code/STM32_Code/tilt_plate/USB_DEVICE/App/usb_device.h_save
2026-04-07 22:10:25,332 [INFO] CodeEngine:289 - Generated code: /Users/jaspertan/Desktop/SCU/MECH208/Final_Project/Code/STM32_Code/tilt_plate/USB_DEVICE/App/usb_device.h
2026-04-07 22:10:25,333 [INFO] CodeEngine:265 - oldGeneratedFile, /Users/jaspertan/Desktop/SCU/MECH208/Final_Project/Code/STM32_Code/tilt_plate/USB_DEVICE/Target/usbd_conf.h_save
2026-04-07 22:10:25,385 [INFO] CodeEngine:289 - Generated code: /Users/jaspertan/Desktop/SCU/MECH208/Final_Project/Code/STM32_Code/tilt_plate/USB_DEVICE/Target/usbd_conf.h
2026-04-07 22:10:25,387 [INFO] CodeEngine:265 - oldGeneratedFile, /Users/jaspertan/Desktop/SCU/MECH208/Final_Project/Code/STM32_Code/tilt_plate/USB_DEVICE/Target/usbd_conf.c_save
2026-04-07 22:10:25,436 [INFO] CodeEngine:289 - Generated code: /Users/jaspertan/Desktop/SCU/MECH208/Final_Project/Code/STM32_Code/tilt_plate/USB_DEVICE/Target/usbd_conf.c
2026-04-07 22:10:25,438 [INFO] CodeEngine:265 - oldGeneratedFile, /Users/jaspertan/Desktop/SCU/MECH208/Final_Project/Code/STM32_Code/tilt_plate/USB_DEVICE/App/usbd_desc.h_save
2026-04-07 22:10:25,475 [INFO] CodeEngine:289 - Generated code: /Users/jaspertan/Desktop/SCU/MECH208/Final_Project/Code/STM32_Code/tilt_plate/USB_DEVICE/App/usbd_desc.h
2026-04-07 22:10:25,476 [INFO] CodeEngine:265 - oldGeneratedFile, /Users/jaspertan/Desktop/SCU/MECH208/Final_Project/Code/STM32_Code/tilt_plate/USB_DEVICE/App/usbd_desc.c_save
2026-04-07 22:10:25,528 [INFO] CodeEngine:289 - Generated code: /Users/jaspertan/Desktop/SCU/MECH208/Final_Project/Code/STM32_Code/tilt_plate/USB_DEVICE/App/usbd_desc.c
2026-04-07 22:10:25,530 [INFO] CodeEngine:265 - oldGeneratedFile, /Users/jaspertan/Desktop/SCU/MECH208/Final_Project/Code/STM32_Code/tilt_plate/USB_DEVICE/App/usbd_cdc_if.h_save
2026-04-07 22:10:25,568 [INFO] CodeEngine:289 - Generated code: /Users/jaspertan/Desktop/SCU/MECH208/Final_Project/Code/STM32_Code/tilt_plate/USB_DEVICE/App/usbd_cdc_if.h
2026-04-07 22:10:25,570 [INFO] CodeEngine:265 - oldGeneratedFile, /Users/jaspertan/Desktop/SCU/MECH208/Final_Project/Code/STM32_Code/tilt_plate/USB_DEVICE/App/usbd_cdc_if.c_save
2026-04-07 22:10:25,611 [INFO] CodeEngine:289 - Generated code: /Users/jaspertan/Desktop/SCU/MECH208/Final_Project/Code/STM32_Code/tilt_plate/USB_DEVICE/App/usbd_cdc_if.c
2026-04-07 22:10:25,618 [INFO] CodeEngine:265 - oldGeneratedFile, /Users/jaspertan/Desktop/SCU/MECH208/Final_Project/Code/STM32_Code/tilt_plate/Core/Src/stm32f0xx_it.c_save
2026-04-07 22:10:25,731 [INFO] CodeEngine:289 - Generated code: /Users/jaspertan/Desktop/SCU/MECH208/Final_Project/Code/STM32_Code/tilt_plate/Core/Src/stm32f0xx_it.c
2026-04-07 22:10:25,733 [INFO] CodeEngine:265 - oldGeneratedFile, /Users/jaspertan/Desktop/SCU/MECH208/Final_Project/Code/STM32_Code/tilt_plate/Core/Inc/stm32f0xx_it.h_save
2026-04-07 22:10:25,779 [INFO] CodeEngine:289 - Generated code: /Users/jaspertan/Desktop/SCU/MECH208/Final_Project/Code/STM32_Code/tilt_plate/Core/Inc/stm32f0xx_it.h
2026-04-07 22:10:25,791 [INFO] CodeEngine:265 - oldGeneratedFile, /Users/jaspertan/Desktop/SCU/MECH208/Final_Project/Code/STM32_Code/tilt_plate/Core/Src/stm32f0xx_hal_msp.c_save
2026-04-07 22:10:25,848 [INFO] CodeEngine:289 - Generated code: /Users/jaspertan/Desktop/SCU/MECH208/Final_Project/Code/STM32_Code/tilt_plate/Core/Src/stm32f0xx_hal_msp.c
2026-04-07 22:10:25,851 [INFO] CodeEngine:265 - oldGeneratedFile, /Users/jaspertan/Desktop/SCU/MECH208/Final_Project/Code/STM32_Code/tilt_plate/MXTmpFiles/system.tmp_save
2026-04-07 22:10:25,888 [INFO] CodeEngine:289 - Generated code: /Users/jaspertan/Desktop/SCU/MECH208/Final_Project/Code/STM32_Code/tilt_plate/MXTmpFiles/system.tmp
2026-04-07 22:10:25,895 [INFO] CodeEngine:321 - oldGeneratedFile, /Users/jaspertan/Desktop/SCU/MECH208/Final_Project/Code/STM32_Code/tilt_plate/Core/Inc/stm32f0xx_hal_conf.h_save
2026-04-07 22:10:25,935 [INFO] CodeEngine:345 - Generated code: /Users/jaspertan/Desktop/SCU/MECH208/Final_Project/Code/STM32_Code/tilt_plate/Core/Inc/stm32f0xx_hal_conf.h
2026-04-07 22:10:25,954 [INFO] CodeEngine:265 - oldGeneratedFile, /Users/jaspertan/Desktop/SCU/MECH208/Final_Project/Code/STM32_Code/tilt_plate/Core/Inc/main.h_save
2026-04-07 22:10:26,009 [INFO] CodeEngine:289 - Generated code: /Users/jaspertan/Desktop/SCU/MECH208/Final_Project/Code/STM32_Code/tilt_plate/Core/Inc/main.h
2026-04-07 22:10:26,011 [INFO] CodeEngine:265 - oldGeneratedFile, /Users/jaspertan/Desktop/SCU/MECH208/Final_Project/Code/STM32_Code/tilt_plate/Core/Src/main.c_save
2026-04-07 22:10:26,072 [INFO] CodeEngine:289 - Generated code: /Users/jaspertan/Desktop/SCU/MECH208/Final_Project/Code/STM32_Code/tilt_plate/Core/Src/main.c
2026-04-07 22:10:26,229 [INFO] ProjectBuilder:3606 - Time for Copy HAL[1] : 56mS.
2026-04-07 22:10:26,237 [INFO] ProjectBuilder:5216 - Project Generator version: 4.7.0-B52
2026-04-07 22:10:26,286 [INFO] ConfigFileManager:1595 - The Die is : DIE445
2026-04-07 22:10:28,522 [INFO] ProjectBuilder:5496 - Time for Generating toolchain IDE Files: 2274mS.
2026-04-07 22:10:28,531 [INFO] ProjectBuilder:3463 - Time for Copy CMSIS : 1mS.
2026-04-07 22:10:28,534 [INFO] ProjectBuilder:3463 - Time for Copy CMSIS : 1mS.
2026-04-07 22:19:17,916 [INFO] UtilMem:75 - End SaveConfig() Used Memory: 957096824 Bytes (1073741824)
2026-04-07 22:19:19,264 [INFO] UtilMem:75 - End SaveConfig() Used Memory: 720644144 Bytes (1073741824)
2026-04-07 22:19:20,747 [INFO] UtilMem:75 - End SaveConfig() Used Memory: 752621008 Bytes (1073741824)
2026-04-07 22:19:20,876 [INFO] BlockDiagram:2775 - set Specific Code input for plugin: NVIC
2026-04-07 22:19:20,876 [INFO] BlockDiagram:2775 - set Specific Code input for plugin: USB_DEVICE
2026-04-07 22:19:20,877 [INFO] BlockDiagram:2775 - set Specific Code input for plugin: USB
2026-04-07 22:19:20,877 [INFO] BlockDiagram:2775 - set Specific Code input for plugin: SYS
2026-04-07 22:19:20,877 [INFO] BlockDiagram:2775 - set Specific Code input for plugin: GPIO
2026-04-07 22:19:20,877 [INFO] BlockDiagram:2775 - set Specific Code input for plugin: RCC
2026-04-07 22:19:20,877 [INFO] CodeGenerator:892 - code generatio: config db path: /Applications/STM32CubeIDE.app/Contents/Eclipse/plugins/com.st.stm32cube.common.mx_6.15.0.202507011659//db/
2026-04-07 22:19:20,936 [INFO] CodeEngine:265 - oldGeneratedFile, /Users/jaspertan/Desktop/SCU/MECH208/Final_Project/Code/STM32_Code/tilt_plate/MXTmpFiles/license.tmp_save
2026-04-07 22:19:21,062 [INFO] CodeEngine:289 - Generated code: /Users/jaspertan/Desktop/SCU/MECH208/Final_Project/Code/STM32_Code/tilt_plate/MXTmpFiles/license.tmp
2026-04-07 22:19:21,106 [INFO] CodeEngine:265 - oldGeneratedFile, /Users/jaspertan/Desktop/SCU/MECH208/Final_Project/Code/STM32_Code/tilt_plate/MXTmpFiles/gpio.tmp_save
2026-04-07 22:19:21,199 [INFO] CodeEngine:289 - Generated code: /Users/jaspertan/Desktop/SCU/MECH208/Final_Project/Code/STM32_Code/tilt_plate/MXTmpFiles/gpio.tmp
2026-04-07 22:19:21,272 [INFO] CodeEngine:265 - oldGeneratedFile, /Users/jaspertan/Desktop/SCU/MECH208/Final_Project/Code/STM32_Code/tilt_plate/MXTmpFiles/usb_vars.tmp_save
2026-04-07 22:19:21,306 [INFO] CodeEngine:289 - Generated code: /Users/jaspertan/Desktop/SCU/MECH208/Final_Project/Code/STM32_Code/tilt_plate/MXTmpFiles/usb_vars.tmp
2026-04-07 22:19:21,307 [INFO] CodeEngine:265 - oldGeneratedFile, /Users/jaspertan/Desktop/SCU/MECH208/Final_Project/Code/STM32_Code/tilt_plate/MXTmpFiles/usb_inc.tmp_save
2026-04-07 22:19:21,338 [INFO] CodeEngine:289 - Generated code: /Users/jaspertan/Desktop/SCU/MECH208/Final_Project/Code/STM32_Code/tilt_plate/MXTmpFiles/usb_inc.tmp
2026-04-07 22:19:21,340 [INFO] CodeEngine:265 - oldGeneratedFile, /Users/jaspertan/Desktop/SCU/MECH208/Final_Project/Code/STM32_Code/tilt_plate/MXTmpFiles/usb_HalInit.tmp_save
2026-04-07 22:19:21,385 [INFO] CodeEngine:289 - Generated code: /Users/jaspertan/Desktop/SCU/MECH208/Final_Project/Code/STM32_Code/tilt_plate/MXTmpFiles/usb_HalInit.tmp
2026-04-07 22:19:21,386 [INFO] CodeEngine:265 - oldGeneratedFile, /Users/jaspertan/Desktop/SCU/MECH208/Final_Project/Code/STM32_Code/tilt_plate/MXTmpFiles/usb_Msp.tmp_save
2026-04-07 22:19:21,431 [INFO] CodeEngine:289 - Generated code: /Users/jaspertan/Desktop/SCU/MECH208/Final_Project/Code/STM32_Code/tilt_plate/MXTmpFiles/usb_Msp.tmp
2026-04-07 22:19:21,491 [INFO] Middleware:1452 - No code input for Bsp Dependency
2026-04-07 22:19:21,514 [INFO] Middleware:1452 - No code input for Bsp Dependency
2026-04-07 22:19:21,521 [INFO] CodeEngine:265 - oldGeneratedFile, /Users/jaspertan/Desktop/SCU/MECH208/Final_Project/Code/STM32_Code/tilt_plate/USB_DEVICE/App/usb_device.c_save
2026-04-07 22:19:21,573 [INFO] CodeEngine:289 - Generated code: /Users/jaspertan/Desktop/SCU/MECH208/Final_Project/Code/STM32_Code/tilt_plate/USB_DEVICE/App/usb_device.c
2026-04-07 22:19:21,575 [INFO] CodeEngine:265 - oldGeneratedFile, /Users/jaspertan/Desktop/SCU/MECH208/Final_Project/Code/STM32_Code/tilt_plate/USB_DEVICE/App/usb_device.h_save
2026-04-07 22:19:21,618 [INFO] CodeEngine:289 - Generated code: /Users/jaspertan/Desktop/SCU/MECH208/Final_Project/Code/STM32_Code/tilt_plate/USB_DEVICE/App/usb_device.h
2026-04-07 22:19:21,620 [INFO] CodeEngine:265 - oldGeneratedFile, /Users/jaspertan/Desktop/SCU/MECH208/Final_Project/Code/STM32_Code/tilt_plate/USB_DEVICE/Target/usbd_conf.h_save
2026-04-07 22:19:21,659 [INFO] CodeEngine:289 - Generated code: /Users/jaspertan/Desktop/SCU/MECH208/Final_Project/Code/STM32_Code/tilt_plate/USB_DEVICE/Target/usbd_conf.h
2026-04-07 22:19:21,661 [INFO] CodeEngine:265 - oldGeneratedFile, /Users/jaspertan/Desktop/SCU/MECH208/Final_Project/Code/STM32_Code/tilt_plate/USB_DEVICE/Target/usbd_conf.c_save
2026-04-07 22:19:21,702 [INFO] CodeEngine:289 - Generated code: /Users/jaspertan/Desktop/SCU/MECH208/Final_Project/Code/STM32_Code/tilt_plate/USB_DEVICE/Target/usbd_conf.c
2026-04-07 22:19:21,704 [INFO] CodeEngine:265 - oldGeneratedFile, /Users/jaspertan/Desktop/SCU/MECH208/Final_Project/Code/STM32_Code/tilt_plate/USB_DEVICE/App/usbd_desc.h_save
2026-04-07 22:19:21,738 [INFO] CodeEngine:289 - Generated code: /Users/jaspertan/Desktop/SCU/MECH208/Final_Project/Code/STM32_Code/tilt_plate/USB_DEVICE/App/usbd_desc.h
2026-04-07 22:19:21,740 [INFO] CodeEngine:265 - oldGeneratedFile, /Users/jaspertan/Desktop/SCU/MECH208/Final_Project/Code/STM32_Code/tilt_plate/USB_DEVICE/App/usbd_desc.c_save
2026-04-07 22:19:21,782 [INFO] CodeEngine:289 - Generated code: /Users/jaspertan/Desktop/SCU/MECH208/Final_Project/Code/STM32_Code/tilt_plate/USB_DEVICE/App/usbd_desc.c
2026-04-07 22:19:21,783 [INFO] CodeEngine:265 - oldGeneratedFile, /Users/jaspertan/Desktop/SCU/MECH208/Final_Project/Code/STM32_Code/tilt_plate/USB_DEVICE/App/usbd_cdc_if.h_save
2026-04-07 22:19:21,823 [INFO] CodeEngine:289 - Generated code: /Users/jaspertan/Desktop/SCU/MECH208/Final_Project/Code/STM32_Code/tilt_plate/USB_DEVICE/App/usbd_cdc_if.h
2026-04-07 22:19:21,824 [INFO] CodeEngine:265 - oldGeneratedFile, /Users/jaspertan/Desktop/SCU/MECH208/Final_Project/Code/STM32_Code/tilt_plate/USB_DEVICE/App/usbd_cdc_if.c_save
2026-04-07 22:19:21,863 [INFO] CodeEngine:289 - Generated code: /Users/jaspertan/Desktop/SCU/MECH208/Final_Project/Code/STM32_Code/tilt_plate/USB_DEVICE/App/usbd_cdc_if.c
2026-04-07 22:19:21,868 [INFO] CodeEngine:265 - oldGeneratedFile, /Users/jaspertan/Desktop/SCU/MECH208/Final_Project/Code/STM32_Code/tilt_plate/Core/Src/stm32f0xx_it.c_save
2026-04-07 22:19:21,959 [INFO] CodeEngine:289 - Generated code: /Users/jaspertan/Desktop/SCU/MECH208/Final_Project/Code/STM32_Code/tilt_plate/Core/Src/stm32f0xx_it.c
2026-04-07 22:19:21,961 [INFO] CodeEngine:265 - oldGeneratedFile, /Users/jaspertan/Desktop/SCU/MECH208/Final_Project/Code/STM32_Code/tilt_plate/Core/Inc/stm32f0xx_it.h_save
2026-04-07 22:19:21,996 [INFO] CodeEngine:289 - Generated code: /Users/jaspertan/Desktop/SCU/MECH208/Final_Project/Code/STM32_Code/tilt_plate/Core/Inc/stm32f0xx_it.h
2026-04-07 22:19:22,006 [INFO] CodeEngine:265 - oldGeneratedFile, /Users/jaspertan/Desktop/SCU/MECH208/Final_Project/Code/STM32_Code/tilt_plate/Core/Src/stm32f0xx_hal_msp.c_save
2026-04-07 22:19:22,058 [INFO] CodeEngine:289 - Generated code: /Users/jaspertan/Desktop/SCU/MECH208/Final_Project/Code/STM32_Code/tilt_plate/Core/Src/stm32f0xx_hal_msp.c
2026-04-07 22:19:22,059 [INFO] CodeEngine:265 - oldGeneratedFile, /Users/jaspertan/Desktop/SCU/MECH208/Final_Project/Code/STM32_Code/tilt_plate/MXTmpFiles/system.tmp_save
2026-04-07 22:19:22,099 [INFO] CodeEngine:289 - Generated code: /Users/jaspertan/Desktop/SCU/MECH208/Final_Project/Code/STM32_Code/tilt_plate/MXTmpFiles/system.tmp
2026-04-07 22:19:22,104 [INFO] CodeEngine:321 - oldGeneratedFile, /Users/jaspertan/Desktop/SCU/MECH208/Final_Project/Code/STM32_Code/tilt_plate/Core/Inc/stm32f0xx_hal_conf.h_save
2026-04-07 22:19:22,143 [INFO] CodeEngine:345 - Generated code: /Users/jaspertan/Desktop/SCU/MECH208/Final_Project/Code/STM32_Code/tilt_plate/Core/Inc/stm32f0xx_hal_conf.h
2026-04-07 22:19:22,164 [INFO] CodeEngine:265 - oldGeneratedFile, /Users/jaspertan/Desktop/SCU/MECH208/Final_Project/Code/STM32_Code/tilt_plate/Core/Inc/main.h_save
2026-04-07 22:19:22,218 [INFO] CodeEngine:289 - Generated code: /Users/jaspertan/Desktop/SCU/MECH208/Final_Project/Code/STM32_Code/tilt_plate/Core/Inc/main.h
2026-04-07 22:19:22,222 [INFO] CodeEngine:265 - oldGeneratedFile, /Users/jaspertan/Desktop/SCU/MECH208/Final_Project/Code/STM32_Code/tilt_plate/Core/Src/main.c_save
2026-04-07 22:19:22,278 [INFO] CodeEngine:289 - Generated code: /Users/jaspertan/Desktop/SCU/MECH208/Final_Project/Code/STM32_Code/tilt_plate/Core/Src/main.c
2026-04-07 22:19:22,843 [INFO] ProjectBuilder:3606 - Time for Copy HAL[1] : 237mS.
2026-04-07 22:19:22,866 [INFO] ProjectBuilder:5216 - Project Generator version: 4.7.0-B52
2026-04-07 22:19:23,060 [INFO] ConfigFileManager:1595 - The Die is : DIE445
2026-04-07 22:19:24,453 [INFO] ProjectBuilder:5496 - Time for Generating toolchain IDE Files: 1586mS.
2026-04-07 22:19:24,455 [INFO] ProjectBuilder:3463 - Time for Copy CMSIS : 1mS.
2026-04-07 22:19:24,456 [INFO] ProjectBuilder:3463 - Time for Copy CMSIS : 0mS.
2026-04-07 22:20:42,856 [INFO] UtilMem:75 - End SaveConfig() Used Memory: 946404328 Bytes (1073741824)
2026-04-07 22:20:46,734 [INFO] UtilMem:75 - End SaveConfig() Used Memory: 960244352 Bytes (1073741824)
2026-04-07 22:20:46,862 [INFO] UtilMem:75 - End SaveConfig() Used Memory: 976705848 Bytes (1073741824)
2026-04-07 22:20:47,626 [INFO] BlockDiagram:2775 - set Specific Code input for plugin: NVIC
2026-04-07 22:20:47,650 [INFO] BlockDiagram:2775 - set Specific Code input for plugin: USB_DEVICE
2026-04-07 22:20:47,652 [INFO] BlockDiagram:2775 - set Specific Code input for plugin: USB
2026-04-07 22:20:47,652 [INFO] BlockDiagram:2775 - set Specific Code input for plugin: SYS
2026-04-07 22:20:47,652 [INFO] BlockDiagram:2775 - set Specific Code input for plugin: GPIO
2026-04-07 22:20:47,652 [INFO] BlockDiagram:2775 - set Specific Code input for plugin: RCC
2026-04-07 22:20:47,654 [INFO] CodeGenerator:892 - code generatio: config db path: /Applications/STM32CubeIDE.app/Contents/Eclipse/plugins/com.st.stm32cube.common.mx_6.15.0.202507011659//db/
2026-04-07 22:20:47,796 [INFO] CodeEngine:265 - oldGeneratedFile, /Users/jaspertan/Desktop/SCU/MECH208/Final_Project/Code/STM32_Code/tilt_plate/MXTmpFiles/license.tmp_save
2026-04-07 22:20:47,890 [INFO] CodeEngine:289 - Generated code: /Users/jaspertan/Desktop/SCU/MECH208/Final_Project/Code/STM32_Code/tilt_plate/MXTmpFiles/license.tmp
2026-04-07 22:20:47,938 [INFO] CodeEngine:265 - oldGeneratedFile, /Users/jaspertan/Desktop/SCU/MECH208/Final_Project/Code/STM32_Code/tilt_plate/MXTmpFiles/gpio.tmp_save
2026-04-07 22:20:48,000 [INFO] CodeEngine:289 - Generated code: /Users/jaspertan/Desktop/SCU/MECH208/Final_Project/Code/STM32_Code/tilt_plate/MXTmpFiles/gpio.tmp
2026-04-07 22:20:48,063 [INFO] CodeEngine:265 - oldGeneratedFile, /Users/jaspertan/Desktop/SCU/MECH208/Final_Project/Code/STM32_Code/tilt_plate/MXTmpFiles/usb_vars.tmp_save
2026-04-07 22:20:48,098 [INFO] CodeEngine:289 - Generated code: /Users/jaspertan/Desktop/SCU/MECH208/Final_Project/Code/STM32_Code/tilt_plate/MXTmpFiles/usb_vars.tmp
2026-04-07 22:20:48,102 [INFO] CodeEngine:265 - oldGeneratedFile, /Users/jaspertan/Desktop/SCU/MECH208/Final_Project/Code/STM32_Code/tilt_plate/MXTmpFiles/usb_inc.tmp_save
2026-04-07 22:20:48,136 [INFO] CodeEngine:289 - Generated code: /Users/jaspertan/Desktop/SCU/MECH208/Final_Project/Code/STM32_Code/tilt_plate/MXTmpFiles/usb_inc.tmp
2026-04-07 22:20:48,138 [INFO] CodeEngine:265 - oldGeneratedFile, /Users/jaspertan/Desktop/SCU/MECH208/Final_Project/Code/STM32_Code/tilt_plate/MXTmpFiles/usb_HalInit.tmp_save
2026-04-07 22:20:48,199 [INFO] CodeEngine:289 - Generated code: /Users/jaspertan/Desktop/SCU/MECH208/Final_Project/Code/STM32_Code/tilt_plate/MXTmpFiles/usb_HalInit.tmp
2026-04-07 22:20:48,200 [INFO] CodeEngine:265 - oldGeneratedFile, /Users/jaspertan/Desktop/SCU/MECH208/Final_Project/Code/STM32_Code/tilt_plate/MXTmpFiles/usb_Msp.tmp_save
2026-04-07 22:20:48,245 [INFO] CodeEngine:289 - Generated code: /Users/jaspertan/Desktop/SCU/MECH208/Final_Project/Code/STM32_Code/tilt_plate/MXTmpFiles/usb_Msp.tmp
2026-04-07 22:20:48,311 [INFO] Middleware:1452 - No code input for Bsp Dependency
2026-04-07 22:20:48,317 [INFO] Middleware:1452 - No code input for Bsp Dependency
2026-04-07 22:20:48,321 [INFO] CodeEngine:265 - oldGeneratedFile, /Users/jaspertan/Desktop/SCU/MECH208/Final_Project/Code/STM32_Code/tilt_plate/USB_DEVICE/App/usb_device.c_save
2026-04-07 22:20:48,363 [INFO] CodeEngine:289 - Generated code: /Users/jaspertan/Desktop/SCU/MECH208/Final_Project/Code/STM32_Code/tilt_plate/USB_DEVICE/App/usb_device.c
2026-04-07 22:20:48,365 [INFO] CodeEngine:265 - oldGeneratedFile, /Users/jaspertan/Desktop/SCU/MECH208/Final_Project/Code/STM32_Code/tilt_plate/USB_DEVICE/App/usb_device.h_save
2026-04-07 22:20:48,400 [INFO] CodeEngine:289 - Generated code: /Users/jaspertan/Desktop/SCU/MECH208/Final_Project/Code/STM32_Code/tilt_plate/USB_DEVICE/App/usb_device.h
2026-04-07 22:20:48,401 [INFO] CodeEngine:265 - oldGeneratedFile, /Users/jaspertan/Desktop/SCU/MECH208/Final_Project/Code/STM32_Code/tilt_plate/USB_DEVICE/Target/usbd_conf.h_save
2026-04-07 22:20:48,441 [INFO] CodeEngine:289 - Generated code: /Users/jaspertan/Desktop/SCU/MECH208/Final_Project/Code/STM32_Code/tilt_plate/USB_DEVICE/Target/usbd_conf.h
2026-04-07 22:20:48,443 [INFO] CodeEngine:265 - oldGeneratedFile, /Users/jaspertan/Desktop/SCU/MECH208/Final_Project/Code/STM32_Code/tilt_plate/USB_DEVICE/Target/usbd_conf.c_save
2026-04-07 22:20:48,482 [INFO] CodeEngine:289 - Generated code: /Users/jaspertan/Desktop/SCU/MECH208/Final_Project/Code/STM32_Code/tilt_plate/USB_DEVICE/Target/usbd_conf.c
2026-04-07 22:20:48,483 [INFO] CodeEngine:265 - oldGeneratedFile, /Users/jaspertan/Desktop/SCU/MECH208/Final_Project/Code/STM32_Code/tilt_plate/USB_DEVICE/App/usbd_desc.h_save
2026-04-07 22:20:48,515 [INFO] CodeEngine:289 - Generated code: /Users/jaspertan/Desktop/SCU/MECH208/Final_Project/Code/STM32_Code/tilt_plate/USB_DEVICE/App/usbd_desc.h
2026-04-07 22:20:48,518 [INFO] CodeEngine:265 - oldGeneratedFile, /Users/jaspertan/Desktop/SCU/MECH208/Final_Project/Code/STM32_Code/tilt_plate/USB_DEVICE/App/usbd_desc.c_save
2026-04-07 22:20:48,555 [INFO] CodeEngine:289 - Generated code: /Users/jaspertan/Desktop/SCU/MECH208/Final_Project/Code/STM32_Code/tilt_plate/USB_DEVICE/App/usbd_desc.c
2026-04-07 22:20:48,556 [INFO] CodeEngine:265 - oldGeneratedFile, /Users/jaspertan/Desktop/SCU/MECH208/Final_Project/Code/STM32_Code/tilt_plate/USB_DEVICE/App/usbd_cdc_if.h_save
2026-04-07 22:20:48,591 [INFO] CodeEngine:289 - Generated code: /Users/jaspertan/Desktop/SCU/MECH208/Final_Project/Code/STM32_Code/tilt_plate/USB_DEVICE/App/usbd_cdc_if.h
2026-04-07 22:20:48,592 [INFO] CodeEngine:265 - oldGeneratedFile, /Users/jaspertan/Desktop/SCU/MECH208/Final_Project/Code/STM32_Code/tilt_plate/USB_DEVICE/App/usbd_cdc_if.c_save
2026-04-07 22:20:48,628 [INFO] CodeEngine:289 - Generated code: /Users/jaspertan/Desktop/SCU/MECH208/Final_Project/Code/STM32_Code/tilt_plate/USB_DEVICE/App/usbd_cdc_if.c
2026-04-07 22:20:48,632 [INFO] CodeEngine:265 - oldGeneratedFile, /Users/jaspertan/Desktop/SCU/MECH208/Final_Project/Code/STM32_Code/tilt_plate/Core/Src/stm32f0xx_it.c_save
2026-04-07 22:20:48,670 [INFO] CodeEngine:289 - Generated code: /Users/jaspertan/Desktop/SCU/MECH208/Final_Project/Code/STM32_Code/tilt_plate/Core/Src/stm32f0xx_it.c
2026-04-07 22:20:48,672 [INFO] CodeEngine:265 - oldGeneratedFile, /Users/jaspertan/Desktop/SCU/MECH208/Final_Project/Code/STM32_Code/tilt_plate/Core/Inc/stm32f0xx_it.h_save
2026-04-07 22:20:48,704 [INFO] CodeEngine:289 - Generated code: /Users/jaspertan/Desktop/SCU/MECH208/Final_Project/Code/STM32_Code/tilt_plate/Core/Inc/stm32f0xx_it.h
2026-04-07 22:20:48,713 [INFO] CodeEngine:265 - oldGeneratedFile, /Users/jaspertan/Desktop/SCU/MECH208/Final_Project/Code/STM32_Code/tilt_plate/Core/Src/stm32f0xx_hal_msp.c_save
2026-04-07 22:20:48,762 [INFO] CodeEngine:289 - Generated code: /Users/jaspertan/Desktop/SCU/MECH208/Final_Project/Code/STM32_Code/tilt_plate/Core/Src/stm32f0xx_hal_msp.c
2026-04-07 22:20:48,763 [INFO] CodeEngine:265 - oldGeneratedFile, /Users/jaspertan/Desktop/SCU/MECH208/Final_Project/Code/STM32_Code/tilt_plate/MXTmpFiles/system.tmp_save
2026-04-07 22:20:48,797 [INFO] CodeEngine:289 - Generated code: /Users/jaspertan/Desktop/SCU/MECH208/Final_Project/Code/STM32_Code/tilt_plate/MXTmpFiles/system.tmp
2026-04-07 22:20:48,801 [INFO] CodeEngine:321 - oldGeneratedFile, /Users/jaspertan/Desktop/SCU/MECH208/Final_Project/Code/STM32_Code/tilt_plate/Core/Inc/stm32f0xx_hal_conf.h_save
2026-04-07 22:20:48,852 [INFO] CodeEngine:345 - Generated code: /Users/jaspertan/Desktop/SCU/MECH208/Final_Project/Code/STM32_Code/tilt_plate/Core/Inc/stm32f0xx_hal_conf.h
2026-04-07 22:20:48,877 [INFO] CodeEngine:265 - oldGeneratedFile, /Users/jaspertan/Desktop/SCU/MECH208/Final_Project/Code/STM32_Code/tilt_plate/Core/Inc/main.h_save
2026-04-07 22:20:48,914 [INFO] CodeEngine:289 - Generated code: /Users/jaspertan/Desktop/SCU/MECH208/Final_Project/Code/STM32_Code/tilt_plate/Core/Inc/main.h
2026-04-07 22:20:48,916 [INFO] CodeEngine:265 - oldGeneratedFile, /Users/jaspertan/Desktop/SCU/MECH208/Final_Project/Code/STM32_Code/tilt_plate/Core/Src/main.c_save
2026-04-07 22:20:48,970 [INFO] CodeEngine:289 - Generated code: /Users/jaspertan/Desktop/SCU/MECH208/Final_Project/Code/STM32_Code/tilt_plate/Core/Src/main.c
2026-04-07 22:20:49,126 [INFO] ProjectBuilder:3606 - Time for Copy HAL[1] : 63mS.
2026-04-07 22:20:49,132 [INFO] ProjectBuilder:5216 - Project Generator version: 4.7.0-B52
2026-04-07 22:20:49,177 [INFO] ConfigFileManager:1595 - The Die is : DIE445
2026-04-07 22:20:50,273 [INFO] ProjectBuilder:5496 - Time for Generating toolchain IDE Files: 1140mS.
2026-04-07 22:20:50,274 [INFO] ProjectBuilder:3463 - Time for Copy CMSIS : 0mS.
2026-04-07 22:20:50,275 [INFO] ProjectBuilder:3463 - Time for Copy CMSIS : 0mS.
