2026-04-14 00:01:34,501 [INFO] WebApp:194 - Connection lost
2026-04-14 00:01:34,994 [INFO] WebApp:191 - Connection restablished
2026-04-14 00:16:40,437 [INFO] WebApp:194 - Connection lost
2026-04-14 00:16:42,102 [INFO] WebApp:191 - Connection restablished
2026-04-14 00:34:19,384 [INFO] WebApp:194 - Connection lost
2026-04-14 00:34:19,951 [INFO] WebApp:191 - Connection restablished
2026-04-14 00:49:24,700 [INFO] WebApp:194 - Connection lost
2026-04-14 00:49:25,475 [INFO] WebApp:191 - Connection restablished
2026-04-14 01:02:35,457 [INFO] WebApp:194 - Connection lost
2026-04-14 01:02:38,339 [INFO] WebApp:191 - Connection restablished
2026-04-14 01:19:00,366 [INFO] WebApp:194 - Connection lost
2026-04-14 01:19:00,855 [INFO] WebApp:191 - Connection restablished
2026-04-14 01:36:56,483 [INFO] WebApp:194 - Connection lost
2026-04-14 01:36:57,411 [INFO] WebApp:191 - Connection restablished
2026-04-14 01:53:03,259 [INFO] WebApp:194 - Connection lost
2026-04-14 01:53:03,981 [INFO] WebApp:191 - Connection restablished
2026-04-14 02:03:36,400 [INFO] WebApp:194 - Connection lost
2026-04-14 02:03:36,877 [INFO] WebApp:191 - Connection restablished
2026-04-14 02:17:21,253 [INFO] WebApp:194 - Connection lost
2026-04-14 02:17:21,850 [INFO] WebApp:191 - Connection restablished
2026-04-14 02:34:57,423 [INFO] WebApp:194 - Connection lost
2026-04-14 02:34:57,945 [INFO] WebApp:191 - Connection restablished
2026-04-14 02:50:02,135 [INFO] WebApp:194 - Connection lost
2026-04-14 02:50:02,744 [INFO] WebApp:191 - Connection restablished
2026-04-14 03:04:37,354 [INFO] WebApp:194 - Connection lost
2026-04-14 03:04:38,051 [INFO] WebApp:191 - Connection restablished
2026-04-14 03:22:34,408 [INFO] WebApp:194 - Connection lost
2026-04-14 03:22:35,035 [INFO] WebApp:191 - Connection restablished
2026-04-14 03:38:18,448 [INFO] WebApp:194 - Connection lost
2026-04-14 03:38:19,405 [INFO] WebApp:191 - Connection restablished
2026-04-14 03:54:02,179 [INFO] WebApp:194 - Connection lost
2026-04-14 03:54:04,095 [INFO] WebApp:191 - Connection restablished
2026-04-14 04:05:38,301 [INFO] WebApp:194 - Connection lost
2026-04-14 04:05:39,451 [INFO] WebApp:191 - Connection restablished
2026-04-14 04:23:07,404 [INFO] WebApp:194 - Connection lost
2026-04-14 04:23:08,386 [INFO] WebApp:191 - Connection restablished
2026-04-14 04:40:43,270 [INFO] WebApp:194 - Connection lost
2026-04-14 04:40:44,462 [INFO] WebApp:191 - Connection restablished
2026-04-14 04:57:40,417 [INFO] WebApp:194 - Connection lost
2026-04-14 04:57:41,964 [INFO] WebApp:191 - Connection restablished
2026-04-14 05:06:39,262 [INFO] WebApp:194 - Connection lost
2026-04-14 05:06:40,605 [INFO] WebApp:191 - Connection restablished
2026-04-14 05:06:55,240 [INFO] WebApp:194 - Connection lost
2026-04-14 05:06:55,647 [INFO] WebApp:191 - Connection restablished
2026-04-14 05:23:42,259 [INFO] WebApp:194 - Connection lost
2026-04-14 05:23:42,602 [INFO] WebApp:191 - Connection restablished
2026-04-14 05:39:44,411 [INFO] WebApp:194 - Connection lost
2026-04-14 05:39:44,873 [INFO] WebApp:191 - Connection restablished
2026-04-14 05:57:38,397 [INFO] WebApp:194 - Connection lost
2026-04-14 05:57:38,997 [INFO] WebApp:191 - Connection restablished
2026-04-14 06:07:40,212 [INFO] WebApp:194 - Connection lost
2026-04-14 06:07:40,487 [INFO] WebApp:191 - Connection restablished
2026-04-14 06:40:21,100 [INFO] WebApp:194 - Connection lost
2026-04-14 06:40:21,426 [INFO] WebApp:191 - Connection restablished
2026-04-14 06:55:45,212 [INFO] WebApp:194 - Connection lost
2026-04-14 06:55:45,811 [INFO] WebApp:191 - Connection restablished
2026-04-14 07:08:41,167 [INFO] WebApp:194 - Connection lost
2026-04-14 07:08:41,780 [INFO] WebApp:191 - Connection restablished
2026-04-14 07:26:26,237 [INFO] WebApp:194 - Connection lost
2026-04-14 07:26:26,966 [INFO] WebApp:191 - Connection restablished
2026-04-14 07:44:11,317 [INFO] WebApp:194 - Connection lost
2026-04-14 07:44:13,030 [INFO] WebApp:191 - Connection restablished
2026-04-14 07:59:26,169 [INFO] WebApp:194 - Connection lost
2026-04-14 07:59:27,853 [INFO] WebApp:191 - Connection restablished
2026-04-14 08:09:42,155 [INFO] WebApp:194 - Connection lost
2026-04-14 08:09:43,536 [INFO] WebApp:191 - Connection restablished
2026-04-14 08:56:28,147 [INFO] WebApp:194 - Connection lost
2026-04-14 08:56:29,473 [INFO] WebApp:191 - Connection restablished
2026-04-14 09:10:43,386 [INFO] WebApp:194 - Connection lost
2026-04-14 09:10:44,159 [INFO] WebApp:191 - Connection restablished
2026-04-14 09:27:01,215 [INFO] WebApp:194 - Connection lost
2026-04-14 09:27:01,541 [INFO] WebApp:191 - Connection restablished
2026-04-14 09:29:10,855 [INFO] WebApp:194 - Connection lost
2026-04-14 09:29:11,329 [INFO] WebApp:191 - Connection restablished
2026-04-14 09:29:38,188 [INFO] WebApp:194 - Connection lost
2026-04-14 09:29:39,211 [INFO] WebApp:191 - Connection restablished
2026-04-14 09:46:49,163 [INFO] WebApp:194 - Connection lost
2026-04-14 09:46:49,471 [INFO] WebApp:191 - Connection restablished
2026-04-14 09:51:59,744 [INFO] WebApp:194 - Connection lost
2026-04-14 09:52:00,021 [INFO] WebApp:191 - Connection restablished
2026-04-14 09:55:13,291 [INFO] WebApp:194 - Connection lost
2026-04-14 09:55:13,560 [INFO] WebApp:191 - Connection restablished
2026-04-14 09:55:14,821 [INFO] WebApp:194 - Connection lost
2026-04-14 09:55:15,931 [INFO] WebApp:191 - Connection restablished
2026-04-14 10:42:49,208 [INFO] WebApp:194 - Connection lost
2026-04-14 10:42:50,217 [INFO] WebApp:191 - Connection restablished
2026-04-14 10:48:29,709 [INFO] WebApp:194 - Connection lost
2026-04-14 10:48:30,004 [INFO] WebApp:191 - Connection restablished
2026-04-14 10:48:34,739 [INFO] WebApp:194 - Connection lost
2026-04-14 10:49:14,157 [INFO] WebApp:191 - Connection restablished
2026-04-14 10:49:14,902 [INFO] WebApp:194 - Connection lost
2026-04-14 10:49:18,138 [INFO] WebApp:191 - Connection restablished
2026-04-14 10:49:42,563 [INFO] WebApp:194 - Connection lost
2026-04-14 10:49:42,956 [INFO] WebApp:191 - Connection restablished
2026-04-14 10:49:52,078 [INFO] WebApp:194 - Connection lost
2026-04-14 10:49:52,339 [INFO] WebApp:191 - Connection restablished
2026-04-14 10:50:07,141 [INFO] WebApp:194 - Connection lost
2026-04-14 10:50:07,575 [INFO] WebApp:191 - Connection restablished
2026-04-14 11:06:37,246 [INFO] WebApp:194 - Connection lost
2026-04-14 11:06:37,646 [INFO] WebApp:191 - Connection restablished
2026-04-14 11:24:30,189 [INFO] WebApp:194 - Connection lost
2026-04-14 11:24:32,608 [INFO] WebApp:191 - Connection restablished
2026-04-14 11:26:27,678 [INFO] WebApp:194 - Connection lost
2026-04-14 11:26:28,138 [INFO] WebApp:191 - Connection restablished
2026-04-14 11:48:58,138 [INFO] WebApp:194 - Connection lost
2026-04-14 11:48:59,412 [INFO] WebApp:191 - Connection restablished
2026-04-14 12:04:36,334 [INFO] WebApp:194 - Connection lost
2026-04-14 12:04:37,741 [INFO] WebApp:191 - Connection restablished
2026-04-14 12:19:49,349 [INFO] WebApp:194 - Connection lost
2026-04-14 12:19:51,344 [INFO] WebApp:191 - Connection restablished
2026-04-14 12:36:33,305 [INFO] WebApp:194 - Connection lost
2026-04-14 12:36:36,048 [INFO] WebApp:191 - Connection restablished
2026-04-14 12:43:11,150 [INFO] WebApp:194 - Connection lost
2026-04-14 12:43:11,627 [INFO] WebApp:191 - Connection restablished
2026-04-14 12:59:49,223 [INFO] WebApp:194 - Connection lost
2026-04-14 12:59:49,724 [INFO] WebApp:191 - Connection restablished
2026-04-14 13:15:52,309 [INFO] WebApp:194 - Connection lost
2026-04-14 13:15:52,905 [INFO] WebApp:191 - Connection restablished
2026-04-14 13:31:16,381 [INFO] WebApp:194 - Connection lost
2026-04-14 13:31:17,204 [INFO] WebApp:191 - Connection restablished
2026-04-14 13:44:12,075 [INFO] WebApp:194 - Connection lost
2026-04-14 13:44:13,036 [INFO] WebApp:191 - Connection restablished
2026-04-14 14:00:42,005 [INFO] WebApp:194 - Connection lost
2026-04-14 14:00:42,192 [INFO] WebApp:191 - Connection restablished
2026-04-14 14:14:58,070 [INFO] WebApp:194 - Connection lost
2026-04-14 14:14:59,646 [INFO] WebApp:191 - Connection restablished
2026-04-14 14:15:35,235 [INFO] WebApp:194 - Connection lost
2026-04-14 14:15:35,473 [INFO] WebApp:191 - Connection restablished
2026-04-14 14:16:04,735 [INFO] WebApp:194 - Connection lost
2026-04-14 14:16:05,083 [INFO] WebApp:191 - Connection restablished
2026-04-14 14:18:43,557 [INFO] WebApp:194 - Connection lost
2026-04-14 14:18:43,939 [INFO] WebApp:191 - Connection restablished
2026-04-14 14:20:16,649 [INFO] WebApp:194 - Connection lost
2026-04-14 14:20:16,657 [INFO] WebApp:191 - Connection restablished
2026-04-14 14:20:53,506 [INFO] WebApp:194 - Connection lost
2026-04-14 14:20:54,028 [INFO] WebApp:191 - Connection restablished
2026-04-14 14:21:05,176 [INFO] WebApp:194 - Connection lost
2026-04-14 14:21:05,524 [INFO] WebApp:191 - Connection restablished
2026-04-14 14:26:01,228 [INFO] WebApp:403 - JxBrowser engine has been closed 
2026-04-14 14:26:01,235 [INFO] WebAppUi:504 - JxBrowser engine has been closed 
2026-04-14 14:26:01,236 [INFO] WebAppUi:541 - Close the Jxbrowser engine manually
2026-04-14 14:55:47,882 [INFO] Activator:176 - 


2026-04-14 14:55:47,883 [INFO] Activator:177 - !SESSION log4j initialized
2026-04-14 14:55:51,889 [INFO] LogOutputStream:77 - [STDOUT_REDIRECT] 
2026-04-14 14:55:53,211 [INFO] LogOutputStream:77 - [STDOUT_REDIRECT] 
2026-04-14 14:55:54,311 [ERROR] LogOutputStream:75 - [STDERR_REDIRECT] 
2026-04-14 14:55:54,649 [INFO] ApplicationProperties:184 - Using Application install path: /Applications/STM32CubeIDE.app/Contents/Eclipse/plugins/com.st.stm32cube.common.mx_6.15.0.202507011659
2026-04-14 14:55:54,660 [INFO] DbMcusXml:78 - Set database path to: /Applications/STM32CubeIDE.app/Contents/Eclipse/plugins/com.st.stm32cube.common.mx_6.15.0.202507011659//db//mcu/
2026-04-14 14:55:54,660 [INFO] ApiDb:274 - Set plugin database path to: /Applications/STM32CubeIDE.app/Contents/Eclipse/plugins/com.st.stm32cube.common.mx_6.15.0.202507011659//db//plugins/boardmanager/
2026-04-14 14:55:54,661 [WARN] ApiDb:259 - Overriding images path with different value:  => /Applications/STM32CubeIDE.app/Contents/Eclipse/plugins/com.st.stm32cube.common.mx_6.15.0.202507011659//db//plugins/mcufinder/images/
2026-04-14 14:55:54,665 [INFO] ApiDb:250 - Set database path to: /Users/jaspertan/.stmcufinder/plugins/mcufinder//mcu/
2026-04-14 14:55:54,666 [INFO] DbMcusAds:125 - Set database path to: /Users/jaspertan/.stmcufinder/plugins/mcufinder//mcu/
2026-04-14 14:55:54,667 [INFO] CrossReferenceDbSqlite:203 - Set database path to: /Users/jaspertan/.stmcufinder/plugins/mcufinder//mcu/cs/
2026-04-14 14:55:54,770 [INFO] RulesReader:64 - Compatibility file has been processed (317 Rules)
2026-04-14 14:55:54,809 [INFO] DbMcusXml:78 - Set database path to: /Applications/STM32CubeIDE.app/Contents/Eclipse/plugins/com.st.stm32cube.common.mx_6.15.0.202507011659//db//mcu/
2026-04-14 14:55:54,809 [INFO] ApiDb:274 - Set plugin database path to: /Applications/STM32CubeIDE.app/Contents/Eclipse/plugins/com.st.stm32cube.common.mx_6.15.0.202507011659//db//plugins/boardmanager/
2026-04-14 14:55:54,810 [INFO] ApiDb:261 - Set plugin images path to: /Applications/STM32CubeIDE.app/Contents/Eclipse/plugins/com.st.stm32cube.common.mx_6.15.0.202507011659//db//plugins/mcufinder/images/
2026-04-14 14:55:54,811 [WARN] DbFile:41 - Overriding database path with different value: /Users/jaspertan/.stmcufinder/plugins/mcufinder/ => /Users/jaspertan/.stmcufinder/plugins/mcufinder
2026-04-14 14:55:54,811 [INFO] ApiDb:250 - Set database path to: /Users/jaspertan/.stmcufinder/plugins/mcufinder//mcu/
2026-04-14 14:55:54,811 [WARN] DbFile:41 - Overriding database path with different value: /Users/jaspertan/.stmcufinder/plugins/mcufinder/ => /Users/jaspertan/.stmcufinder/plugins/mcufinder
2026-04-14 14:55:54,811 [INFO] DbMcusAds:125 - Set database path to: /Users/jaspertan/.stmcufinder/plugins/mcufinder//mcu/
2026-04-14 14:55:54,811 [WARN] DbFile:41 - Overriding database path with different value: /Users/jaspertan/.stmcufinder/plugins/mcufinder/ => /Users/jaspertan/.stmcufinder/plugins/mcufinder
2026-04-14 14:55:54,811 [WARN] DbFile:41 - Overriding database path with different value: /Users/jaspertan/.stmcufinder/plugins/mcufinder/ => /Users/jaspertan/.stmcufinder/plugins/mcufinder
2026-04-14 14:55:54,811 [INFO] CrossReferenceDbSqlite:203 - Set database path to: /Users/jaspertan/.stmcufinder/plugins/mcufinder//mcu/cs/
2026-04-14 14:55:54,862 [INFO] MainPanel:274 - HeapMemory: 268435456
2026-04-14 14:55:55,534 [INFO] DbMcusXml:78 - Set database path to: /Applications/STM32CubeIDE.app/Contents/Eclipse/plugins/com.st.stm32cube.common.mx_6.15.0.202507011659//db//mcu/
2026-04-14 14:55:55,534 [INFO] ApiDb:274 - Set plugin database path to: /Applications/STM32CubeIDE.app/Contents/Eclipse/plugins/com.st.stm32cube.common.mx_6.15.0.202507011659//db//plugins/boardmanager/
2026-04-14 14:55:55,534 [INFO] ApiDb:261 - Set plugin images path to: /Applications/STM32CubeIDE.app/Contents/Eclipse/plugins/com.st.stm32cube.common.mx_6.15.0.202507011659//db//plugins/mcufinder/images/
2026-04-14 14:55:55,534 [WARN] DbFile:41 - Overriding database path with different value: /Users/jaspertan/.stmcufinder/plugins/mcufinder/ => /Users/jaspertan/.stmcufinder/plugins/mcufinder
2026-04-14 14:55:55,534 [INFO] ApiDb:250 - Set database path to: /Users/jaspertan/.stmcufinder/plugins/mcufinder//mcu/
2026-04-14 14:55:55,534 [WARN] DbFile:41 - Overriding database path with different value: /Users/jaspertan/.stmcufinder/plugins/mcufinder/ => /Users/jaspertan/.stmcufinder/plugins/mcufinder
2026-04-14 14:55:55,534 [INFO] DbMcusAds:125 - Set database path to: /Users/jaspertan/.stmcufinder/plugins/mcufinder//mcu/
2026-04-14 14:55:55,534 [WARN] DbFile:41 - Overriding database path with different value: /Users/jaspertan/.stmcufinder/plugins/mcufinder/ => /Users/jaspertan/.stmcufinder/plugins/mcufinder
2026-04-14 14:55:55,534 [WARN] DbFile:41 - Overriding database path with different value: /Users/jaspertan/.stmcufinder/plugins/mcufinder/ => /Users/jaspertan/.stmcufinder/plugins/mcufinder
2026-04-14 14:55:55,535 [INFO] CrossReferenceDbSqlite:203 - Set database path to: /Users/jaspertan/.stmcufinder/plugins/mcufinder//mcu/cs/
2026-04-14 14:55:55,547 [INFO] ApplicationProperties:184 - Using Application install path: /Applications/STM32CubeIDE.app/Contents/Eclipse/plugins/com.st.stm32cube.common.mx_6.15.0.202507011659
2026-04-14 14:55:55,548 [INFO] PluginManage:196 - Search for loadable plugins [exclusion list=, ]
2026-04-14 14:55:55,549 [INFO] PluginManage:310 - Check plugin analytics
2026-04-14 14:55:55,716 [INFO] AnalyticsPlugin:253 - Accepted Software Licenses: 
2026-04-14 14:55:55,716 [INFO] AnalyticsPlugin:255 - Accepted CMSIS Pack Licenses: 
2026-04-14 14:55:55,716 [INFO] AnalyticsPlugin:257 - Accepted Firmware Licenses: FW.F4.1.28.0
2026-04-14 14:55:55,720 [INFO] PluginManage:359 - Loaded plugin analytics (category:tool,tabindex:-1)
2026-04-14 14:55:55,721 [INFO] PluginManage:310 - Check plugin cadmodel
2026-04-14 14:55:55,731 [INFO] CADModel:105 - Init CAD model plugin
2026-04-14 14:55:55,731 [INFO] PluginManage:359 - Loaded plugin cadmodel (category:power,tabindex:5)
2026-04-14 14:55:55,732 [INFO] PluginManage:310 - Check plugin clock
2026-04-14 14:55:55,740 [INFO] PluginManage:359 - Loaded plugin clock (category:base,tabindex:2)
2026-04-14 14:55:55,740 [INFO] PluginManage:310 - Check plugin ddr
2026-04-14 14:55:55,741 [INFO] PluginManage:359 - Loaded plugin ddr (category:tool,tabindex:6)
2026-04-14 14:55:55,742 [INFO] PluginManage:310 - Check plugin filemanager
2026-04-14 14:55:55,870 [INFO] PluginManage:359 - Loaded plugin filemanager (category:base,tabindex:10)
2026-04-14 14:55:55,870 [INFO] PluginManage:310 - Check plugin ipmanager
2026-04-14 14:55:55,875 [INFO] PluginManage:359 - Loaded plugin ipmanager (category:base,tabindex:5)
2026-04-14 14:55:55,876 [INFO] PluginManage:310 - Check plugin lpbam
2026-04-14 14:55:55,883 [INFO] PluginManage:359 - Loaded plugin lpbam (category:base,tabindex:0)
2026-04-14 14:55:55,884 [INFO] PluginManage:310 - Check plugin memorymap
2026-04-14 14:55:55,896 [INFO] PluginManage:359 - Loaded plugin memorymap (category:base,tabindex:4)
2026-04-14 14:55:55,896 [INFO] PluginManage:310 - Check plugin pinoutandconfiguration
2026-04-14 14:55:55,901 [INFO] PluginManage:359 - Loaded plugin pinoutandconfiguration (category:base,tabindex:1)
2026-04-14 14:55:55,902 [INFO] PluginManage:310 - Check plugin pinoutconfig
2026-04-14 14:55:55,969 [WARN] SupportedApi:132 - Cannot load RTOS API schema: s4s-elt-must-match.1: The content of 'definitions' must match (annotation?, (simpleType | complexType)?, (unique | key | keyref)*)). A problem was found starting at: attribute.
2026-04-14 14:55:56,084 [INFO] PluginManage:359 - Loaded plugin pinoutconfig (category:base,tabindex:0)
2026-04-14 14:55:56,085 [INFO] PluginManage:310 - Check plugin power
2026-04-14 14:55:56,093 [INFO] PluginManage:359 - Loaded plugin power (category:power,tabindex:4)
2026-04-14 14:55:56,093 [INFO] PluginManage:310 - Check plugin projectmanager
2026-04-14 14:55:56,128 [INFO] PluginManage:359 - Loaded plugin projectmanager (category:projectmanager,tabindex:4)
2026-04-14 14:55:56,128 [INFO] PluginManage:310 - Check plugin rif
2026-04-14 14:55:56,138 [INFO] PluginManage:359 - Loaded plugin rif (category:base,tabindex:3)
2026-04-14 14:55:56,138 [INFO] PluginManage:310 - Check plugin thirdparty
2026-04-14 14:55:56,300 [INFO] PluginManage:359 - Loaded plugin thirdparty (category:base,tabindex:-1)
2026-04-14 14:55:56,300 [WARN] IntegrityCheckThread:84 - waiting for thirdparty lock release [integrity check]
2026-04-14 14:55:56,301 [INFO] PluginManage:310 - Check plugin tools
2026-04-14 14:55:56,301 [INFO] IntegrityCheckThread:86 - entering critical section [integrity check]
2026-04-14 14:55:56,302 [INFO] ThirdPartyUpdaterWithRetryManager:70 - Updater plugin not ready yet. [1/15]
2026-04-14 14:55:56,308 [INFO] PluginManage:359 - Loaded plugin tools (category:base,tabindex:7)
2026-04-14 14:55:56,309 [INFO] PluginManage:310 - Check plugin tutovideos
2026-04-14 14:55:56,442 [INFO] PluginManage:359 - Loaded plugin tutovideos (category:base,tabindex:-1)
2026-04-14 14:55:56,442 [INFO] PluginManage:310 - Check plugin updater
2026-04-14 14:55:56,464 [INFO] PluginManage:359 - Loaded plugin updater (category:base,tabindex:12)
2026-04-14 14:55:56,464 [INFO] PluginManage:310 - Check plugin userauth
2026-04-14 14:55:56,468 [INFO] UserAuth:118 - Init User Auth plugin
2026-04-14 14:55:56,469 [INFO] PluginManage:359 - Loaded plugin userauth (category:base,tabindex:14)
2026-04-14 14:55:56,470 [INFO] PluginManage:283 - PluginManage : Loaded plugins [18]
2026-04-14 14:55:56,624 [INFO] PinOutPanel:1589 - setPackage(No Configuration,No Configuration)
2026-04-14 14:55:56,684 [INFO] CADModel:165 - CPN selected for project level
2026-04-14 14:55:56,684 [INFO] CADModel:114 - Register for checkConnection events
2026-04-14 14:55:56,694 [INFO] IPUIPlugin:80 - create IPUIPlugin
2026-04-14 14:55:56,694 [INFO] PluginManager:220 - loadIPPluginJar : add mdma
2026-04-14 14:55:56,699 [INFO] IPUIPlugin:80 - create IPUIPlugin
2026-04-14 14:55:56,699 [INFO] PluginManager:220 - loadIPPluginJar : add freertos
2026-04-14 14:55:56,702 [INFO] IPUIPlugin:80 - create IPUIPlugin
2026-04-14 14:55:56,702 [INFO] PluginManager:220 - loadIPPluginJar : add gic
2026-04-14 14:55:56,709 [INFO] IPUIPlugin:80 - create IPUIPlugin
2026-04-14 14:55:56,709 [INFO] PluginManager:220 - loadIPPluginJar : add adc
2026-04-14 14:55:56,710 [INFO] IPUIPlugin:80 - create IPUIPlugin
2026-04-14 14:55:56,710 [INFO] PluginManager:220 - loadIPPluginJar : add gtzc
2026-04-14 14:55:56,711 [INFO] IPUIPlugin:80 - create IPUIPlugin
2026-04-14 14:55:56,711 [INFO] PluginManager:220 - loadIPPluginJar : add quadspi
2026-04-14 14:55:56,712 [INFO] IPUIPlugin:80 - create IPUIPlugin
2026-04-14 14:55:56,712 [INFO] PluginManager:220 - loadIPPluginJar : add aes
2026-04-14 14:55:56,713 [INFO] IPUIPlugin:80 - create IPUIPlugin
2026-04-14 14:55:56,713 [INFO] PluginManager:220 - loadIPPluginJar : add pdm2pcm
2026-04-14 14:55:56,714 [INFO] IPUIPlugin:80 - create IPUIPlugin
2026-04-14 14:55:56,714 [INFO] PluginManager:220 - loadIPPluginJar : add hash
2026-04-14 14:55:56,714 [INFO] IPUIPlugin:80 - create IPUIPlugin
2026-04-14 14:55:56,715 [INFO] PluginManager:220 - loadIPPluginJar : add tim
2026-04-14 14:55:56,716 [INFO] IPUIPlugin:80 - create IPUIPlugin
2026-04-14 14:55:56,717 [INFO] PluginManager:220 - loadIPPluginJar : add tsc
2026-04-14 14:55:56,719 [INFO] IPUIPlugin:80 - create IPUIPlugin
2026-04-14 14:55:56,719 [INFO] PluginManager:220 - loadIPPluginJar : add extmemmanager
2026-04-14 14:55:56,720 [INFO] IPUIPlugin:80 - create IPUIPlugin
2026-04-14 14:55:56,720 [INFO] PluginManager:220 - loadIPPluginJar : add ts
2026-04-14 14:55:56,721 [INFO] IPUIPlugin:80 - create IPUIPlugin
2026-04-14 14:55:56,721 [INFO] PluginManager:220 - loadIPPluginJar : add radio
2026-04-14 14:55:56,722 [INFO] IPUIPlugin:80 - create IPUIPlugin
2026-04-14 14:55:56,722 [INFO] PluginManager:220 - loadIPPluginJar : add can
2026-04-14 14:55:56,723 [INFO] IPUIPlugin:80 - create IPUIPlugin
2026-04-14 14:55:56,723 [INFO] PluginManager:220 - loadIPPluginJar : add dma3
2026-04-14 14:55:56,724 [INFO] IPUIPlugin:80 - create IPUIPlugin
2026-04-14 14:55:56,724 [INFO] PluginManager:220 - loadIPPluginJar : add dfsdm
2026-04-14 14:55:56,725 [INFO] IPUIPlugin:80 - create IPUIPlugin
2026-04-14 14:55:56,725 [INFO] PluginManager:220 - loadIPPluginJar : add spi
2026-04-14 14:55:56,726 [INFO] IPUIPlugin:80 - create IPUIPlugin
2026-04-14 14:55:56,726 [INFO] PluginManager:220 - loadIPPluginJar : add gfxmmu
2026-04-14 14:55:56,727 [INFO] IPUIPlugin:80 - create IPUIPlugin
2026-04-14 14:55:56,727 [INFO] PluginManager:220 - loadIPPluginJar : add genericplugin
2026-04-14 14:55:56,728 [INFO] IPUIPlugin:80 - create IPUIPlugin
2026-04-14 14:55:56,728 [INFO] PluginManager:220 - loadIPPluginJar : add cryp
2026-04-14 14:55:56,730 [INFO] IPUIPlugin:80 - create IPUIPlugin
2026-04-14 14:55:56,730 [INFO] PluginManager:220 - loadIPPluginJar : add gpio
2026-04-14 14:55:56,732 [INFO] IPUIPlugin:80 - create IPUIPlugin
2026-04-14 14:55:56,732 [INFO] PluginManager:220 - loadIPPluginJar : add ddr_ctrl_phy
2026-04-14 14:55:56,733 [INFO] IPUIPlugin:80 - create IPUIPlugin
2026-04-14 14:55:56,733 [INFO] PluginManager:220 - loadIPPluginJar : add comp
2026-04-14 14:55:56,734 [INFO] IPUIPlugin:80 - create IPUIPlugin
2026-04-14 14:55:56,734 [INFO] PluginManager:220 - loadIPPluginJar : add tracer_emb
2026-04-14 14:55:56,735 [INFO] IPUIPlugin:80 - create IPUIPlugin
2026-04-14 14:55:56,736 [INFO] PluginManager:220 - loadIPPluginJar : add openamp
2026-04-14 14:55:56,739 [INFO] IPUIPlugin:80 - create IPUIPlugin
2026-04-14 14:55:56,739 [INFO] PluginManager:220 - loadIPPluginJar : add stm32_wpan
2026-04-14 14:55:56,756 [INFO] IPUIPlugin:80 - create IPUIPlugin
2026-04-14 14:55:56,760 [INFO] PluginManager:220 - loadIPPluginJar : add plateformsettings
2026-04-14 14:55:56,763 [INFO] IPUIPlugin:80 - create IPUIPlugin
2026-04-14 14:55:56,763 [INFO] PluginManager:220 - loadIPPluginJar : add ipddr
2026-04-14 14:55:56,765 [INFO] IPUIPlugin:80 - create IPUIPlugin
2026-04-14 14:55:56,765 [INFO] PluginManager:220 - loadIPPluginJar : add usart
2026-04-14 14:55:56,765 [INFO] IPUIPlugin:80 - create IPUIPlugin
2026-04-14 14:55:56,765 [INFO] PluginManager:220 - loadIPPluginJar : add ltdc
2026-04-14 14:55:56,767 [INFO] IPUIPlugin:80 - create IPUIPlugin
2026-04-14 14:55:56,767 [INFO] PluginManager:220 - loadIPPluginJar : add nvic
2026-04-14 14:55:56,768 [INFO] IPUIPlugin:80 - create IPUIPlugin
2026-04-14 14:55:56,768 [INFO] PluginManager:220 - loadIPPluginJar : add fatfs
2026-04-14 14:55:56,772 [INFO] IPUIPlugin:80 - create IPUIPlugin
2026-04-14 14:55:56,773 [INFO] PluginManager:220 - loadIPPluginJar : add linkedlist
2026-04-14 14:55:56,775 [INFO] IPUIPlugin:80 - create IPUIPlugin
2026-04-14 14:55:56,776 [INFO] PluginManager:220 - loadIPPluginJar : add dma
2026-04-14 14:55:56,777 [INFO] IPUIPlugin:80 - create IPUIPlugin
2026-04-14 14:55:56,778 [INFO] PluginManager:220 - loadIPPluginJar : add fmc
2026-04-14 14:55:56,779 [INFO] IPUIPlugin:80 - create IPUIPlugin
2026-04-14 14:55:56,779 [INFO] PluginManager:220 - loadIPPluginJar : add i2s
2026-04-14 14:55:56,779 [INFO] IPUIPlugin:80 - create IPUIPlugin
2026-04-14 14:55:56,779 [INFO] PluginManager:220 - loadIPPluginJar : add ucpd
2026-04-14 14:55:56,780 [INFO] IPUIPlugin:80 - create IPUIPlugin
2026-04-14 14:55:56,780 [INFO] PluginManager:220 - loadIPPluginJar : add lorawan
2026-04-14 14:55:56,783 [INFO] IPUIPlugin:80 - create IPUIPlugin
2026-04-14 14:55:56,783 [INFO] PluginManager:220 - loadIPPluginJar : add opamp
2026-04-14 14:55:56,784 [INFO] IPUIPlugin:80 - create IPUIPlugin
2026-04-14 14:55:56,784 [INFO] PluginManager:220 - loadIPPluginJar : add i3c
2026-04-14 14:55:56,786 [INFO] IPUIPlugin:80 - create IPUIPlugin
2026-04-14 14:55:56,788 [INFO] PluginManager:220 - loadIPPluginJar : add touchsensing
2026-04-14 14:55:56,790 [INFO] IPUIPlugin:80 - create IPUIPlugin
2026-04-14 14:55:56,790 [INFO] PluginManager:220 - loadIPPluginJar : add i2c
2026-04-14 14:55:56,791 [INFO] IPUIPlugin:80 - create IPUIPlugin
2026-04-14 14:55:56,791 [INFO] PluginManager:220 - loadIPPluginJar : add resmgrutility
2026-04-14 14:55:56,793 [INFO] IPUIPlugin:80 - create IPUIPlugin
2026-04-14 14:55:56,793 [INFO] PluginManager:220 - loadIPPluginJar : add sai
2026-04-14 14:55:56,794 [INFO] IPUIPlugin:80 - create IPUIPlugin
2026-04-14 14:55:56,794 [INFO] PluginManager:220 - loadIPPluginJar : add usbx
2026-04-14 14:55:56,903 [FATAL] Updater:351 - Updater called before beeing initialized
2026-04-14 14:55:56,935 [INFO] RulesReader:64 - Compatibility file has been processed (317 Rules)
2026-04-14 14:55:56,947 [INFO] RulesReader:64 - Compatibility file has been processed (317 Rules)
2026-04-14 14:55:56,953 [INFO] CADModel:165 - CPN selected for project level
2026-04-14 14:55:56,953 [INFO] CADModel:114 - Register for checkConnection events
2026-04-14 14:55:56,953 [FATAL] Updater:351 - Updater called before beeing initialized
2026-04-14 14:55:56,953 [ERROR] CADModel:125 - Updater not yet initialized, retry later 
2026-04-14 14:55:57,117 [FATAL] Updater:351 - Updater called before beeing initialized
2026-04-14 14:55:57,119 [INFO] CADModel:165 - CPN selected for project level
2026-04-14 14:55:57,119 [INFO] CADModel:114 - Register for checkConnection events
2026-04-14 14:55:57,119 [FATAL] Updater:351 - Updater called before beeing initialized
2026-04-14 14:55:57,119 [ERROR] CADModel:125 - Updater not yet initialized, retry later 
2026-04-14 14:55:57,121 [FATAL] Updater:351 - Updater called before beeing initialized
2026-04-14 14:55:57,259 [FATAL] Updater:351 - Updater called before beeing initialized
2026-04-14 14:55:57,263 [INFO] DbMcusAds:53 - JSON generation date=Thu Mar 05 06:32:52 PST 2026 (1772721172890)
2026-04-14 14:55:57,263 [FATAL] Updater:351 - Updater called before beeing initialized
2026-04-14 14:55:57,305 [WARN] DetailPanel:346 - Failed to get advertising image, set to default
2026-04-14 14:55:57,361 [FATAL] Updater:351 - Updater called before beeing initialized
2026-04-14 14:55:57,363 [FATAL] Updater:351 - Updater called before beeing initialized
2026-04-14 14:55:57,363 [FATAL] Updater:351 - Updater called before beeing initialized
2026-04-14 14:55:57,363 [WARN] DetailPanel:346 - Failed to get advertising image, set to default
2026-04-14 14:55:57,365 [FATAL] Updater:351 - Updater called before beeing initialized
2026-04-14 14:55:57,404 [ERROR] Updater:1198 - MainUpdater not yet initialized. External WinMGr cannot be set.
2026-04-14 14:55:57,406 [INFO] Updater:1134 - Updater Version found : 6.15.0
2026-04-14 14:55:57,418 [INFO] ApplicationProperties:184 - Using Application install path: /Applications/STM32CubeIDE.app/Contents/Eclipse/plugins/com.st.stm32cube.common.mx_6.15.0.202507011659
2026-04-14 14:55:58,073 [INFO] MainUpdater:2872 - connection check result : 10
2026-04-14 14:55:58,073 [INFO] MainUpdater:3604 - Updater definition file requires update
2026-04-14 14:55:58,074 [INFO] MainUpdater:289 - Updater Check For Update Now.
2026-04-14 14:55:58,075 [INFO] MicroXplorer:498 - Change Database Version : DB.6.0.150
2026-04-14 14:55:58,081 [INFO] McuFinderGlobals:63 - Set McuFinder mode to 2 (CubeIDE integrated)
2026-04-14 14:55:58,082 [INFO] UserAuth:487 - Internet connection configuration mode: 1
2026-04-14 14:55:58,095 [INFO] JxBrowserEngine:152 - Initiate JxBrowser Engine with user profile folder
2026-04-14 14:55:58,180 [INFO] ServerAccessManage:452 - Complete download http(s) 200
2026-04-14 14:55:58,182 [INFO] ServerAccessManage:509 - Download File updaters.zip
2026-04-14 14:55:58,294 [INFO] FileExtend:248 - Unzip File : updaters.zip
2026-04-14 14:55:58,294 [INFO] FileExtend:263 - Standard Zip Deflate
2026-04-14 14:55:58,668 [INFO] ServerAccessManage:452 - Complete download http(s) 200
2026-04-14 14:55:58,675 [INFO] ServerAccessManage:509 - Download File PacksControlFlags.xml
2026-04-14 14:55:58,763 [INFO] ServerAccessManage:452 - Complete download http(s) 200
2026-04-14 14:55:58,763 [INFO] ServerAccessManage:509 - Download File cubemx.pidx
2026-04-14 14:55:59,309 [WARN] MainUpdater:1193 - Updater busy. Cannot search thirdparties
2026-04-14 14:55:59,311 [INFO] ThirdPartyUpdaterWithRetryManager:96 - Updater plugin is busy. [1/15]
2026-04-14 14:55:59,820 [INFO] ServerAccessManage:452 - Complete download http(s) 200
2026-04-14 14:55:59,821 [INFO] ServerAccessManage:509 - Download File STMicroelectronics.X-CUBE-WB05N.pdsc
2026-04-14 14:56:00,142 [WARN] PackLoader:240 - Cannot read IP mode file for STMicroelectronics.X-CUBE-WB05N.2.1.0
2026-04-14 14:56:00,171 [INFO] PopulateThirdPartyThread:66 - Ending populate Thread
2026-04-14 14:56:00,178 [INFO] ThirdParty:1030 - CMSIS Pack Vendor :STMicroelectronics X-CUBE-WB05N 2.1.0
2026-04-14 14:56:00,178 [INFO] LoadServerUpdatesThread:375 - End of LoadServerUpdate Thread
2026-04-14 14:56:00,307 [INFO] CheckServerUpdateThread:120 - End of CheckServer Thread
2026-04-14 14:56:02,552 [WARN] PackLoader:240 - Cannot read IP mode file for STMicroelectronics.X-CUBE-AZRTOS-H7.3.5.0
2026-04-14 14:56:02,577 [WARN] PackLoader:240 - Cannot read IP mode file for STMicroelectronics.FP-SNS-MOTENVWB1.1.4.0
2026-04-14 14:56:02,585 [WARN] PackLoader:240 - Cannot read IP mode file for STMicroelectronics.FP-ATR-ASTRA1.2.0.2
2026-04-14 14:56:02,594 [WARN] PackLoader:240 - Cannot read IP mode file for STMicroelectronics.X-CUBE-SMBUS.2.1.0
2026-04-14 14:56:02,603 [WARN] PackLoader:240 - Cannot read IP mode file for STMicroelectronics.X-CUBE-ST60.1.0.0
2026-04-14 14:56:02,634 [WARN] PackLoader:240 - Cannot read IP mode file for STMicroelectronics.X-CUBE-AZRTOS-F7.1.1.0
2026-04-14 14:56:02,650 [WARN] PackLoader:240 - Cannot read IP mode file for STMicroelectronics.FP-SNS-MOTENV1.5.1.0
2026-04-14 14:56:02,740 [WARN] PackLoader:240 - Cannot read IP mode file for Infineon.AIROC-Wi-Fi-Bluetooth-STM32.1.7.0
2026-04-14 14:56:02,829 [WARN] PackLoader:240 - Cannot read IP mode file for STMicroelectronics.X-CUBE-AZRTOS-H7.3.4.0
2026-04-14 14:56:02,857 [WARN] PackLoader:240 - Cannot read IP mode file for STMicroelectronics.X-CUBE-DISPLAY.3.0.0
2026-04-14 14:56:02,888 [WARN] PackLoader:240 - Cannot read IP mode file for STMicroelectronics.FP-SNS-MOTENVWB1.1.5.0
2026-04-14 14:56:02,904 [WARN] PackLoader:240 - Cannot read IP mode file for STMicroelectronics.X-CUBE-NFC10.1.0.0
2026-04-14 14:56:02,944 [WARN] PackLoader:240 - Cannot read IP mode file for STMicroelectronics.X-CUBE-BLEMGR.4.0.0
2026-04-14 14:56:02,967 [WARN] PackLoader:240 - Cannot read IP mode file for STMicroelectronics.X-CUBE-ST60.1.1.0
2026-04-14 14:56:02,979 [WARN] PackLoader:240 - Cannot read IP mode file for emotas.I-CUBE-CANOPEN.1.3.0
2026-04-14 14:56:02,988 [WARN] PackLoader:240 - Cannot read IP mode file for STMicroelectronics.X-CUBE-GNSS1.7.1.0
2026-04-14 14:56:02,999 [WARN] ConditionMgr:438 - getConditionDescription Invalid condition id : Cortex-A Device cause : null
2026-04-14 14:56:03,031 [WARN] ConditionMgr:1044 - genDependencies : Invalid condition id : Cortex-A Device cause : null
2026-04-14 14:56:03,035 [WARN] ConditionMgr:1044 - genDependencies : Invalid condition id : Cortex-A Device cause : null
2026-04-14 14:56:03,035 [WARN] ConditionMgr:1044 - genDependencies : Invalid condition id : Cortex-A Device cause : null
2026-04-14 14:56:03,043 [WARN] PackLoader:240 - Cannot read IP mode file for STMicroelectronics.X-CUBE-AI.10.0.0
2026-04-14 14:56:03,055 [WARN] PackLoader:240 - Cannot read IP mode file for STMicroelectronics.FP-SNS-STBOX1.2.1.0
2026-04-14 14:56:03,062 [INFO] WebApp:169 - Instantiating new browser for Auth
2026-04-14 14:56:03,064 [WARN] PackLoader:240 - Cannot read IP mode file for STMicroelectronics.FP-SNS-SMARTAG2.1.2.0
2026-04-14 14:56:03,066 [WARN] PackLoader:240 - Cannot read IP mode file for STMicroelectronics.FP-SNS-FLIGHT1.5.1.0
2026-04-14 14:56:03,086 [INFO] LogOutputStream:77 - [STDOUT_REDIRECT] 1 : Invalid condition id : UX_CORESTACK_Condition cause : null
2026-04-14 14:56:03,087 [INFO] LogOutputStream:77 - [STDOUT_REDIRECT] 1 : Invalid condition id : UX_CORESTACK_Condition cause : null
2026-04-14 14:56:03,092 [INFO] LogOutputStream:77 - [STDOUT_REDIRECT] 1 : Invalid condition id : UX_CORESTACK_Condition cause : null
2026-04-14 14:56:03,096 [INFO] LogOutputStream:77 - [STDOUT_REDIRECT] 1 : Invalid condition id : UX_CORESTACK_Condition cause : null
2026-04-14 14:56:03,100 [INFO] LogOutputStream:77 - [STDOUT_REDIRECT] 1 : Invalid condition id : UX_CORESTACK_Condition cause : null
2026-04-14 14:56:03,109 [WARN] PackLoader:240 - Cannot read IP mode file for STMicroelectronics.X-CUBE-AZRTOS-WL.2.0.0
2026-04-14 14:56:03,122 [WARN] PackLoader:240 - Cannot read IP mode file for STMicroelectronics.FP-SNS-MOTENV1.5.0.0
2026-04-14 14:56:03,145 [WARN] PackLoader:240 - Cannot read IP mode file for STMicroelectronics.X-CUBE-AZRTOS-H7RS.1.2.0
2026-04-14 14:56:03,157 [WARN] PackLoader:240 - Cannot read IP mode file for WES.I-CUBE-Cesium.1.3.0
2026-04-14 14:56:03,169 [WARN] PackLoader:240 - Cannot read IP mode file for STMicroelectronics.X-CUBE-BLE2.3.3.0
2026-04-14 14:56:03,211 [WARN] PackLoader:240 - Cannot read IP mode file for STMicroelectronics.X-CUBE-NFC9.1.0.0
2026-04-14 14:56:03,225 [WARN] PackLoader:240 - Cannot read IP mode file for STMicroelectronics.X-CUBE-BLE1.7.1.0
2026-04-14 14:56:03,229 [WARN] PackLoader:240 - Cannot read IP mode file for wolfSSL.I-CUBE-wolfMQTT.1.19.2
2026-04-14 14:56:03,242 [WARN] PackLoader:240 - Cannot read IP mode file for STMicroelectronics.X-CUBE-FREERTOS.1.4.0
2026-04-14 14:56:03,250 [WARN] PackLoader:240 - Cannot read IP mode file for STMicroelectronics.X-CUBE-EEPRMA1.5.2.0
2026-04-14 14:56:03,259 [WARN] PackLoader:240 - Cannot read IP mode file for STMicroelectronics.X-CUBE-ST67W61.1.1.0
2026-04-14 14:56:03,264 [WARN] PackLoader:240 - Cannot read IP mode file for STMicroelectronics.X-CUBE-AI.10.1.0
2026-04-14 14:56:03,323 [WARN] PackLoader:240 - Cannot read IP mode file for STMicroelectronics.X-CUBE-MEMS1.12.0.0
2026-04-14 14:56:03,443 [WARN] PackLoader:240 - Cannot read IP mode file for STMicroelectronics.X-CUBE-MEMS1.11.2.0
2026-04-14 14:56:03,557 [WARN] PackLoader:240 - Cannot read IP mode file for STMicroelectronics.X-CUBE-AZRTOS-G0.1.1.0
2026-04-14 14:56:03,571 [WARN] PackLoader:240 - Cannot read IP mode file for STMicroelectronics.X-CUBE-SAFEA1.1.2.2
2026-04-14 14:56:03,577 [WARN] PackLoader:240 - Cannot read IP mode file for STMicroelectronics.X-CUBE-NFC4.3.0.0
2026-04-14 14:56:03,589 [WARN] PackLoader:240 - Cannot read IP mode file for EmbeddedOffice.I-CUBE-FS-RTOS.1.0.1
2026-04-14 14:56:03,597 [WARN] PackLoader:240 - Cannot read IP mode file for STMicroelectronics.X-CUBE-WB05N.2.0.0
2026-04-14 14:56:03,602 [WARN] PackLoader:240 - Cannot read IP mode file for wolfSSL.I-CUBE-wolfTPM.3.8.0
2026-04-14 14:56:03,607 [WARN] PackLoader:240 - Cannot read IP mode file for STMicroelectronics.X-CUBE-TCPP.4.2.0
2026-04-14 14:56:03,611 [WARN] PackLoader:240 - Cannot read IP mode file for RealThread.X-CUBE-RT-Thread_Nano.4.1.1
2026-04-14 14:56:03,613 [WARN] PackLoader:240 - Cannot read IP mode file for STMicroelectronics.FP-ATR-SIGFOX1.3.2.0
2026-04-14 14:56:03,617 [WARN] PackLoader:240 - Cannot read IP mode file for STMicroelectronics.X-CUBE-EEPRMA1.5.1.0
2026-04-14 14:56:03,622 [WARN] PackLoader:240 - Cannot read IP mode file for STMicroelectronics.X-CUBE-FREERTOS.1.5.0
2026-04-14 14:56:03,625 [WARN] PackLoader:240 - Cannot read IP mode file for wolfSSL.I-CUBE-wolfSSL.5.7.6
2026-04-14 14:56:03,628 [WARN] PackLoader:240 - Cannot read IP mode file for ITTIA_DB.I-CUBE-ITTIADB.8.9.0
2026-04-14 14:56:03,634 [WARN] PackLoader:240 - Cannot read IP mode file for STMicroelectronics.X-CUBE-NFC6.3.2.0
2026-04-14 14:56:03,641 [WARN] PackLoader:240 - Cannot read IP mode file for STMicroelectronics.X-CUBE-ST67W61.1.0.0
2026-04-14 14:56:03,644 [WARN] PackLoader:240 - Cannot read IP mode file for STMicroelectronics.X-CUBE-AI.10.2.0
2026-04-14 14:56:03,673 [WARN] PackLoader:240 - Cannot read IP mode file for SEGGER.I-CUBE-embOS.1.3.1
2026-04-14 14:56:03,695 [WARN] PackLoader:240 - Cannot read IP mode file for STMicroelectronics.X-CUBE-ALGOBUILD.1.4.0
2026-04-14 14:56:03,755 [WARN] PackLoader:240 - Cannot read IP mode file for STMicroelectronics.X-CUBE-MEMS1.11.3.0
2026-04-14 14:56:03,825 [WARN] PackLoader:240 - Cannot read IP mode file for STMicroelectronics.X-CUBE-PM33A1.1.0.0
2026-04-14 14:56:03,841 [WARN] PackLoader:240 - Cannot read IP mode file for STMicroelectronics.X-CUBE-AZRTOS-F4.1.1.0
2026-04-14 14:56:03,851 [WARN] PackLoader:240 - Cannot read IP mode file for Avnet-IotConnect.X-CUBE-IoTC-DA16k-PMOD.1.0.0
2026-04-14 14:56:03,854 [WARN] PackLoader:240 - Cannot read IP mode file for STMicroelectronics.X-CUBE-ISPU.2.1.0
2026-04-14 14:56:03,865 [WARN] PackLoader:240 - Cannot read IP mode file for STMicroelectronics.X-CUBE-IPS.3.2.0
2026-04-14 14:56:03,872 [WARN] PackLoader:240 - Cannot read IP mode file for STMicroelectronics.eDS-WB_DPC_TT-BIDIR.2.1.1
2026-04-14 14:56:03,879 [WARN] PackLoader:240 - Cannot read IP mode file for STMicroelectronics.X-CUBE-NFC12.1.0.0
2026-04-14 14:56:03,902 [WARN] PackLoader:240 - Cannot read IP mode file for STMicroelectronics.X-CUBE-AZRTOS-L5.2.0.0
2026-04-14 14:56:03,913 [WARN] PackLoader:240 - Cannot read IP mode file for STMicroelectronics.X-CUBE-NFC6.3.1.0
2026-04-14 14:56:03,916 [WARN] PackLoader:240 - Cannot read IP mode file for STMicroelectronics.eDS-WB_DPC_VIENNA.1.2.0
2026-04-14 14:56:03,918 [WARN] PackLoader:240 - Cannot read IP mode file for STMicroelectronics.eDS-WB_DPC_3PH2L-BIDIR.1.1.1
2026-04-14 14:56:03,921 [WARN] PackLoader:240 - Cannot read IP mode file for STMicroelectronics.X-CUBE-FREERTOS.1.3.1
2026-04-14 14:56:03,924 [WARN] PackLoader:240 - Cannot read IP mode file for STMicroelectronics.X-CUBE-FREERTOS.1.3.0
2026-04-14 14:56:03,928 [WARN] PackLoader:240 - Cannot read IP mode file for STMicroelectronics.X-CUBE-NFC7.1.0.1
2026-04-14 14:56:03,933 [WARN] PackLoader:240 - Cannot read IP mode file for STMicroelectronics.X-CUBE-TOUCHGFX.4.26.0
2026-04-14 14:56:03,935 [WARN] PackLoader:240 - Cannot read IP mode file for STMicroelectronics.X-CUBE-TOUCHGFX.4.26.1
2026-04-14 14:56:03,937 [WARN] PackLoader:240 - Cannot read IP mode file for STMicroelectronics.FP-SNS-STAIOTCFT.1.0.0
2026-04-14 14:56:03,942 [WARN] PackLoader:240 - Cannot read IP mode file for STMicroelectronics.X-CUBE-DPower.1.3.0
2026-04-14 14:56:03,958 [WARN] ConditionMgr:438 - getConditionDescription Invalid condition id : LAN8742 Phy interface Condition cause : null
2026-04-14 14:56:03,959 [WARN] PackLoader:240 - Cannot read IP mode file for STMicroelectronics.X-CUBE-AZRTOS-L4.2.0.0
2026-04-14 14:56:03,961 [WARN] ConditionMgr:1044 - genDependencies : Invalid condition id : LAN8742 Phy interface Condition cause : null
2026-04-14 14:56:03,962 [WARN] ConditionMgr:1044 - genDependencies : Invalid condition id : LAN8742 Phy interface Condition cause : null
2026-04-14 14:56:03,963 [WARN] ConditionMgr:1044 - genDependencies : Invalid condition id : LAN8742 Phy interface Condition cause : null
2026-04-14 14:56:04,051 [WARN] PackLoader:240 - Cannot read IP mode file for STMicroelectronics.X-CUBE-SFXS2LP1.4.0.0
2026-04-14 14:56:04,312 [WARN] PackLoader:240 - Cannot read IP mode file for STMicroelectronics.X-CUBE-WB05N.2.1.0
2026-04-14 14:56:04,336 [WARN] PackLoader:240 - Cannot read IP mode file for STMicroelectronics.X-CUBE-ST67W61.1.2.0
2026-04-14 14:56:04,364 [WARN] PackLoader:240 - Cannot read IP mode file for STMicroelectronics.X-CUBE-AZRTOS-H7.3.3.0
2026-04-14 14:56:04,381 [WARN] PackLoader:240 - Cannot read IP mode file for STMicroelectronics.X-CUBE-BLEMGR.4.1.0
2026-04-14 14:56:04,395 [WARN] ConditionMgr:438 - getConditionDescription Invalid condition id : UX DEVICE CLASS RTOS Condition cause : null
2026-04-14 14:56:04,396 [WARN] ConditionMgr:438 - getConditionDescription Invalid condition id : UX DEVICE CLASS RTOS Condition cause : null
2026-04-14 14:56:04,399 [WARN] PackLoader:240 - Cannot read IP mode file for STMicroelectronics.X-CUBE-AZRTOS-WB.2.0.0
2026-04-14 14:56:04,400 [WARN] ConditionMgr:1044 - genDependencies : Invalid condition id : UX DEVICE CLASS RTOS Condition cause : null
2026-04-14 14:56:04,400 [WARN] ConditionMgr:1044 - genDependencies : Invalid condition id : UX DEVICE CLASS RTOS Condition cause : null
2026-04-14 14:56:04,401 [WARN] ConditionMgr:1044 - genDependencies : Invalid condition id : UX DEVICE CLASS RTOS Condition cause : null
2026-04-14 14:56:04,401 [WARN] ConditionMgr:1044 - genDependencies : Invalid condition id : UX DEVICE CLASS RTOS Condition cause : null
2026-04-14 14:56:04,401 [WARN] ConditionMgr:1044 - genDependencies : Invalid condition id : UX DEVICE CLASS RTOS Condition cause : null
2026-04-14 14:56:04,406 [WARN] PackLoader:240 - Cannot read IP mode file for STMicroelectronics.X-CUBE-GNSS1.7.0.1
2026-04-14 14:56:04,411 [WARN] PackLoader:240 - Cannot read IP mode file for STMicroelectronics.X-CUBE-TOUCHGFX.4.25.0
2026-04-14 14:56:04,420 [WARN] PackLoader:240 - Cannot read IP mode file for STMicroelectronics.FP-SNS-STBOX1.2.0.0
2026-04-14 14:56:04,427 [WARN] PackLoader:240 - Cannot read IP mode file for STMicroelectronics.X-CUBE-STSE01.2.0.0
2026-04-14 14:56:04,438 [WARN] PackLoader:240 - Cannot read IP mode file for STMicroelectronics.X-CUBE-SUBG2.5.0.0
2026-04-14 14:56:04,466 [WARN] PackLoader:240 - Cannot read IP mode file for STMicroelectronics.X-CUBE-AZRTOS-H7RS.1.1.0
2026-04-14 14:56:04,471 [WARN] PackLoader:240 - Cannot read IP mode file for Cesanta.I-CUBE-Mongoose.7.13.0
2026-04-14 14:56:04,484 [WARN] PackLoader:240 - Cannot read IP mode file for STMicroelectronics.X-CUBE-AZRTOS-G4.2.0.0
2026-04-14 14:56:04,491 [WARN] PackLoader:240 - Cannot read IP mode file for wolfSSL.I-CUBE-wolfSSH.1.4.20
2026-04-14 14:56:04,501 [WARN] PackLoader:240 - Cannot read IP mode file for STMicroelectronics.X-CUBE-NFC7.2.0.0
2026-04-14 14:56:04,527 [WARN] PackLoader:240 - Cannot read IP mode file for STMicroelectronics.X-CUBE-IPS.3.1.0
2026-04-14 14:56:04,541 [WARN] PackLoader:240 - Cannot read IP mode file for STMicroelectronics.X-CUBE-ALS.1.0.2
2026-04-14 14:56:04,558 [WARN] PackLoader:240 - Cannot read IP mode file for STMicroelectronics.X-CUBE-STSE01.1.0.0
2026-04-14 14:56:04,568 [WARN] PackLoader:240 - Cannot read IP mode file for portGmbH.I-Cube-SoM-uGOAL.1.1.0
2026-04-14 14:56:04,585 [WARN] PackLoader:240 - Cannot read IP mode file for STMicroelectronics.X-CUBE-TOF1.3.4.3
2026-04-14 14:56:04,605 [INFO] ThirdParty:978 - Integrity check success = true
2026-04-14 14:56:04,606 [INFO] IntegrityCheckThread:100 - exiting critical section [integrity check]
2026-04-14 14:56:04,609 [INFO] IntegrityCheckThread:103 - End integrity checks thread
2026-04-14 14:56:04,778 [INFO] WebApp:463 - Apply proxy settings
2026-04-14 14:56:04,790 [INFO] WebApp:508 - Chromium authenticates against Manually configured proxy
2026-04-14 14:56:04,799 [INFO] WebApp:516 - Username used for proxy authentication: 
2026-04-14 14:56:04,839 [INFO] WebApp:900 - Register for checkConnection events
2026-04-14 14:56:04,839 [INFO] WebApp:463 - Apply proxy settings
2026-04-14 14:56:04,843 [INFO] WebApp:508 - Chromium authenticates against Manually configured proxy
2026-04-14 14:56:04,843 [INFO] WebApp:516 - Username used for proxy authentication: 
2026-04-14 14:56:05,002 [INFO] WebApp:225 - Starting web application
2026-04-14 14:56:05,003 [INFO] WebApp:593 - Web application path used /Applications/STM32CubeIDE.app/Contents/Eclipse/plugins/com.st.stm32cube.common.mx_6.15.0.202507011659/db/plugins/mcufinder/reactClient1/index.html
2026-04-14 14:56:05,554 [INFO] WebApp:191 - Connection restablished
2026-04-14 14:56:05,701 [INFO] UserAuth:487 - Internet connection configuration mode: 1
2026-04-14 15:15:47,540 [INFO] McuFinderGlobals:63 - Set McuFinder mode to 2 (CubeIDE integrated)
2026-04-14 15:15:47,554 [INFO] MainUpdater:2872 - connection check result : 10
2026-04-14 15:15:47,556 [INFO] MainUpdater:2872 - connection check result : 10
2026-04-14 15:15:48,183 [INFO] MicroXplorer:468 - Change Database Path : 
2026-04-14 15:15:48,184 [INFO] MicroXplorer:498 - Change Database Version : DB.6.0.150
2026-04-14 15:15:48,191 [WARN] ThirdParty:871 - waiting for thirdparty lock release [close project]
2026-04-14 15:15:48,191 [INFO] ThirdParty:873 - entering critical section [close project]
2026-04-14 15:15:48,196 [INFO] ThirdParty:883 - exiting critical section [close project]
2026-04-14 15:15:48,199 [INFO] PinOutPanel:1589 - setPackage(No Configuration,No Configuration)
2026-04-14 15:15:48,203 [INFO] UtilMem:75 - Begin LoadConfig() Used Memory: 771944656 Bytes (1073741824)
2026-04-14 15:15:48,205 [INFO] MicroXplorer:468 - Change Database Path : 
2026-04-14 15:15:48,205 [INFO] MicroXplorer:498 - Change Database Version : DB.6.0.150
2026-04-14 15:15:48,206 [INFO] OpenFileManager:355 - Change cursor
2026-04-14 15:15:48,337 [INFO] Mcu:2029 - Initializing MCU STM32F042F6Px STM32F042F6Px STM32F042F6P6TR
2026-04-14 15:15:49,074 [INFO] Context:786 - Trying to add GPIOservice into a context  which must be forbidden
2026-04-14 15:15:49,433 [INFO] ImportTextPane:234 - (OptionalMessage_ERROR) Pin14 (VP_RIF_VS_RIF1) cannot be retrieved for this MCU
2026-04-14 15:15:49,530 [INFO] RtosManager:558 - Registered RTOS mode: class=CMSIS, group=RTOS, mode=CMSIS_V1, owner=FREERTOS
2026-04-14 15:15:49,530 [INFO] RtosManager:558 - Registered RTOS mode: class=CMSIS, group=RTOS2, mode=CMSIS_V2, owner=FREERTOS
2026-04-14 15:15:49,530 [INFO] RtosManager:558 - Registered RTOS mode: class=RTOS, group=Core, mode=CMSIS_V1, owner=FREERTOS
2026-04-14 15:15:49,530 [INFO] RtosManager:558 - Registered RTOS mode: class=RTOS, group=Core, mode=CMSIS_V2, owner=FREERTOS
2026-04-14 15:15:49,530 [WARN] ModelIntegratedComponent:184 - Missing modes for component STMicroelectronics:FreeRTOS:0.0.1:STMicroelectronics:RTOS:FreeRTOS:Core:::10.2.0:
2026-04-14 15:15:49,542 [WARN] ModelIntegratedComponent:63 - No mode defined for component null
2026-04-14 15:15:49,542 [WARN] ModelIntegratedComponent:63 - No mode defined for component null
2026-04-14 15:15:49,542 [WARN] ModelIntegratedComponent:63 - No mode defined for component null
2026-04-14 15:15:49,542 [WARN] ModelIntegratedComponent:63 - No mode defined for component null
2026-04-14 15:15:49,542 [WARN] ModelIntegratedComponent:63 - No mode defined for component null
2026-04-14 15:15:49,542 [WARN] ModelIntegratedComponent:63 - No mode defined for component null
2026-04-14 15:15:49,542 [WARN] ModelIntegratedComponent:63 - No mode defined for component null
2026-04-14 15:15:49,542 [WARN] ModelIntegratedComponent:63 - No mode defined for component null
2026-04-14 15:15:49,542 [WARN] ModelIntegratedComponent:63 - No mode defined for component null
2026-04-14 15:15:49,542 [WARN] ModelIntegratedComponent:63 - No mode defined for component null
2026-04-14 15:15:49,543 [WARN] ModelIntegratedComponent:63 - No mode defined for component null
2026-04-14 15:15:49,543 [WARN] ModelIntegratedComponent:63 - No mode defined for component null
2026-04-14 15:15:49,543 [WARN] ModelIntegratedComponent:63 - No mode defined for component null
2026-04-14 15:15:49,543 [WARN] ModelIntegratedComponent:63 - No mode defined for component null
2026-04-14 15:15:49,543 [WARN] ModelIntegratedComponent:63 - No mode defined for component null
2026-04-14 15:15:49,543 [WARN] ModelIntegratedComponent:63 - No mode defined for component null
2026-04-14 15:15:49,543 [WARN] ModelIntegratedComponent:63 - No mode defined for component null
2026-04-14 15:15:49,543 [WARN] ModelIntegratedComponent:63 - No mode defined for component null
2026-04-14 15:15:49,543 [WARN] ModelIntegratedComponent:63 - No mode defined for component null
2026-04-14 15:15:49,543 [WARN] ModelIntegratedComponent:63 - No mode defined for component null
2026-04-14 15:15:49,543 [WARN] ModelIntegratedComponent:63 - No mode defined for component null
2026-04-14 15:15:49,543 [WARN] ModelIntegratedComponent:63 - No mode defined for component null
2026-04-14 15:15:49,543 [WARN] ModelIntegratedComponent:63 - No mode defined for component null
2026-04-14 15:15:49,543 [WARN] ModelIntegratedComponent:63 - No mode defined for component null
2026-04-14 15:15:49,543 [WARN] ModelIntegratedComponent:63 - No mode defined for component null
2026-04-14 15:15:49,544 [WARN] ModelIntegratedComponent:63 - No mode defined for component null
2026-04-14 15:15:49,544 [WARN] ModelIntegratedComponent:63 - No mode defined for component null
2026-04-14 15:15:49,544 [WARN] ModelIntegratedComponent:63 - No mode defined for component null
2026-04-14 15:15:49,544 [WARN] ModelIntegratedComponent:63 - No mode defined for component null
2026-04-14 15:15:49,544 [WARN] ModelIntegratedComponent:63 - No mode defined for component null
2026-04-14 15:15:49,544 [WARN] ModelIntegratedComponent:63 - No mode defined for component null
2026-04-14 15:15:49,544 [WARN] ModelIntegratedComponent:63 - No mode defined for component null
2026-04-14 15:15:49,545 [WARN] ModelIntegratedComponent:63 - No mode defined for component null
2026-04-14 15:15:49,545 [WARN] ModelIntegratedComponent:63 - No mode defined for component null
2026-04-14 15:15:49,546 [WARN] ModelIntegratedComponent:63 - No mode defined for component null
2026-04-14 15:15:49,546 [WARN] ModelPack:524 - Component already loaded: STMicroelectronics:HAL Drivers:0.0.0:STMicroelectronics:Device:STMicro_Driver:XSPI:HAL::0.0.1:HAL_XSPI
2026-04-14 15:15:49,772 [INFO] ThirdPartyModel:298 - Start build external matchings
2026-04-14 15:15:50,276 [INFO] ThirdPartyModel:316 - End build external matchings
2026-04-14 15:15:50,943 [INFO] ApiDb:581 - Connected to CubeFinder SQLite database (/Users/jaspertan/.stmcufinder/plugins/mcufinder/mcu/cube-finder-db.db)
2026-04-14 15:15:50,979 [INFO] ApiDb:668 - CubeFinder database Data Model version=2.1
2026-04-14 15:15:50,979 [INFO] ApiDb:669 - CubeFinder database Configuration version=3.0.42
2026-04-14 15:15:50,981 [INFO] ApiDb:670 - CubeFinder database generation date=2026-03-11 (1773229989)
2026-04-14 15:15:50,981 [INFO] ApiDb:671 - CubeFinder database FW Pack versions=[FP-ATR-ASTRA1_V2.0.0, FP-SNS-FLIGHT1_V5.1.0, FP-SNS-MOTENV1_V5.1.0, FP-SNS-MOTENVWB1_V1.5.0, FP-SNS-SMARTAG2_V1.2.0, FP-SNS-STBOX1_V2.1.0, STM32Cube_FW_C0_V1.4.0, STM32Cube_FW_F4_V1.28.3, STM32Cube_FW_F7_V1.17.4, STM32Cube_FW_G0_V1.6.3, STM32Cube_FW_G4_V1.6.2, STM32Cube_FW_H5_V1.6.0, STM32Cube_FW_H7RS_V1.3.0, STM32Cube_FW_H7_V1.13.0, STM32Cube_FW_L0_V1.12.2, STM32Cube_FW_L4_V1.18.2, STM32Cube_FW_L5_V1.6.0, STM32Cube_FW_N6_V1.3.0, STM32Cube_FW_U0_V1.3.0, STM32Cube_FW_U3_V1.3.0, STM32Cube_FW_U5_V1.8.0, STM32Cube_FW_WB0_V1.4.0, STM32Cube_FW_WBA_V1.9.0, STM32Cube_FW_WB_V1.24.0, STM32Cube_FW_WL3_V1.4.0, STM32Cube_FW_WL_V1.5.0, X-CUBE-ALGOBUILD_V1.4.0, X-CUBE-ALS_V1.0.2, X-CUBE-AZRTOS-F4_V1.1.0, X-CUBE-AZRTOS-F7_V1.1.0, X-CUBE-AZRTOS-G0_V1.1.0, X-CUBE-AZRTOS-G4_V2.0.0, X-CUBE-AZRTOS-H7RS_V1.1.0, X-CUBE-AZRTOS-H7_V3.4.0, X-CUBE-AZRTOS-L4_V2.0.0, X-CUBE-AZRTOS-L5_V2.0.0, X-CUBE-AZRTOS-WB_V2.0.0, X-CUBE-AZRTOS-WL_V2.0.0, X-CUBE-BLE1_V7.1.0, X-CUBE-BLE2_V3.3.0, X-CUBE-BLEMGR_V4.1.0, X-CUBE-EEPRMA1_V5.2.0, X-CUBE-FREERTOS_V1.5.0, X-CUBE-GNSS1_V6.0.0, X-CUBE-MEMS1_V12.0.0, X-CUBE-NFC4_V3.0.0, X-CUBE-NFC7_V2.0.0, X-CUBE-SFXS2LP1_V4.0.0, X-CUBE-ST67W61_V1.2.0, X-CUBE-SUBG2_V5.0.0, X-CUBE-TOF1_V3.4.3]
2026-04-14 15:15:51,070 [INFO] DbBoardsSqlite:226 - include board P-NUCLEO-WB55-NUCLEO as a kit item of type 'Nucleo-64'
2026-04-14 15:15:51,071 [INFO] DbBoardsSqlite:226 - include board P-NUCLEO-WB55-USBDONGLE as a kit item of type 'Nucleo USB Dongle'
2026-04-14 15:15:51,072 [INFO] DbBoardsSqlite:226 - include board STEVAL-IDP005V1 as a kit item of type 'Evaluation Board'
2026-04-14 15:15:51,072 [INFO] DbBoardsSqlite:226 - include board STEVAL-IDP005V2 as a kit item of type 'Evaluation Board'
2026-04-14 15:15:51,270 [INFO] ApiDb:240 - Found 880 in-development CPN: [B-G473E-ZEST1S, B-WB1M-WPAN1, B-WBA5M-WPAN, B-WL5M-SUBG1, NUCLEO-C031C6, NUCLEO-C051C8, NUCLEO-C071RB, NUCLEO-C092RC, NUCLEO-H503RB, NUCLEO-H533RE, NUCLEO-H563ZI, NUCLEO-H7S3L8, NUCLEO-N657X0-Q, NUCLEO-U031R8, NUCLEO-U083RC, NUCLEO-U385RG-Q, NUCLEO-U545RE-Q, NUCLEO-U5A5ZJ-Q, NUCLEO-WB05KZ, NUCLEO-WB07CC, NUCLEO-WB09KE, NUCLEO-WBA52CG, NUCLEO-WBA55CG, NUCLEO-WL33CC1, NUCLEO-WL33CC2, STEVAL-PROTEUS1, STEVAL-SMARTAG2, STEVAL-STWINBX1, STM320518-EVAL, STM32C0116-DK, STM32C011D6Y3TR, STM32C011D6Y6TR, STM32C011F4P3, STM32C011F4P6, STM32C011F4U3, STM32C011F4U6TR, STM32C011F6P3, STM32C011F6P6, STM32C011F6U3, STM32C011F6U6TR, STM32C011J4M3, STM32C011J4M6, STM32C011J6M3, STM32C011J6M6, STM32C0316-DK, STM32C031C4T3, STM32C031C4T6, STM32C031C4U3, STM32C031C4U6, STM32C031C6T3, STM32C031C6T6, STM32C031C6U3, STM32C031C6U6, STM32C031F4P3, STM32C031F4P6, STM32C031F6P3, STM32C031F6P6, STM32C031G4U3, STM32C031G4U6, STM32C031G6U3, STM32C031G6U6, STM32C031K4T3, STM32C031K4T6, STM32C031K4U3, STM32C031K4U6, STM32C031K6T3, STM32C031K6T6, STM32C031K6U3, STM32C031K6U6, STM32C051C6T6, STM32C051C6U6, STM32C051C8T6, STM32C051C8U6, STM32C051D8Y6TR, STM32C051F6P6, STM32C051F8P6, STM32C051G6U6, STM32C051G8U6, STM32C051K6T6, STM32C051K6U6, STM32C051K8T6, STM32C071C8T6, STM32C071C8T6N, STM32C071C8U6, STM32C071C8U6N, STM32C071CBT6, STM32C071CBT6N, STM32C071CBU6, STM32C071CBU6N, STM32C071F8P6, STM32C071F8P6N, STM32C071FBP6, STM32C071FBP6N, STM32C071FBY6TR, STM32C071G8U6, STM32C071G8U6N, STM32C071GBU6, STM32C071GBU6N, STM32C071K8T6, STM32C071K8T6N, STM32C071K8U6, STM32C071K8U6N, STM32C071KBT6, STM32C071KBT6N, STM32C071KBU6, STM32C071KBU6N, STM32C071R8T6, STM32C071R8T6N, STM32C071RBI6N, STM32C071RBT6, STM32C071RBT6N, STM32C091CBT6, STM32C091CBU6, STM32C091CCT6, STM32C091CCU6, STM32C091ECY6TR, STM32C091FBP6, STM32C091FCP6, STM32C091GBU6, STM32C091GCU6, STM32C091KBT6, STM32C091KBU6, STM32C091KCT6, STM32C091KCU6, STM32C091RBT6, STM32C091RCI6, STM32C091RCT6, STM32C092CBT6, STM32C092CBU6, STM32C092CCT6, STM32C092CCU6, STM32C092ECY6TR, STM32C092FBP6, STM32C092FCP6, STM32C092GBU6, STM32C092GCU6, STM32C092KBT6, STM32C092KBU6, STM32C092KCT6, STM32C092KCU6, STM32C092RBT6, STM32C092RCI6, STM32C092RCT6, STM32G071K8TXN, STM32G071K8UXN, STM32G081GBU6N, STM32G081KBT6N, STM32G081KBUXN, STM32G0B1CCT6N, STM32G0B1KCT6, STM32G0B1NEY6TR, STM32G0B1RCT6N, STM32G0C1CCT6, STM32G0C1CCT6N, STM32G0C1CCU6N, STM32G0C1CET6N, STM32G0C1CEU6N, STM32G0C1KCT6, STM32G0C1NEY6TR, STM32G0C1RCI6N, STM32G0C1RCT6N, STM32G0C1REI6N, STM32G0C1RET6N, STM32G0C1VCI6, STM32G0C1VEI6, STM32G411C6T3, STM32G411C6T6, STM32G411C6U3, STM32G411C6U6, STM32G411C8T3, STM32G411C8T6, STM32G411C8U3, STM32G411C8U6, STM32G411CBT3, STM32G411CBT6, STM32G411CBU3, STM32G411CBU6, STM32G411K6T3, STM32G411K6T6, STM32G411K6U3, STM32G411K6U6, STM32G411K8T3, STM32G411K8T6, STM32G411K8U3, STM32G411K8U6, STM32G411KBT3, STM32G411KBT6, STM32G411KBU3, STM32G411KBU6, STM32G411M6T3, STM32G411M6T6, STM32G411M8T3, STM32G411M8T6, STM32G411MBT3, STM32G411MBT6, STM32G411R6T3, STM32G411R6T6, STM32G411R8T3, STM32G411R8T6, STM32G411RBT3, STM32G411RBT6, STM32G414CBT3, STM32G414CBT6, STM32G414CBU3, STM32G414CBU6, STM32G414CCT3, STM32G414CCT6, STM32G414CCU3, STM32G414CCU6, STM32G414MBT3, STM32G414MBT6, STM32G414MCT3, STM32G414MCT6, STM32G414RBT3, STM32G414RBT6, STM32G414RCT3, STM32G414RCT6, STM32G414VBT3, STM32G414VBT6, STM32G414VCT3, STM32G414VCT6, STM32G431CBT3Z, STM32G431RBT3Z, STM32G471CCT6, STM32G471CCU6, STM32G471CET3, STM32G471CET6, STM32G471CEU3, STM32G471CEU6, STM32G471MCT6, STM32G471MET3, STM32G471MET6, STM32G471MEY6TR, STM32G471QCT6, STM32G471QET3, STM32G471RCT6, STM32G471RET3, STM32G471RET6, STM32G471VCH6, STM32G471VCI6, STM32G471VCT6, STM32G471VEH3, STM32G471VEH6, STM32G471VEI3, STM32G471VEI6, STM32G471VET3, STM32G471VET6, STM32G473QET3Z, STM32G473RET3Z, STM32G474CCT6, STM32G491RET3Z, STM32H503CBT6, STM32H503CBU6, STM32H503EBY6TR, STM32H503KBU6, STM32H503RBT6, STM32H523CCT6, STM32H523CCU6, STM32H523CET6, STM32H523CEU6, STM32H523HEY6TR, STM32H523RCT6, STM32H523RET6, STM32H523VCI6, STM32H523VCT6, STM32H523VEI6, STM32H523VET6, STM32H523ZCJ6, STM32H523ZCT6, STM32H523ZEJ6, STM32H523ZET6, STM32H533CET6, STM32H533CEU6, STM32H533HEY6TR, STM32H533RET6, STM32H533VEI6, STM32H533VET6, STM32H533ZEJ6, STM32H533ZET6, STM32H562AGI6, STM32H562AII6, STM32H562IGK6, STM32H562IGT6, STM32H562IIK6, STM32H562IIT6, STM32H562RGT6, STM32H562RGV6, STM32H562RIT6, STM32H562RIV6, STM32H562VGT6, STM32H562VIT6, STM32H562ZGT6, STM32H562ZIT6, STM32H563AGI6, STM32H563AII3Q, STM32H563AII6, STM32H563IGK6, STM32H563IGT6, STM32H563IIK3Q, STM32H563IIK6, STM32H563IIT3Q, STM32H563IIT6, STM32H563MIY3QTR, STM32H563RGT6, STM32H563RGV6, STM32H563RIT6, STM32H563RIV6, STM32H563VGT6, STM32H563VIT3Q, STM32H563VIT6, STM32H563ZGT6, STM32H563ZIT3Q, STM32H563ZIT6, STM32H573AII3Q, STM32H573AII6, STM32H573I-DK, STM32H573IIK3Q, STM32H573IIK6, STM32H573IIT3Q, STM32H573IIT6, STM32H573MIY3QTR, STM32H573RIT6, STM32H573RIV6, STM32H573VIT3Q, STM32H573VIT6, STM32H573ZIT3Q, STM32H573ZIT6, STM32H7R3A8I6, STM32H7R3I8K6, STM32H7R3I8T6, STM32H7R3L8H6, STM32H7R3L8H6H, STM32H7R3R8V6, STM32H7R3V8H6, STM32H7R3V8T6, STM32H7R3V8Y6TR, STM32H7R3Z8J6, STM32H7R3Z8T6, STM32H7R7A8I6, STM32H7R7I8K6, STM32H7R7I8T6, STM32H7R7L8H6, STM32H7R7L8H6H, STM32H7R7Z8J6, STM32H7S3A8I6, STM32H7S3I8K6, STM32H7S3I8T6, STM32H7S3L8H6, STM32H7S3L8H6H, STM32H7S3R8V6, STM32H7S3V8H6, STM32H7S3V8T6, STM32H7S3V8Y6TR, STM32H7S3Z8J6, STM32H7S3Z8T6, STM32H7S78-DK, STM32H7S7A8I6, STM32H7S7I8K6, STM32H7S7I8T6, STM32H7S7L8H6, STM32H7S7L8H6H, STM32H7S7Z8J6, STM32L4R5QGI6STR, STM32MP131AAE3, STM32MP131AAF3, STM32MP131AAG3, STM32MP131CAE3, STM32MP131CAF3, STM32MP131CAG3, STM32MP131DAE7, STM32MP131DAF7, STM32MP131DAG7, STM32MP131FAE7, STM32MP131FAF7, STM32MP131FAG7, STM32MP133AAE3, STM32MP133AAF3, STM32MP133AAG3, STM32MP133CAE3, STM32MP133CAF3, STM32MP133CAG3, STM32MP133DAE7, STM32MP133DAF7, STM32MP133DAG7, STM32MP133FAE7, STM32MP133FAF7, STM32MP133FAG7, STM32MP135AAE3, STM32MP135AAF3, STM32MP135AAG3, STM32MP135CAE3, STM32MP135CAF3, STM32MP135CAG3, STM32MP135DAE7, STM32MP135DAF7, STM32MP135DAG7, STM32MP135F-DK, STM32MP135FAE7, STM32MP135FAF7, STM32MP135FAF7T, STM32MP135FAF7U, STM32MP135FAG7, STM32MP211AAL3, STM32MP211AAM3, STM32MP211AAN3, STM32MP211AAO3, STM32MP211CAL3, STM32MP211CAM3, STM32MP211CAN3, STM32MP211CAO3, STM32MP211DAL3, STM32MP211DAM3, STM32MP211DAN3, STM32MP211DAO3, STM32MP211FAL3, STM32MP211FAM3, STM32MP211FAN3, STM32MP211FAO3, STM32MP213AAL3, STM32MP213AAM3, STM32MP213AAN3, STM32MP213AAO3, STM32MP213CAL3, STM32MP213CAM3, STM32MP213CAN3, STM32MP213CAO3, STM32MP213DAL3, STM32MP213DAM3, STM32MP213DAN3, STM32MP213DAO3, STM32MP213FAL3, STM32MP213FAM3, STM32MP213FAN3, STM32MP213FAO3, STM32MP215AAL3, STM32MP215AAM3, STM32MP215AAN3, STM32MP215AAO3, STM32MP215CAL3, STM32MP215CAM3, STM32MP215CAN3, STM32MP215CAO3, STM32MP215DAL3, STM32MP215DAM3, STM32MP215DAN3, STM32MP215DAO3, STM32MP215F-DK, STM32MP215FAL3, STM32MP215FAM3, STM32MP215FAN3, STM32MP215FAO3, STM32MP231AAJ3, STM32MP231AAK3, STM32MP231AAL3, STM32MP231CAJ3, STM32MP231CAK3, STM32MP231CAL3, STM32MP231DAJ3, STM32MP231DAK3, STM32MP231DAL3, STM32MP231FAJ3, STM32MP231FAK3, STM32MP231FAL3, STM32MP233AAJ3, STM32MP233AAK3, STM32MP233AAL3, STM32MP233CAJ3, STM32MP233CAK3, STM32MP233CAL3, STM32MP233DAJ3, STM32MP233DAK3, STM32MP233DAL3, STM32MP233FAJ3, STM32MP233FAK3, STM32MP233FAL3, STM32MP235AAJ3, STM32MP235AAK3, STM32MP235AAL3, STM32MP235CAJ3, STM32MP235CAK3, STM32MP235CAL3, STM32MP235DAJ3, STM32MP235DAK3, STM32MP235DAL3, STM32MP235FAJ3, STM32MP235FAK3, STM32MP235FAL3, STM32MP251AAI3, STM32MP251AAK3, STM32MP251AAL3, STM32MP251CAI3, STM32MP251CAK3, STM32MP251CAL3, STM32MP251DAI3, STM32MP251DAK3, STM32MP251DAL3, STM32MP251FAI3, STM32MP251FAK3, STM32MP251FAL3, STM32MP253AAI3, STM32MP253AAK3, STM32MP253AAL3, STM32MP253CAI3, STM32MP253CAK3, STM32MP253CAL3, STM32MP253DAI3, STM32MP253DAK3, STM32MP253DAL3, STM32MP253FAI3, STM32MP253FAK3, STM32MP253FAL3, STM32MP255AAI3, STM32MP255AAK3, STM32MP255AAL3, STM32MP255CAI3, STM32MP255CAK3, STM32MP255CAL3, STM32MP255DAI3, STM32MP255DAK3, STM32MP255DAL3, STM32MP255FAI3, STM32MP255FAK3, STM32MP255FAL3, STM32MP257AAI3, STM32MP257AAK3, STM32MP257AAL3, STM32MP257CAI3, STM32MP257CAK3, STM32MP257CAL3, STM32MP257DAI3, STM32MP257DAK3, STM32MP257DAL3, STM32MP257F-DK, STM32MP257F-EV1, STM32MP257FAI3, STM32MP257FAK3, STM32MP257FAL3, STM32N645A0H3Q, STM32N645B0H3Q, STM32N645I0H3Q, STM32N645L0H3Q, STM32N645X0H3Q, STM32N645Z0H3Q, STM32N647A0H3Q, STM32N647B0H3Q, STM32N647I0H3Q, STM32N647L0H3Q, STM32N647X0H3Q, STM32N647Z0H3Q, STM32N655A0H3Q, STM32N655B0H3Q, STM32N655I0H3Q, STM32N655L0H3Q, STM32N655X0H3Q, STM32N655Z0H3Q, STM32N6570-DK, STM32N657A0H3Q, STM32N657B0H3Q, STM32N657I0H3Q, STM32N657L0H3Q, STM32N657X0H3Q, STM32N657Z0H3Q, STM32U031C6T6, STM32U031C6U6, STM32U031C8T6, STM32U031C8U6, STM32U031F4P6, STM32U031F6P6, STM32U031F8P6, STM32U031G6Y6TR, STM32U031G8Y6TR, STM32U031K4U6, STM32U031K6U6, STM32U031K8U6, STM32U031R6I6, STM32U031R6T6, STM32U031R8I6, STM32U031R8T6, STM32U073C8T6, STM32U073C8U6, STM32U073CBT6, STM32U073CBU6, STM32U073CCT6, STM32U073CCU6, STM32U073H8Y6TR, STM32U073HBY6TR, STM32U073HCY6TR, STM32U073K8U6, STM32U073KBU6, STM32U073KCU6, STM32U073M8I6, STM32U073M8T6, STM32U073MBI6, STM32U073MBT6, STM32U073MCI6, STM32U073MCT6, STM32U073R8I6, STM32U073R8T6, STM32U073RBI6, STM32U073RBT6, STM32U073RCI6, STM32U073RCT6, STM32U083C-DK, STM32U083CCT6, STM32U083CCU6, STM32U083HCY6TR, STM32U083KCU6, STM32U083MCI6, STM32U083MCT6, STM32U083RCI6, STM32U083RCT6, STM32U375CET6, STM32U375CET6Q, STM32U375CEU6, STM32U375CEU6Q, STM32U375CEY6QTR, STM32U375CGT6, STM32U375CGT6Q, STM32U375CGU6, STM32U375CGU6Q, STM32U375CGY6QTR, STM32U375KEU6, STM32U375KGU6, STM32U375REI6, STM32U375REI6Q, STM32U375RET6, STM32U375RET6Q, STM32U375REY6GTR, STM32U375REY6QTR, STM32U375RGI6, STM32U375RGI6Q, STM32U375RGT6, STM32U375RGT6Q, STM32U375RGY6GTR, STM32U375RGY6QTR, STM32U375VEI6, STM32U375VEI6Q, STM32U375VET6, STM32U375VET6Q, STM32U375VGI6, STM32U375VGI6Q, STM32U375VGT6, STM32U375VGT6Q, STM32U385CGT6, STM32U385CGT6Q, STM32U385CGU6, STM32U385CGU6Q, STM32U385CGY6QTR, STM32U385KGU6, STM32U385RGI6, STM32U385RGI6Q, STM32U385RGT6, STM32U385RGT6Q, STM32U385RGY6GTR, STM32U385RGY6QTR, STM32U385VGI6, STM32U385VGI6Q, STM32U385VGT6, STM32U385VGT6Q, STM32U535CBT6, STM32U535CBT6Q, STM32U535CBU6, STM32U535CBU6Q, STM32U535CCT6, STM32U535CCT6Q, STM32U535CCU6, STM32U535CCU6Q, STM32U535CET6, STM32U535CET6Q, STM32U535CEU6, STM32U535CEU6Q, STM32U535JEY6QTR, STM32U535NCY6QTR, STM32U535NEY6QTR, STM32U535RBI6, STM32U535RBI6Q, STM32U535RBT6, STM32U535RBT6Q, STM32U535RCI6, STM32U535RCI6Q, STM32U535RCT6, STM32U535RCT6Q, STM32U535REI6, STM32U535REI6Q, STM32U535RET6, STM32U535RET6Q, STM32U535VCI6, STM32U535VCI6Q, STM32U535VCT6, STM32U535VCT6Q, STM32U535VEI6, STM32U535VEI6Q, STM32U535VET6, STM32U535VET6Q, STM32U545CET6, STM32U545CET6Q, STM32U545CEU6, STM32U545CEU6Q, STM32U545JEY6QTR, STM32U545NEY6QTR, STM32U545REI6, STM32U545REI6Q, STM32U545RET6, STM32U545RET6Q, STM32U545VEI6, STM32U545VEI6Q, STM32U545VET6, STM32U545VET6Q, STM32U595AIH6, STM32U595AIH6Q, STM32U595AJH6, STM32U595AJH6Q, STM32U595QII6, STM32U595QII6Q, STM32U595QJI6, STM32U595QJI6Q, STM32U595RIT6, STM32U595RIT6Q, STM32U595RJT6, STM32U595RJT6Q, STM32U595VIT6, STM32U595VIT6Q, STM32U595VJT6, STM32U595VJT6Q, STM32U595ZIT6, STM32U595ZIT6Q, STM32U595ZIY6QTR, STM32U595ZJT6, STM32U595ZJT6Q, STM32U595ZJY6QTR, STM32U599BJY6QTR, STM32U599NIH6Q, STM32U599NJH6Q, STM32U599VIT6Q, STM32U599VJT6, STM32U599VJT6Q, STM32U599ZIT6Q, STM32U599ZIY6QTR, STM32U599ZJT6Q, STM32U599ZJY6QTR, STM32U5A5AJH6, STM32U5A5AJH6Q, STM32U5A5QII3Q , STM32U5A5QJI6, STM32U5A5QJI6Q, STM32U5A5RJT6, STM32U5A5RJT6Q, STM32U5A5VJT6, STM32U5A5VJT6Q, STM32U5A5ZJT6, STM32U5A5ZJT6Q, STM32U5A5ZJY6QTR, STM32U5A9BJY6QTR, STM32U5A9J-DK, STM32U5A9NJH6Q, STM32U5A9VJT6Q, STM32U5A9ZJT6Q, STM32U5A9ZJY6QTR, STM32U5F7VIT6, STM32U5F7VIT6Q, STM32U5F7VJT6, STM32U5F7VJT6Q, STM32U5F9BJY6QTR, STM32U5F9NJH6Q, STM32U5F9VIT6Q, STM32U5F9VJT6Q, STM32U5F9ZIJ6QTR, STM32U5F9ZIT6Q, STM32U5F9ZJJ6QTR, STM32U5F9ZJT6Q, STM32U5G7VJT6, STM32U5G7VJT6Q, STM32U5G9BJY6QTR, STM32U5G9J-DK1, STM32U5G9J-DK2, STM32U5G9NJH6Q, STM32U5G9VJT6Q, STM32U5G9ZJJ6QTR, STM32U5G9ZJT6Q, STM32WB05KZV6TR, STM32WB05KZV7TR, STM32WB05TZF6TR, STM32WB05TZF7TR, STM32WB06CCF6TR, STM32WB06CCF7TR, STM32WB06CCV6TR, STM32WB06CCV7TR, STM32WB06KCV6TR, STM32WB06KCV7TR, STM32WB07CCF6TR, STM32WB07CCF7TR, STM32WB07CCV6TR, STM32WB07CCV7TR, STM32WB07KCV6TR, STM32WB07KCV7TR, STM32WB09KEV6TR, STM32WB09KEV7TR, STM32WB09TEF6TR, STM32WB09TEF7TR, STM32WB1MMCH6, STM32WBA50KGU6, STM32WBA50KGU6TR, STM32WBA52CEU6, STM32WBA52CEU6TR, STM32WBA52CEU7, STM32WBA52CEU7TR, STM32WBA52CGU6, STM32WBA52CGU6TR, STM32WBA52CGU6U, STM32WBA52CGU7, STM32WBA52CGU7TR, STM32WBA52KEU6, STM32WBA52KEU6TR, STM32WBA52KGU6, STM32WBA52KGU6TR, STM32WBA54CEU6, STM32WBA54CEU6TR, STM32WBA54CEU7, STM32WBA54CEU7TR, STM32WBA54CGU6, STM32WBA54CGU6TR, STM32WBA54CGU7, STM32WBA54CGU7TR, STM32WBA54KEU6, STM32WBA54KEU6TR, STM32WBA54KEU7, STM32WBA54KEU7TR, STM32WBA54KGU6, STM32WBA54KGU6TR, STM32WBA54KGU7, STM32WBA54KGU7TR, STM32WBA55CEU6, STM32WBA55CEU6TR, STM32WBA55CEU7, STM32WBA55CEU7TR, STM32WBA55CGU6, STM32WBA55CGU6TR, STM32WBA55CGU6U, STM32WBA55CGU7, STM32WBA55CGU7TR, STM32WBA55G-DK1, STM32WBA55HEF6, STM32WBA55HEF7, STM32WBA55HGF6, STM32WBA55HGF7, STM32WBA55UEI6, STM32WBA55UEI6TR, STM32WBA55UEI7, STM32WBA55UEI7TR, STM32WBA55UGI6, STM32WBA55UGI6TR, STM32WBA55UGI7, STM32WBA55UGI7TR, STM32WBA5MMGH6TR, STM32WBA62MGF6, STM32WBA62MIF6, STM32WBA65MGF7, STM32WBA65MIF6, STM32WBA65MIF7, STM32WL30K8V6, STM32WL30KBV6, STM32WL31C8V6, STM32WL31CBV6, STM32WL31K8V6, STM32WL31KBV6, STM32WL33C8V6, STM32WL33C8V6X, STM32WL33CBV6, STM32WL33CBV6X, STM32WL33CCV6, STM32WL33CCV6A, STM32WL33CCV6X, STM32WL33K8V7, STM32WL33K8V7X, STM32WL33KBV7 , STM32WL33KBV7X, STM32WL33KCV7, STM32WL33KCV7X, STM32WL5MOCH6, STM32WL5MOCH6TR]
2026-04-14 15:15:51,274 [INFO] ApiDb:668 - CubeFinder database Data Model version=2.1
2026-04-14 15:15:51,274 [INFO] ApiDb:669 - CubeFinder database Configuration version=3.0.42
2026-04-14 15:15:51,274 [INFO] ApiDb:670 - CubeFinder database generation date=2026-03-11 (1773229989)
2026-04-14 15:15:51,274 [INFO] ApiDb:671 - CubeFinder database FW Pack versions=[FP-ATR-ASTRA1_V2.0.0, FP-SNS-FLIGHT1_V5.1.0, FP-SNS-MOTENV1_V5.1.0, FP-SNS-MOTENVWB1_V1.5.0, FP-SNS-SMARTAG2_V1.2.0, FP-SNS-STBOX1_V2.1.0, STM32Cube_FW_C0_V1.4.0, STM32Cube_FW_F4_V1.28.3, STM32Cube_FW_F7_V1.17.4, STM32Cube_FW_G0_V1.6.3, STM32Cube_FW_G4_V1.6.2, STM32Cube_FW_H5_V1.6.0, STM32Cube_FW_H7RS_V1.3.0, STM32Cube_FW_H7_V1.13.0, STM32Cube_FW_L0_V1.12.2, STM32Cube_FW_L4_V1.18.2, STM32Cube_FW_L5_V1.6.0, STM32Cube_FW_N6_V1.3.0, STM32Cube_FW_U0_V1.3.0, STM32Cube_FW_U3_V1.3.0, STM32Cube_FW_U5_V1.8.0, STM32Cube_FW_WB0_V1.4.0, STM32Cube_FW_WBA_V1.9.0, STM32Cube_FW_WB_V1.24.0, STM32Cube_FW_WL3_V1.4.0, STM32Cube_FW_WL_V1.5.0, X-CUBE-ALGOBUILD_V1.4.0, X-CUBE-ALS_V1.0.2, X-CUBE-AZRTOS-F4_V1.1.0, X-CUBE-AZRTOS-F7_V1.1.0, X-CUBE-AZRTOS-G0_V1.1.0, X-CUBE-AZRTOS-G4_V2.0.0, X-CUBE-AZRTOS-H7RS_V1.1.0, X-CUBE-AZRTOS-H7_V3.4.0, X-CUBE-AZRTOS-L4_V2.0.0, X-CUBE-AZRTOS-L5_V2.0.0, X-CUBE-AZRTOS-WB_V2.0.0, X-CUBE-AZRTOS-WL_V2.0.0, X-CUBE-BLE1_V7.1.0, X-CUBE-BLE2_V3.3.0, X-CUBE-BLEMGR_V4.1.0, X-CUBE-EEPRMA1_V5.2.0, X-CUBE-FREERTOS_V1.5.0, X-CUBE-GNSS1_V6.0.0, X-CUBE-MEMS1_V12.0.0, X-CUBE-NFC4_V3.0.0, X-CUBE-NFC7_V2.0.0, X-CUBE-SFXS2LP1_V4.0.0, X-CUBE-ST67W61_V1.2.0, X-CUBE-SUBG2_V5.0.0, X-CUBE-TOF1_V3.4.3]
2026-04-14 15:15:52,215 [INFO] ApiDb:240 - Found 880 in-development CPN: [B-G473E-ZEST1S, B-WB1M-WPAN1, B-WBA5M-WPAN, B-WL5M-SUBG1, NUCLEO-C031C6, NUCLEO-C051C8, NUCLEO-C071RB, NUCLEO-C092RC, NUCLEO-H503RB, NUCLEO-H533RE, NUCLEO-H563ZI, NUCLEO-H7S3L8, NUCLEO-N657X0-Q, NUCLEO-U031R8, NUCLEO-U083RC, NUCLEO-U385RG-Q, NUCLEO-U545RE-Q, NUCLEO-U5A5ZJ-Q, NUCLEO-WB05KZ, NUCLEO-WB07CC, NUCLEO-WB09KE, NUCLEO-WBA52CG, NUCLEO-WBA55CG, NUCLEO-WL33CC1, NUCLEO-WL33CC2, STEVAL-PROTEUS1, STEVAL-SMARTAG2, STEVAL-STWINBX1, STM320518-EVAL, STM32C0116-DK, STM32C011D6Y3TR, STM32C011D6Y6TR, STM32C011F4P3, STM32C011F4P6, STM32C011F4U3, STM32C011F4U6TR, STM32C011F6P3, STM32C011F6P6, STM32C011F6U3, STM32C011F6U6TR, STM32C011J4M3, STM32C011J4M6, STM32C011J6M3, STM32C011J6M6, STM32C0316-DK, STM32C031C4T3, STM32C031C4T6, STM32C031C4U3, STM32C031C4U6, STM32C031C6T3, STM32C031C6T6, STM32C031C6U3, STM32C031C6U6, STM32C031F4P3, STM32C031F4P6, STM32C031F6P3, STM32C031F6P6, STM32C031G4U3, STM32C031G4U6, STM32C031G6U3, STM32C031G6U6, STM32C031K4T3, STM32C031K4T6, STM32C031K4U3, STM32C031K4U6, STM32C031K6T3, STM32C031K6T6, STM32C031K6U3, STM32C031K6U6, STM32C051C6T6, STM32C051C6U6, STM32C051C8T6, STM32C051C8U6, STM32C051D8Y6TR, STM32C051F6P6, STM32C051F8P6, STM32C051G6U6, STM32C051G8U6, STM32C051K6T6, STM32C051K6U6, STM32C051K8T6, STM32C071C8T6, STM32C071C8T6N, STM32C071C8U6, STM32C071C8U6N, STM32C071CBT6, STM32C071CBT6N, STM32C071CBU6, STM32C071CBU6N, STM32C071F8P6, STM32C071F8P6N, STM32C071FBP6, STM32C071FBP6N, STM32C071FBY6TR, STM32C071G8U6, STM32C071G8U6N, STM32C071GBU6, STM32C071GBU6N, STM32C071K8T6, STM32C071K8T6N, STM32C071K8U6, STM32C071K8U6N, STM32C071KBT6, STM32C071KBT6N, STM32C071KBU6, STM32C071KBU6N, STM32C071R8T6, STM32C071R8T6N, STM32C071RBI6N, STM32C071RBT6, STM32C071RBT6N, STM32C091CBT6, STM32C091CBU6, STM32C091CCT6, STM32C091CCU6, STM32C091ECY6TR, STM32C091FBP6, STM32C091FCP6, STM32C091GBU6, STM32C091GCU6, STM32C091KBT6, STM32C091KBU6, STM32C091KCT6, STM32C091KCU6, STM32C091RBT6, STM32C091RCI6, STM32C091RCT6, STM32C092CBT6, STM32C092CBU6, STM32C092CCT6, STM32C092CCU6, STM32C092ECY6TR, STM32C092FBP6, STM32C092FCP6, STM32C092GBU6, STM32C092GCU6, STM32C092KBT6, STM32C092KBU6, STM32C092KCT6, STM32C092KCU6, STM32C092RBT6, STM32C092RCI6, STM32C092RCT6, STM32G071K8TXN, STM32G071K8UXN, STM32G081GBU6N, STM32G081KBT6N, STM32G081KBUXN, STM32G0B1CCT6N, STM32G0B1KCT6, STM32G0B1NEY6TR, STM32G0B1RCT6N, STM32G0C1CCT6, STM32G0C1CCT6N, STM32G0C1CCU6N, STM32G0C1CET6N, STM32G0C1CEU6N, STM32G0C1KCT6, STM32G0C1NEY6TR, STM32G0C1RCI6N, STM32G0C1RCT6N, STM32G0C1REI6N, STM32G0C1RET6N, STM32G0C1VCI6, STM32G0C1VEI6, STM32G411C6T3, STM32G411C6T6, STM32G411C6U3, STM32G411C6U6, STM32G411C8T3, STM32G411C8T6, STM32G411C8U3, STM32G411C8U6, STM32G411CBT3, STM32G411CBT6, STM32G411CBU3, STM32G411CBU6, STM32G411K6T3, STM32G411K6T6, STM32G411K6U3, STM32G411K6U6, STM32G411K8T3, STM32G411K8T6, STM32G411K8U3, STM32G411K8U6, STM32G411KBT3, STM32G411KBT6, STM32G411KBU3, STM32G411KBU6, STM32G411M6T3, STM32G411M6T6, STM32G411M8T3, STM32G411M8T6, STM32G411MBT3, STM32G411MBT6, STM32G411R6T3, STM32G411R6T6, STM32G411R8T3, STM32G411R8T6, STM32G411RBT3, STM32G411RBT6, STM32G414CBT3, STM32G414CBT6, STM32G414CBU3, STM32G414CBU6, STM32G414CCT3, STM32G414CCT6, STM32G414CCU3, STM32G414CCU6, STM32G414MBT3, STM32G414MBT6, STM32G414MCT3, STM32G414MCT6, STM32G414RBT3, STM32G414RBT6, STM32G414RCT3, STM32G414RCT6, STM32G414VBT3, STM32G414VBT6, STM32G414VCT3, STM32G414VCT6, STM32G431CBT3Z, STM32G431RBT3Z, STM32G471CCT6, STM32G471CCU6, STM32G471CET3, STM32G471CET6, STM32G471CEU3, STM32G471CEU6, STM32G471MCT6, STM32G471MET3, STM32G471MET6, STM32G471MEY6TR, STM32G471QCT6, STM32G471QET3, STM32G471RCT6, STM32G471RET3, STM32G471RET6, STM32G471VCH6, STM32G471VCI6, STM32G471VCT6, STM32G471VEH3, STM32G471VEH6, STM32G471VEI3, STM32G471VEI6, STM32G471VET3, STM32G471VET6, STM32G473QET3Z, STM32G473RET3Z, STM32G474CCT6, STM32G491RET3Z, STM32H503CBT6, STM32H503CBU6, STM32H503EBY6TR, STM32H503KBU6, STM32H503RBT6, STM32H523CCT6, STM32H523CCU6, STM32H523CET6, STM32H523CEU6, STM32H523HEY6TR, STM32H523RCT6, STM32H523RET6, STM32H523VCI6, STM32H523VCT6, STM32H523VEI6, STM32H523VET6, STM32H523ZCJ6, STM32H523ZCT6, STM32H523ZEJ6, STM32H523ZET6, STM32H533CET6, STM32H533CEU6, STM32H533HEY6TR, STM32H533RET6, STM32H533VEI6, STM32H533VET6, STM32H533ZEJ6, STM32H533ZET6, STM32H562AGI6, STM32H562AII6, STM32H562IGK6, STM32H562IGT6, STM32H562IIK6, STM32H562IIT6, STM32H562RGT6, STM32H562RGV6, STM32H562RIT6, STM32H562RIV6, STM32H562VGT6, STM32H562VIT6, STM32H562ZGT6, STM32H562ZIT6, STM32H563AGI6, STM32H563AII3Q, STM32H563AII6, STM32H563IGK6, STM32H563IGT6, STM32H563IIK3Q, STM32H563IIK6, STM32H563IIT3Q, STM32H563IIT6, STM32H563MIY3QTR, STM32H563RGT6, STM32H563RGV6, STM32H563RIT6, STM32H563RIV6, STM32H563VGT6, STM32H563VIT3Q, STM32H563VIT6, STM32H563ZGT6, STM32H563ZIT3Q, STM32H563ZIT6, STM32H573AII3Q, STM32H573AII6, STM32H573I-DK, STM32H573IIK3Q, STM32H573IIK6, STM32H573IIT3Q, STM32H573IIT6, STM32H573MIY3QTR, STM32H573RIT6, STM32H573RIV6, STM32H573VIT3Q, STM32H573VIT6, STM32H573ZIT3Q, STM32H573ZIT6, STM32H7R3A8I6, STM32H7R3I8K6, STM32H7R3I8T6, STM32H7R3L8H6, STM32H7R3L8H6H, STM32H7R3R8V6, STM32H7R3V8H6, STM32H7R3V8T6, STM32H7R3V8Y6TR, STM32H7R3Z8J6, STM32H7R3Z8T6, STM32H7R7A8I6, STM32H7R7I8K6, STM32H7R7I8T6, STM32H7R7L8H6, STM32H7R7L8H6H, STM32H7R7Z8J6, STM32H7S3A8I6, STM32H7S3I8K6, STM32H7S3I8T6, STM32H7S3L8H6, STM32H7S3L8H6H, STM32H7S3R8V6, STM32H7S3V8H6, STM32H7S3V8T6, STM32H7S3V8Y6TR, STM32H7S3Z8J6, STM32H7S3Z8T6, STM32H7S78-DK, STM32H7S7A8I6, STM32H7S7I8K6, STM32H7S7I8T6, STM32H7S7L8H6, STM32H7S7L8H6H, STM32H7S7Z8J6, STM32L4R5QGI6STR, STM32MP131AAE3, STM32MP131AAF3, STM32MP131AAG3, STM32MP131CAE3, STM32MP131CAF3, STM32MP131CAG3, STM32MP131DAE7, STM32MP131DAF7, STM32MP131DAG7, STM32MP131FAE7, STM32MP131FAF7, STM32MP131FAG7, STM32MP133AAE3, STM32MP133AAF3, STM32MP133AAG3, STM32MP133CAE3, STM32MP133CAF3, STM32MP133CAG3, STM32MP133DAE7, STM32MP133DAF7, STM32MP133DAG7, STM32MP133FAE7, STM32MP133FAF7, STM32MP133FAG7, STM32MP135AAE3, STM32MP135AAF3, STM32MP135AAG3, STM32MP135CAE3, STM32MP135CAF3, STM32MP135CAG3, STM32MP135DAE7, STM32MP135DAF7, STM32MP135DAG7, STM32MP135F-DK, STM32MP135FAE7, STM32MP135FAF7, STM32MP135FAF7T, STM32MP135FAF7U, STM32MP135FAG7, STM32MP211AAL3, STM32MP211AAM3, STM32MP211AAN3, STM32MP211AAO3, STM32MP211CAL3, STM32MP211CAM3, STM32MP211CAN3, STM32MP211CAO3, STM32MP211DAL3, STM32MP211DAM3, STM32MP211DAN3, STM32MP211DAO3, STM32MP211FAL3, STM32MP211FAM3, STM32MP211FAN3, STM32MP211FAO3, STM32MP213AAL3, STM32MP213AAM3, STM32MP213AAN3, STM32MP213AAO3, STM32MP213CAL3, STM32MP213CAM3, STM32MP213CAN3, STM32MP213CAO3, STM32MP213DAL3, STM32MP213DAM3, STM32MP213DAN3, STM32MP213DAO3, STM32MP213FAL3, STM32MP213FAM3, STM32MP213FAN3, STM32MP213FAO3, STM32MP215AAL3, STM32MP215AAM3, STM32MP215AAN3, STM32MP215AAO3, STM32MP215CAL3, STM32MP215CAM3, STM32MP215CAN3, STM32MP215CAO3, STM32MP215DAL3, STM32MP215DAM3, STM32MP215DAN3, STM32MP215DAO3, STM32MP215F-DK, STM32MP215FAL3, STM32MP215FAM3, STM32MP215FAN3, STM32MP215FAO3, STM32MP231AAJ3, STM32MP231AAK3, STM32MP231AAL3, STM32MP231CAJ3, STM32MP231CAK3, STM32MP231CAL3, STM32MP231DAJ3, STM32MP231DAK3, STM32MP231DAL3, STM32MP231FAJ3, STM32MP231FAK3, STM32MP231FAL3, STM32MP233AAJ3, STM32MP233AAK3, STM32MP233AAL3, STM32MP233CAJ3, STM32MP233CAK3, STM32MP233CAL3, STM32MP233DAJ3, STM32MP233DAK3, STM32MP233DAL3, STM32MP233FAJ3, STM32MP233FAK3, STM32MP233FAL3, STM32MP235AAJ3, STM32MP235AAK3, STM32MP235AAL3, STM32MP235CAJ3, STM32MP235CAK3, STM32MP235CAL3, STM32MP235DAJ3, STM32MP235DAK3, STM32MP235DAL3, STM32MP235FAJ3, STM32MP235FAK3, STM32MP235FAL3, STM32MP251AAI3, STM32MP251AAK3, STM32MP251AAL3, STM32MP251CAI3, STM32MP251CAK3, STM32MP251CAL3, STM32MP251DAI3, STM32MP251DAK3, STM32MP251DAL3, STM32MP251FAI3, STM32MP251FAK3, STM32MP251FAL3, STM32MP253AAI3, STM32MP253AAK3, STM32MP253AAL3, STM32MP253CAI3, STM32MP253CAK3, STM32MP253CAL3, STM32MP253DAI3, STM32MP253DAK3, STM32MP253DAL3, STM32MP253FAI3, STM32MP253FAK3, STM32MP253FAL3, STM32MP255AAI3, STM32MP255AAK3, STM32MP255AAL3, STM32MP255CAI3, STM32MP255CAK3, STM32MP255CAL3, STM32MP255DAI3, STM32MP255DAK3, STM32MP255DAL3, STM32MP255FAI3, STM32MP255FAK3, STM32MP255FAL3, STM32MP257AAI3, STM32MP257AAK3, STM32MP257AAL3, STM32MP257CAI3, STM32MP257CAK3, STM32MP257CAL3, STM32MP257DAI3, STM32MP257DAK3, STM32MP257DAL3, STM32MP257F-DK, STM32MP257F-EV1, STM32MP257FAI3, STM32MP257FAK3, STM32MP257FAL3, STM32N645A0H3Q, STM32N645B0H3Q, STM32N645I0H3Q, STM32N645L0H3Q, STM32N645X0H3Q, STM32N645Z0H3Q, STM32N647A0H3Q, STM32N647B0H3Q, STM32N647I0H3Q, STM32N647L0H3Q, STM32N647X0H3Q, STM32N647Z0H3Q, STM32N655A0H3Q, STM32N655B0H3Q, STM32N655I0H3Q, STM32N655L0H3Q, STM32N655X0H3Q, STM32N655Z0H3Q, STM32N6570-DK, STM32N657A0H3Q, STM32N657B0H3Q, STM32N657I0H3Q, STM32N657L0H3Q, STM32N657X0H3Q, STM32N657Z0H3Q, STM32U031C6T6, STM32U031C6U6, STM32U031C8T6, STM32U031C8U6, STM32U031F4P6, STM32U031F6P6, STM32U031F8P6, STM32U031G6Y6TR, STM32U031G8Y6TR, STM32U031K4U6, STM32U031K6U6, STM32U031K8U6, STM32U031R6I6, STM32U031R6T6, STM32U031R8I6, STM32U031R8T6, STM32U073C8T6, STM32U073C8U6, STM32U073CBT6, STM32U073CBU6, STM32U073CCT6, STM32U073CCU6, STM32U073H8Y6TR, STM32U073HBY6TR, STM32U073HCY6TR, STM32U073K8U6, STM32U073KBU6, STM32U073KCU6, STM32U073M8I6, STM32U073M8T6, STM32U073MBI6, STM32U073MBT6, STM32U073MCI6, STM32U073MCT6, STM32U073R8I6, STM32U073R8T6, STM32U073RBI6, STM32U073RBT6, STM32U073RCI6, STM32U073RCT6, STM32U083C-DK, STM32U083CCT6, STM32U083CCU6, STM32U083HCY6TR, STM32U083KCU6, STM32U083MCI6, STM32U083MCT6, STM32U083RCI6, STM32U083RCT6, STM32U375CET6, STM32U375CET6Q, STM32U375CEU6, STM32U375CEU6Q, STM32U375CEY6QTR, STM32U375CGT6, STM32U375CGT6Q, STM32U375CGU6, STM32U375CGU6Q, STM32U375CGY6QTR, STM32U375KEU6, STM32U375KGU6, STM32U375REI6, STM32U375REI6Q, STM32U375RET6, STM32U375RET6Q, STM32U375REY6GTR, STM32U375REY6QTR, STM32U375RGI6, STM32U375RGI6Q, STM32U375RGT6, STM32U375RGT6Q, STM32U375RGY6GTR, STM32U375RGY6QTR, STM32U375VEI6, STM32U375VEI6Q, STM32U375VET6, STM32U375VET6Q, STM32U375VGI6, STM32U375VGI6Q, STM32U375VGT6, STM32U375VGT6Q, STM32U385CGT6, STM32U385CGT6Q, STM32U385CGU6, STM32U385CGU6Q, STM32U385CGY6QTR, STM32U385KGU6, STM32U385RGI6, STM32U385RGI6Q, STM32U385RGT6, STM32U385RGT6Q, STM32U385RGY6GTR, STM32U385RGY6QTR, STM32U385VGI6, STM32U385VGI6Q, STM32U385VGT6, STM32U385VGT6Q, STM32U535CBT6, STM32U535CBT6Q, STM32U535CBU6, STM32U535CBU6Q, STM32U535CCT6, STM32U535CCT6Q, STM32U535CCU6, STM32U535CCU6Q, STM32U535CET6, STM32U535CET6Q, STM32U535CEU6, STM32U535CEU6Q, STM32U535JEY6QTR, STM32U535NCY6QTR, STM32U535NEY6QTR, STM32U535RBI6, STM32U535RBI6Q, STM32U535RBT6, STM32U535RBT6Q, STM32U535RCI6, STM32U535RCI6Q, STM32U535RCT6, STM32U535RCT6Q, STM32U535REI6, STM32U535REI6Q, STM32U535RET6, STM32U535RET6Q, STM32U535VCI6, STM32U535VCI6Q, STM32U535VCT6, STM32U535VCT6Q, STM32U535VEI6, STM32U535VEI6Q, STM32U535VET6, STM32U535VET6Q, STM32U545CET6, STM32U545CET6Q, STM32U545CEU6, STM32U545CEU6Q, STM32U545JEY6QTR, STM32U545NEY6QTR, STM32U545REI6, STM32U545REI6Q, STM32U545RET6, STM32U545RET6Q, STM32U545VEI6, STM32U545VEI6Q, STM32U545VET6, STM32U545VET6Q, STM32U595AIH6, STM32U595AIH6Q, STM32U595AJH6, STM32U595AJH6Q, STM32U595QII6, STM32U595QII6Q, STM32U595QJI6, STM32U595QJI6Q, STM32U595RIT6, STM32U595RIT6Q, STM32U595RJT6, STM32U595RJT6Q, STM32U595VIT6, STM32U595VIT6Q, STM32U595VJT6, STM32U595VJT6Q, STM32U595ZIT6, STM32U595ZIT6Q, STM32U595ZIY6QTR, STM32U595ZJT6, STM32U595ZJT6Q, STM32U595ZJY6QTR, STM32U599BJY6QTR, STM32U599NIH6Q, STM32U599NJH6Q, STM32U599VIT6Q, STM32U599VJT6, STM32U599VJT6Q, STM32U599ZIT6Q, STM32U599ZIY6QTR, STM32U599ZJT6Q, STM32U599ZJY6QTR, STM32U5A5AJH6, STM32U5A5AJH6Q, STM32U5A5QII3Q , STM32U5A5QJI6, STM32U5A5QJI6Q, STM32U5A5RJT6, STM32U5A5RJT6Q, STM32U5A5VJT6, STM32U5A5VJT6Q, STM32U5A5ZJT6, STM32U5A5ZJT6Q, STM32U5A5ZJY6QTR, STM32U5A9BJY6QTR, STM32U5A9J-DK, STM32U5A9NJH6Q, STM32U5A9VJT6Q, STM32U5A9ZJT6Q, STM32U5A9ZJY6QTR, STM32U5F7VIT6, STM32U5F7VIT6Q, STM32U5F7VJT6, STM32U5F7VJT6Q, STM32U5F9BJY6QTR, STM32U5F9NJH6Q, STM32U5F9VIT6Q, STM32U5F9VJT6Q, STM32U5F9ZIJ6QTR, STM32U5F9ZIT6Q, STM32U5F9ZJJ6QTR, STM32U5F9ZJT6Q, STM32U5G7VJT6, STM32U5G7VJT6Q, STM32U5G9BJY6QTR, STM32U5G9J-DK1, STM32U5G9J-DK2, STM32U5G9NJH6Q, STM32U5G9VJT6Q, STM32U5G9ZJJ6QTR, STM32U5G9ZJT6Q, STM32WB05KZV6TR, STM32WB05KZV7TR, STM32WB05TZF6TR, STM32WB05TZF7TR, STM32WB06CCF6TR, STM32WB06CCF7TR, STM32WB06CCV6TR, STM32WB06CCV7TR, STM32WB06KCV6TR, STM32WB06KCV7TR, STM32WB07CCF6TR, STM32WB07CCF7TR, STM32WB07CCV6TR, STM32WB07CCV7TR, STM32WB07KCV6TR, STM32WB07KCV7TR, STM32WB09KEV6TR, STM32WB09KEV7TR, STM32WB09TEF6TR, STM32WB09TEF7TR, STM32WB1MMCH6, STM32WBA50KGU6, STM32WBA50KGU6TR, STM32WBA52CEU6, STM32WBA52CEU6TR, STM32WBA52CEU7, STM32WBA52CEU7TR, STM32WBA52CGU6, STM32WBA52CGU6TR, STM32WBA52CGU6U, STM32WBA52CGU7, STM32WBA52CGU7TR, STM32WBA52KEU6, STM32WBA52KEU6TR, STM32WBA52KGU6, STM32WBA52KGU6TR, STM32WBA54CEU6, STM32WBA54CEU6TR, STM32WBA54CEU7, STM32WBA54CEU7TR, STM32WBA54CGU6, STM32WBA54CGU6TR, STM32WBA54CGU7, STM32WBA54CGU7TR, STM32WBA54KEU6, STM32WBA54KEU6TR, STM32WBA54KEU7, STM32WBA54KEU7TR, STM32WBA54KGU6, STM32WBA54KGU6TR, STM32WBA54KGU7, STM32WBA54KGU7TR, STM32WBA55CEU6, STM32WBA55CEU6TR, STM32WBA55CEU7, STM32WBA55CEU7TR, STM32WBA55CGU6, STM32WBA55CGU6TR, STM32WBA55CGU6U, STM32WBA55CGU7, STM32WBA55CGU7TR, STM32WBA55G-DK1, STM32WBA55HEF6, STM32WBA55HEF7, STM32WBA55HGF6, STM32WBA55HGF7, STM32WBA55UEI6, STM32WBA55UEI6TR, STM32WBA55UEI7, STM32WBA55UEI7TR, STM32WBA55UGI6, STM32WBA55UGI6TR, STM32WBA55UGI7, STM32WBA55UGI7TR, STM32WBA5MMGH6TR, STM32WBA62MGF6, STM32WBA62MIF6, STM32WBA65MGF7, STM32WBA65MIF6, STM32WBA65MIF7, STM32WL30K8V6, STM32WL30KBV6, STM32WL31C8V6, STM32WL31CBV6, STM32WL31K8V6, STM32WL31KBV6, STM32WL33C8V6, STM32WL33C8V6X, STM32WL33CBV6, STM32WL33CBV6X, STM32WL33CCV6, STM32WL33CCV6A, STM32WL33CCV6X, STM32WL33K8V7, STM32WL33K8V7X, STM32WL33KBV7 , STM32WL33KBV7X, STM32WL33KCV7, STM32WL33KCV7X, STM32WL5MOCH6, STM32WL5MOCH6TR]
2026-04-14 15:15:52,220 [INFO] DbMcus:218 - Found 5055 MCUs, 4968 are supported
2026-04-14 15:15:52,221 [INFO] ApiDb:423 - Load user favorites file /Users/jaspertan/.stm32cubeide/favorites.mcus.txt: 1 item(s)
2026-04-14 15:15:52,221 [INFO] ApiDb:427 - User favorites MCUs=[STM32F042F6P6TR]
2026-04-14 15:15:52,221 [INFO] DbMcus:224 - Set 1 / 1 favorites MCUs
2026-04-14 15:15:52,583 [INFO] BoardInfo:889 - No configuration file found for board NUCLEO-H5E5ZJ
2026-04-14 15:15:52,590 [INFO] DbBoards:161 - Board is not supported: NUCLEO-H5E5ZJ
2026-04-14 15:15:52,621 [INFO] BoardInfo:889 - No configuration file found for board NUCLEO-U3C5ZI-Q
2026-04-14 15:15:52,622 [INFO] DbBoards:161 - Board is not supported: NUCLEO-U3C5ZI-Q
2026-04-14 15:15:52,629 [INFO] BoardInfo:889 - No configuration file found for board NUCLEO-WBA25CE1
2026-04-14 15:15:52,629 [INFO] DbBoards:161 - Board is not supported: NUCLEO-WBA25CE1
2026-04-14 15:15:52,634 [INFO] BoardInfo:889 - No configuration file found for board NUCLEO-WL3RKB1
2026-04-14 15:15:52,634 [INFO] DbBoards:161 - Board is not supported: NUCLEO-WL3RKB1
2026-04-14 15:15:52,634 [INFO] BoardInfo:889 - No configuration file found for board NUCLEO-WL3RKB2
2026-04-14 15:15:52,635 [INFO] DbBoards:161 - Board is not supported: NUCLEO-WL3RKB2
2026-04-14 15:15:52,638 [INFO] BoardInfo:889 - No configuration file found for board P-NUCLEO-WB55
2026-04-14 15:15:52,638 [INFO] DbBoards:161 - Kit is not supported: P-NUCLEO-WB55
2026-04-14 15:15:52,641 [INFO] BoardInfo:889 - No configuration file found for board STEVAL-BFA001V1B
2026-04-14 15:15:52,642 [INFO] DbBoards:161 - Kit is not supported: STEVAL-BFA001V1B
2026-04-14 15:15:52,642 [INFO] BoardInfo:889 - No configuration file found for board STEVAL-BFA001V2B
2026-04-14 15:15:52,642 [INFO] DbBoards:161 - Kit is not supported: STEVAL-BFA001V2B
2026-04-14 15:15:52,792 [INFO] BoardInfo:889 - No configuration file found for board STM32H5F5J-DK
2026-04-14 15:15:52,801 [INFO] DbBoards:161 - Board is not supported: STM32H5F5J-DK
2026-04-14 15:15:52,853 [INFO] DbBoards:168 - Found 218 boards, 209 are supported
2026-04-14 15:15:52,856 [INFO] DbBoards:169 - Found 218 boards, 43 of them is supported for  Bsp
2026-04-14 15:15:52,868 [INFO] ApiDb:423 - Load user favorites file /Users/jaspertan/.stm32cubeide/favorites.boards.txt: 2 item(s)
2026-04-14 15:15:52,869 [INFO] ApiDb:427 - User favorites Boards=[B-L475E-IOT01A1, NUCLEO-F446RE]
2026-04-14 15:15:52,870 [INFO] DbBoards:198 - Set 2 / 2 favorites Boards
2026-04-14 15:15:53,044 [INFO] UtilMem:75 - End LoadConfig() Used Memory: 891915272 Bytes (1073741824)
2026-04-14 15:15:53,241 [WARN] ThirdParty:833 - waiting for thirdparty lock release [change project]
2026-04-14 15:15:53,248 [INFO] ThirdParty:835 - entering critical section [change project]
2026-04-14 15:15:53,249 [INFO] ThirdParty:1030 - CMSIS Pack Vendor :STMicroelectronics X-CUBE-AZRTOS-H7 3.5.0
2026-04-14 15:15:53,250 [INFO] ThirdParty:1030 - CMSIS Pack Vendor :STMicroelectronics X-CUBE-PM33A1 1.0.0
2026-04-14 15:15:53,250 [INFO] ThirdParty:1030 - CMSIS Pack Vendor :STMicroelectronics USBPD 4.1
2026-04-14 15:15:53,250 [INFO] ThirdParty:1030 - CMSIS Pack Vendor :STMicroelectronics USB_HOST 2.0.0
2026-04-14 15:15:53,250 [INFO] ThirdParty:1030 - CMSIS Pack Vendor :STMicroelectronics FP-SNS-MOTENVWB1 1.4.0
2026-04-14 15:15:53,250 [INFO] ThirdParty:1030 - CMSIS Pack Vendor :STMicroelectronics X-CUBE-AZRTOS-F4 1.1.0
2026-04-14 15:15:53,250 [INFO] ThirdParty:1030 - CMSIS Pack Vendor :STMicroelectronics LIBJPEG 8.0.0
2026-04-14 15:15:53,250 [INFO] ThirdParty:1030 - CMSIS Pack Vendor :STMicroelectronics FP-ATR-ASTRA1 2.0.2
2026-04-14 15:15:53,250 [INFO] ThirdParty:1030 - CMSIS Pack Vendor :Avnet-IotConnect X-CUBE-IoTC-DA16k-PMOD 1.0.0
2026-04-14 15:15:53,250 [INFO] ThirdParty:1030 - CMSIS Pack Vendor :STMicroelectronics X-CUBE-SMBUS 2.1.0
2026-04-14 15:15:53,250 [INFO] ThirdParty:1030 - CMSIS Pack Vendor :STMicroelectronics X-CUBE-ISPU 2.1.0
2026-04-14 15:15:53,250 [INFO] ThirdParty:1030 - CMSIS Pack Vendor :STMicroelectronics X-CUBE-IPS 3.2.0
2026-04-14 15:15:53,250 [INFO] ThirdParty:1030 - CMSIS Pack Vendor :STMicroelectronics eDS-WB_DPC_TT-BIDIR 2.1.1
2026-04-14 15:15:53,250 [INFO] ThirdParty:1030 - CMSIS Pack Vendor :STMicroelectronics X-CUBE-ST60 1.0.0
2026-04-14 15:15:53,250 [INFO] ThirdParty:1030 - CMSIS Pack Vendor :STMicroelectronics X-CUBE-NFC12 1.0.0
2026-04-14 15:15:53,250 [INFO] ThirdParty:1030 - CMSIS Pack Vendor :STMicroelectronics X-CUBE-AZRTOS-F7 1.1.0
2026-04-14 15:15:53,250 [INFO] ThirdParty:1030 - CMSIS Pack Vendor :STMicroelectronics X-CUBE-AZRTOS-L5 2.0.0
2026-04-14 15:15:53,250 [INFO] ThirdParty:1030 - CMSIS Pack Vendor :STMicroelectronics USB_DEVICE 2.0.0
2026-04-14 15:15:53,250 [INFO] ThirdParty:1030 - CMSIS Pack Vendor :STMicroelectronics X-CUBE-NFC6 3.1.0
2026-04-14 15:15:53,250 [INFO] ThirdParty:1030 - CMSIS Pack Vendor :STMicroelectronics FP-SNS-MOTENV1 5.1.0
2026-04-14 15:15:53,250 [INFO] ThirdParty:1030 - CMSIS Pack Vendor :STMicroelectronics FreeRTOS 0.0.1
2026-04-14 15:15:53,250 [INFO] ThirdParty:1030 - CMSIS Pack Vendor :STMicroelectronics eDS-WB_DPC_VIENNA 1.2.0
2026-04-14 15:15:53,250 [INFO] ThirdParty:1030 - CMSIS Pack Vendor :STMicroelectronics eDS-WB_DPC_3PH2L-BIDIR 1.1.1
2026-04-14 15:15:53,250 [INFO] ThirdParty:1030 - CMSIS Pack Vendor :Infineon AIROC-Wi-Fi-Bluetooth-STM32 1.7.0
2026-04-14 15:15:53,250 [INFO] ThirdParty:1030 - CMSIS Pack Vendor :STMicroelectronics PDM2PCM 3.3.0
2026-04-14 15:15:53,250 [INFO] ThirdParty:1030 - CMSIS Pack Vendor :STMicroelectronics X-CUBE-AZRTOS-H7 3.4.0
2026-04-14 15:15:53,250 [INFO] ThirdParty:1030 - CMSIS Pack Vendor :STMicroelectronics X-CUBE-DISPLAY 3.0.0
2026-04-14 15:15:53,250 [INFO] ThirdParty:1030 - CMSIS Pack Vendor :STMicroelectronics FP-SNS-MOTENVWB1 1.5.0
2026-04-14 15:15:53,250 [INFO] ThirdParty:1030 - CMSIS Pack Vendor :STMicroelectronics X-CUBE-NFC10 1.0.0
2026-04-14 15:15:53,250 [INFO] ThirdParty:1030 - CMSIS Pack Vendor :STMicroelectronics X-CUBE-BLEMGR 4.0.0
2026-04-14 15:15:53,250 [INFO] ThirdParty:1030 - CMSIS Pack Vendor :STMicroelectronics X-CUBE-FREERTOS 1.3.1
2026-04-14 15:15:53,250 [INFO] ThirdParty:1030 - CMSIS Pack Vendor :STMicroelectronics HAL Drivers 0.0.0
2026-04-14 15:15:53,250 [INFO] ThirdParty:1030 - CMSIS Pack Vendor :STMicroelectronics X-CUBE-ST60 1.1.0
2026-04-14 15:15:53,250 [INFO] ThirdParty:1030 - CMSIS Pack Vendor :emotas I-CUBE-CANOPEN 1.3.0
2026-04-14 15:15:53,250 [INFO] ThirdParty:1030 - CMSIS Pack Vendor :STMicroelectronics X-CUBE-FREERTOS 1.3.0
2026-04-14 15:15:53,250 [INFO] ThirdParty:1030 - CMSIS Pack Vendor :STMicroelectronics X-CUBE-NFC7 1.0.1
2026-04-14 15:15:53,250 [INFO] ThirdParty:1030 - CMSIS Pack Vendor :STMicroelectronics MBEDTLS 2.14.1
2026-04-14 15:15:53,250 [INFO] ThirdParty:1030 - CMSIS Pack Vendor :STMicroelectronics X-CUBE-GNSS1 7.1.0
2026-04-14 15:15:53,250 [INFO] ThirdParty:1030 - CMSIS Pack Vendor :STMicroelectronics X-CUBE-TOUCHGFX 4.26.0
2026-04-14 15:15:53,250 [INFO] ThirdParty:1030 - CMSIS Pack Vendor :STMicroelectronics X-CUBE-TOUCHGFX 4.26.1
2026-04-14 15:15:53,250 [INFO] ThirdParty:1030 - CMSIS Pack Vendor :quantropi X-CUBE-qispace-sdk-base 2.0.0
2026-04-14 15:15:53,250 [INFO] ThirdParty:1030 - CMSIS Pack Vendor :STMicroelectronics X-CUBE-AI 10.0.0
2026-04-14 15:15:53,250 [INFO] ThirdParty:1030 - CMSIS Pack Vendor :STMicroelectronics FP-SNS-STBOX1 2.1.0
2026-04-14 15:15:53,250 [INFO] ThirdParty:1030 - CMSIS Pack Vendor :STMicroelectronics FP-SNS-STAIOTCFT 1.0.0
2026-04-14 15:15:53,251 [INFO] ThirdParty:1030 - CMSIS Pack Vendor :STMicroelectronics FP-SNS-SMARTAG2 1.2.0
2026-04-14 15:15:53,251 [INFO] ThirdParty:1030 - CMSIS Pack Vendor :STMicroelectronics FP-SNS-FLIGHT1 5.1.0
2026-04-14 15:15:53,252 [INFO] ThirdParty:1030 - CMSIS Pack Vendor :STMicroelectronics X-CUBE-AZRTOS-WL 2.0.0
2026-04-14 15:15:53,252 [INFO] ThirdParty:1030 - CMSIS Pack Vendor :STMicroelectronics X-CUBE-DPower 1.3.0
2026-04-14 15:15:53,252 [INFO] ThirdParty:1030 - CMSIS Pack Vendor :STMicroelectronics FP-SNS-MOTENV1 5.0.0
2026-04-14 15:15:53,252 [INFO] ThirdParty:1030 - CMSIS Pack Vendor :STMicroelectronics USB_DEVICE 1.0.0
2026-04-14 15:15:53,252 [INFO] ThirdParty:1030 - CMSIS Pack Vendor :STMicroelectronics X-CUBE-AZRTOS-H7RS 1.2.0
2026-04-14 15:15:53,252 [INFO] ThirdParty:1030 - CMSIS Pack Vendor :STMicroelectronics X-CUBE-AZRTOS-L4 2.0.0
2026-04-14 15:15:53,252 [INFO] ThirdParty:1030 - CMSIS Pack Vendor :STMicroelectronics ThreadX 0.0.2
2026-04-14 15:15:53,252 [INFO] ThirdParty:1030 - CMSIS Pack Vendor :WES I-CUBE-Cesium 1.3.0
2026-04-14 15:15:53,252 [INFO] ThirdParty:1030 - CMSIS Pack Vendor :STMicroelectronics lwIP 2.1.2
2026-04-14 15:15:53,252 [INFO] ThirdParty:1030 - CMSIS Pack Vendor :STMicroelectronics X-CUBE-SFXS2LP1 4.0.0
2026-04-14 15:15:53,252 [INFO] ThirdParty:1030 - CMSIS Pack Vendor :STMicroelectronics X-CUBE-BLE2 3.3.0
2026-04-14 15:15:53,252 [INFO] ThirdParty:1030 - CMSIS Pack Vendor :Avnet-IOTCONNECT X-CUBE-iotc-st67-sdk 1.0.0
2026-04-14 15:15:53,252 [INFO] ThirdParty:1030 - CMSIS Pack Vendor :STMicroelectronics PDM2PCM 3.2.0
2026-04-14 15:15:53,252 [INFO] ThirdParty:1030 - CMSIS Pack Vendor :STMicroelectronics X-CUBE-WB05N 2.1.0
2026-04-14 15:15:53,252 [INFO] ThirdParty:1030 - CMSIS Pack Vendor :STMicroelectronics X-CUBE-ST67W61 1.2.0
2026-04-14 15:15:53,252 [INFO] ThirdParty:1030 - CMSIS Pack Vendor :STMicroelectronics X-CUBE-AZRTOS-H7 3.3.0
2026-04-14 15:15:53,252 [INFO] ThirdParty:1030 - CMSIS Pack Vendor :STMicroelectronics X-CUBE-NFC9 1.0.0
2026-04-14 15:15:53,252 [INFO] ThirdParty:1030 - CMSIS Pack Vendor :STMicroelectronics X-CUBE-BLE1 7.1.0
2026-04-14 15:15:53,257 [INFO] ThirdParty:1030 - CMSIS Pack Vendor :wolfSSL I-CUBE-wolfMQTT 1.19.2
2026-04-14 15:15:53,259 [INFO] ThirdParty:1030 - CMSIS Pack Vendor :STMicroelectronics USB_DEVICE 3.0.0
2026-04-14 15:15:53,259 [INFO] ThirdParty:1030 - CMSIS Pack Vendor :STMicroelectronics X-CUBE-FREERTOS 1.4.0
2026-04-14 15:15:53,259 [INFO] ThirdParty:1030 - CMSIS Pack Vendor :STMicroelectronics X-CUBE-EEPRMA1 5.2.0
2026-04-14 15:15:53,259 [INFO] ThirdParty:1030 - CMSIS Pack Vendor :STMicroelectronics X-CUBE-BLEMGR 4.1.0
2026-04-14 15:15:53,259 [INFO] ThirdParty:1030 - CMSIS Pack Vendor :STMicroelectronics X-CUBE-AZRTOS-WB 2.0.0
2026-04-14 15:15:53,259 [INFO] ThirdParty:1030 - CMSIS Pack Vendor :STMicroelectronics X-CUBE-GNSS1 7.0.1
2026-04-14 15:15:53,259 [INFO] ThirdParty:1030 - CMSIS Pack Vendor :STMicroelectronics X-CUBE-TOUCHGFX 4.25.0
2026-04-14 15:15:53,259 [INFO] ThirdParty:1030 - CMSIS Pack Vendor :STMicroelectronics X-CUBE-ST67W61 1.1.0
2026-04-14 15:15:53,259 [INFO] ThirdParty:1030 - CMSIS Pack Vendor :STMicroelectronics X-CUBE-AI 10.1.0
2026-04-14 15:15:53,259 [INFO] ThirdParty:1030 - CMSIS Pack Vendor :STMicroelectronics FP-SNS-STBOX1 2.0.0
2026-04-14 15:15:53,259 [INFO] ThirdParty:1030 - CMSIS Pack Vendor :STMicroelectronics X-CUBE-MEMS1 12.0.0
2026-04-14 15:15:53,259 [INFO] ThirdParty:1030 - CMSIS Pack Vendor :STMicroelectronics X-CUBE-STSE01 2.0.0
2026-04-14 15:15:53,259 [INFO] ThirdParty:1030 - CMSIS Pack Vendor :STMicroelectronics X-CUBE-MEMS1 11.2.0
2026-04-14 15:15:53,259 [INFO] ThirdParty:1030 - CMSIS Pack Vendor :STMicroelectronics X-CUBE-AZRTOS-G0 1.1.0
2026-04-14 15:15:53,259 [INFO] ThirdParty:1030 - CMSIS Pack Vendor :STMicroelectronics X-CUBE-SAFEA1 1.2.2
2026-04-14 15:15:53,259 [INFO] ThirdParty:1030 - CMSIS Pack Vendor :STMicroelectronics X-CUBE-NFC4 3.0.0
2026-04-14 15:15:53,259 [INFO] ThirdParty:1030 - CMSIS Pack Vendor :STMicroelectronics X-CUBE-SUBG2 5.0.0
2026-04-14 15:15:53,259 [INFO] ThirdParty:1030 - CMSIS Pack Vendor :STMicroelectronics X-CUBE-AZRTOS-H7RS 1.1.0
2026-04-14 15:15:53,259 [INFO] ThirdParty:1030 - CMSIS Pack Vendor :STMicroelectronics STM32_WPAN 1.0.0
2026-04-14 15:15:53,259 [INFO] ThirdParty:1030 - CMSIS Pack Vendor :EmbeddedOffice I-CUBE-FS-RTOS 1.0.1
2026-04-14 15:15:53,259 [INFO] ThirdParty:1030 - CMSIS Pack Vendor :STMicroelectronics lwIP 2.0.3
2026-04-14 15:15:53,259 [INFO] ThirdParty:1030 - CMSIS Pack Vendor :Cesanta I-CUBE-Mongoose 7.13.0
2026-04-14 15:15:53,259 [INFO] ThirdParty:1030 - CMSIS Pack Vendor :STMicroelectronics USB_HOST 1.0.0
2026-04-14 15:15:53,260 [INFO] ThirdParty:1030 - CMSIS Pack Vendor :STMicroelectronics X-CUBE-AZRTOS-G4 2.0.0
2026-04-14 15:15:53,260 [INFO] ThirdParty:1030 - CMSIS Pack Vendor :STMicroelectronics X-CUBE-WB05N 2.0.0
2026-04-14 15:15:53,260 [INFO] ThirdParty:1030 - CMSIS Pack Vendor :STMicroelectronics PDM2PCM 3.1.0
2026-04-14 15:15:53,260 [INFO] ThirdParty:1030 - CMSIS Pack Vendor :wolfSSL I-CUBE-wolfTPM 3.8.0
2026-04-14 15:15:53,260 [INFO] ThirdParty:1030 - CMSIS Pack Vendor :wolfSSL I-CUBE-wolfSSH 1.4.20
2026-04-14 15:15:53,260 [INFO] ThirdParty:1030 - CMSIS Pack Vendor :STMicroelectronics X-CUBE-NFC7 2.0.0
2026-04-14 15:15:53,260 [INFO] ThirdParty:1030 - CMSIS Pack Vendor :STMicroelectronics X-CUBE-TCPP 4.2.0
2026-04-14 15:15:53,260 [INFO] ThirdParty:1030 - CMSIS Pack Vendor :RealThread X-CUBE-RT-Thread_Nano 4.1.1
2026-04-14 15:15:53,260 [INFO] ThirdParty:1030 - CMSIS Pack Vendor :STMicroelectronics FP-ATR-SIGFOX1 3.2.0
2026-04-14 15:15:53,260 [INFO] ThirdParty:1030 - CMSIS Pack Vendor :STMicroelectronics X-CUBE-EEPRMA1 5.1.0
2026-04-14 15:15:53,260 [INFO] ThirdParty:1030 - CMSIS Pack Vendor :STMicroelectronics X-CUBE-FREERTOS 1.5.0
2026-04-14 15:15:53,260 [INFO] ThirdParty:1030 - CMSIS Pack Vendor :STMicroelectronics MBEDTLS 2.16.2
2026-04-14 15:15:53,260 [INFO] ThirdParty:1030 - CMSIS Pack Vendor :STMicroelectronics X-CUBE-IPS 3.1.0
2026-04-14 15:15:53,260 [INFO] ThirdParty:1030 - CMSIS Pack Vendor :STMicroelectronics X-CUBE-ALS 1.0.2
2026-04-14 15:15:53,260 [INFO] ThirdParty:1030 - CMSIS Pack Vendor :wolfSSL I-CUBE-wolfSSL 5.7.6
2026-04-14 15:15:53,260 [INFO] ThirdParty:1030 - CMSIS Pack Vendor :ITTIA_DB I-CUBE-ITTIADB 8.9.0
2026-04-14 15:15:53,260 [INFO] ThirdParty:1030 - CMSIS Pack Vendor :STMicroelectronics X-CUBE-STSE01 1.0.0
2026-04-14 15:15:53,260 [INFO] ThirdParty:1030 - CMSIS Pack Vendor :portGmbH I-Cube-SoM-uGOAL 1.1.0
2026-04-14 15:15:53,260 [INFO] ThirdParty:1030 - CMSIS Pack Vendor :STMicroelectronics X-CUBE-NFC6 3.2.0
2026-04-14 15:15:53,261 [INFO] ThirdParty:1030 - CMSIS Pack Vendor :STMicroelectronics X-CUBE-ST67W61 1.0.0
2026-04-14 15:15:53,261 [INFO] ThirdParty:1030 - CMSIS Pack Vendor :STMicroelectronics X-CUBE-AI 10.2.0
2026-04-14 15:15:53,261 [INFO] ThirdParty:1030 - CMSIS Pack Vendor :STMicroelectronics ThreadX 1.0.0
2026-04-14 15:15:53,261 [INFO] ThirdParty:1030 - CMSIS Pack Vendor :SEGGER I-CUBE-embOS 1.3.1
2026-04-14 15:15:53,261 [INFO] ThirdParty:1030 - CMSIS Pack Vendor :STMicroelectronics X-CUBE-ALGOBUILD 1.4.0
2026-04-14 15:15:53,261 [INFO] ThirdParty:1030 - CMSIS Pack Vendor :STMicroelectronics X-CUBE-MEMS1 11.3.0
2026-04-14 15:15:53,261 [INFO] ThirdParty:1030 - CMSIS Pack Vendor :STMicroelectronics X-CUBE-TOF1 3.4.3
2026-04-14 15:15:53,264 [INFO] ThirdParty:841 - exiting critical section [change project]
2026-04-14 15:15:53,846 [INFO] PinOutPanel:1589 - setPackage(No Configuration,No Configuration)
2026-04-14 15:15:53,854 [INFO] PinOutPanel:1589 - setPackage(STM32F042F6Px,TSSOP20)
2026-04-14 15:15:54,588 [INFO] UtilMem:75 - Before build in PCC Used Memory: 878706688 Bytes (1073741824)
2026-04-14 15:15:55,269 [INFO] UtilMem:75 - After build in PCC Used Memory: 783713880 Bytes (1073741824)
2026-04-14 15:15:55,306 [INFO] ApiDbMcu:532 - Load IP Config File for USB_DEVICE
2026-04-14 15:15:55,344 [INFO] IPUIPlugin:80 - create IPUIPlugin
2026-04-14 15:15:55,346 [INFO] IPUIPlugin:80 - create IPUIPlugin
2026-04-14 15:15:55,347 [INFO] IPUIPlugin:80 - create IPUIPlugin
2026-04-14 15:15:55,347 [INFO] IPUIPlugin:80 - create IPUIPlugin
2026-04-14 15:15:55,347 [INFO] IPUIPlugin:80 - create IPUIPlugin
2026-04-14 15:15:55,347 [INFO] IPUIPlugin:80 - create IPUIPlugin
2026-04-14 15:15:55,347 [INFO] IPUIPlugin:80 - create IPUIPlugin
2026-04-14 15:15:55,347 [INFO] IPUIPlugin:80 - create IPUIPlugin
2026-04-14 15:15:55,347 [INFO] IPUIPlugin:80 - create IPUIPlugin
2026-04-14 15:15:55,348 [INFO] IPUIPlugin:80 - create IPUIPlugin
2026-04-14 15:15:55,348 [INFO] IPUIPlugin:80 - create IPUIPlugin
2026-04-14 15:15:55,348 [INFO] IPUIPlugin:80 - create IPUIPlugin
2026-04-14 15:15:55,348 [INFO] IPUIPlugin:80 - create IPUIPlugin
2026-04-14 15:15:55,348 [INFO] IPUIPlugin:80 - create IPUIPlugin
2026-04-14 15:15:55,348 [INFO] IPUIPlugin:80 - create IPUIPlugin
2026-04-14 15:15:55,348 [INFO] IPUIPlugin:80 - create IPUIPlugin
2026-04-14 15:15:55,349 [INFO] IPUIPlugin:80 - create IPUIPlugin
2026-04-14 15:15:55,349 [INFO] IPUIPlugin:80 - create IPUIPlugin
2026-04-14 15:15:55,349 [INFO] IPUIPlugin:80 - create IPUIPlugin
2026-04-14 15:15:55,349 [INFO] IPUIPlugin:80 - create IPUIPlugin
2026-04-14 15:15:55,349 [INFO] IPUIPlugin:80 - create IPUIPlugin
2026-04-14 15:15:55,349 [INFO] IPUIPlugin:80 - create IPUIPlugin
2026-04-14 15:15:55,349 [INFO] IPUIPlugin:80 - create IPUIPlugin
2026-04-14 15:15:55,350 [INFO] IPUIPlugin:80 - create IPUIPlugin
2026-04-14 15:15:55,350 [INFO] IPUIPlugin:80 - create IPUIPlugin
2026-04-14 15:15:55,350 [INFO] IPUIPlugin:80 - create IPUIPlugin
2026-04-14 15:15:55,350 [INFO] IPUIPlugin:80 - create IPUIPlugin
2026-04-14 15:15:55,350 [INFO] IPUIPlugin:80 - create IPUIPlugin
2026-04-14 15:15:55,350 [INFO] IPUIPlugin:80 - create IPUIPlugin
2026-04-14 15:15:55,350 [INFO] IPUIPlugin:80 - create IPUIPlugin
2026-04-14 15:15:55,543 [INFO] CADModel:165 - CPN selected for project levelSTM32F042F6P6TR
2026-04-14 15:15:55,543 [INFO] CADModel:114 - Register for checkConnection events
2026-04-14 15:15:55,589 [INFO] OpenFileManager:386 - Restore cursor
2026-04-14 15:35:16,209 [INFO] UtilMem:75 - End SaveConfig() Used Memory: 906018672 Bytes (1073741824)
2026-04-14 15:35:16,355 [INFO] UtilMem:75 - End SaveConfig() Used Memory: 917553008 Bytes (1073741824)
2026-04-14 15:35:21,754 [INFO] UtilMem:75 - End SaveConfig() Used Memory: 964721472 Bytes (1073741824)
2026-04-14 15:35:23,350 [INFO] BlockDiagram:2775 - set Specific Code input for plugin: ADC
2026-04-14 15:35:23,356 [INFO] BlockDiagram:2775 - set Specific Code input for plugin: NVIC
2026-04-14 15:35:23,357 [INFO] BlockDiagram:2775 - set Specific Code input for plugin: TIM1_8F0
2026-04-14 15:35:23,357 [INFO] BlockDiagram:2775 - set Specific Code input for plugin: USB_DEVICE
2026-04-14 15:35:23,357 [INFO] BlockDiagram:2775 - set Specific Code input for plugin: USB
2026-04-14 15:35:23,357 [INFO] BlockDiagram:2775 - set Specific Code input for plugin: SYS
2026-04-14 15:35:23,358 [INFO] BlockDiagram:2775 - set Specific Code input for plugin: GPIO
2026-04-14 15:35:23,358 [INFO] BlockDiagram:2775 - set Specific Code input for plugin: RCC
2026-04-14 15:35:23,358 [INFO] CodeGenerator:892 - code generatio: config db path: /Applications/STM32CubeIDE.app/Contents/Eclipse/plugins/com.st.stm32cube.common.mx_6.15.0.202507011659//db/
2026-04-14 15:35:23,636 [INFO] CodeEngine:265 - oldGeneratedFile, /Users/jaspertan/Desktop/SCU/MECH208/Final_Project/Code/STM32_Code/tilt_plate/MXTmpFiles/license.tmp_save
2026-04-14 15:35:24,037 [INFO] CodeEngine:289 - Generated code: /Users/jaspertan/Desktop/SCU/MECH208/Final_Project/Code/STM32_Code/tilt_plate/MXTmpFiles/license.tmp
2026-04-14 15:35:24,138 [INFO] CodeEngine:265 - oldGeneratedFile, /Users/jaspertan/Desktop/SCU/MECH208/Final_Project/Code/STM32_Code/tilt_plate/MXTmpFiles/gpio.tmp_save
2026-04-14 15:35:24,293 [INFO] CodeEngine:289 - Generated code: /Users/jaspertan/Desktop/SCU/MECH208/Final_Project/Code/STM32_Code/tilt_plate/MXTmpFiles/gpio.tmp
2026-04-14 15:35:24,432 [INFO] CodeEngine:265 - oldGeneratedFile, /Users/jaspertan/Desktop/SCU/MECH208/Final_Project/Code/STM32_Code/tilt_plate/MXTmpFiles/usb_vars.tmp_save
2026-04-14 15:35:24,515 [INFO] CodeEngine:289 - Generated code: /Users/jaspertan/Desktop/SCU/MECH208/Final_Project/Code/STM32_Code/tilt_plate/MXTmpFiles/usb_vars.tmp
2026-04-14 15:35:24,517 [INFO] CodeEngine:265 - oldGeneratedFile, /Users/jaspertan/Desktop/SCU/MECH208/Final_Project/Code/STM32_Code/tilt_plate/MXTmpFiles/usb_inc.tmp_save
2026-04-14 15:35:24,565 [INFO] CodeEngine:289 - Generated code: /Users/jaspertan/Desktop/SCU/MECH208/Final_Project/Code/STM32_Code/tilt_plate/MXTmpFiles/usb_inc.tmp
2026-04-14 15:35:24,566 [INFO] CodeEngine:265 - oldGeneratedFile, /Users/jaspertan/Desktop/SCU/MECH208/Final_Project/Code/STM32_Code/tilt_plate/MXTmpFiles/usb_HalInit.tmp_save
2026-04-14 15:35:24,639 [INFO] CodeEngine:289 - Generated code: /Users/jaspertan/Desktop/SCU/MECH208/Final_Project/Code/STM32_Code/tilt_plate/MXTmpFiles/usb_HalInit.tmp
2026-04-14 15:35:24,643 [INFO] CodeEngine:265 - oldGeneratedFile, /Users/jaspertan/Desktop/SCU/MECH208/Final_Project/Code/STM32_Code/tilt_plate/MXTmpFiles/usb_Msp.tmp_save
2026-04-14 15:35:24,725 [INFO] CodeEngine:289 - Generated code: /Users/jaspertan/Desktop/SCU/MECH208/Final_Project/Code/STM32_Code/tilt_plate/MXTmpFiles/usb_Msp.tmp
2026-04-14 15:35:24,895 [INFO] Middleware:1452 - No code input for Bsp Dependency
2026-04-14 15:35:24,907 [INFO] Middleware:1452 - No code input for Bsp Dependency
2026-04-14 15:35:24,911 [INFO] CodeEngine:265 - oldGeneratedFile, /Users/jaspertan/Desktop/SCU/MECH208/Final_Project/Code/STM32_Code/tilt_plate/USB_DEVICE/App/usb_device.c_save
2026-04-14 15:35:25,041 [INFO] CodeEngine:289 - Generated code: /Users/jaspertan/Desktop/SCU/MECH208/Final_Project/Code/STM32_Code/tilt_plate/USB_DEVICE/App/usb_device.c
2026-04-14 15:35:25,043 [INFO] CodeEngine:265 - oldGeneratedFile, /Users/jaspertan/Desktop/SCU/MECH208/Final_Project/Code/STM32_Code/tilt_plate/USB_DEVICE/App/usb_device.h_save
2026-04-14 15:35:25,110 [INFO] CodeEngine:289 - Generated code: /Users/jaspertan/Desktop/SCU/MECH208/Final_Project/Code/STM32_Code/tilt_plate/USB_DEVICE/App/usb_device.h
2026-04-14 15:35:25,112 [INFO] CodeEngine:265 - oldGeneratedFile, /Users/jaspertan/Desktop/SCU/MECH208/Final_Project/Code/STM32_Code/tilt_plate/USB_DEVICE/Target/usbd_conf.h_save
2026-04-14 15:35:25,156 [INFO] CodeEngine:289 - Generated code: /Users/jaspertan/Desktop/SCU/MECH208/Final_Project/Code/STM32_Code/tilt_plate/USB_DEVICE/Target/usbd_conf.h
2026-04-14 15:35:25,158 [INFO] CodeEngine:265 - oldGeneratedFile, /Users/jaspertan/Desktop/SCU/MECH208/Final_Project/Code/STM32_Code/tilt_plate/USB_DEVICE/Target/usbd_conf.c_save
2026-04-14 15:35:25,214 [INFO] CodeEngine:289 - Generated code: /Users/jaspertan/Desktop/SCU/MECH208/Final_Project/Code/STM32_Code/tilt_plate/USB_DEVICE/Target/usbd_conf.c
2026-04-14 15:35:25,216 [INFO] CodeEngine:265 - oldGeneratedFile, /Users/jaspertan/Desktop/SCU/MECH208/Final_Project/Code/STM32_Code/tilt_plate/USB_DEVICE/App/usbd_desc.h_save
2026-04-14 15:35:25,261 [INFO] CodeEngine:289 - Generated code: /Users/jaspertan/Desktop/SCU/MECH208/Final_Project/Code/STM32_Code/tilt_plate/USB_DEVICE/App/usbd_desc.h
2026-04-14 15:35:25,263 [INFO] CodeEngine:265 - oldGeneratedFile, /Users/jaspertan/Desktop/SCU/MECH208/Final_Project/Code/STM32_Code/tilt_plate/USB_DEVICE/App/usbd_desc.c_save
2026-04-14 15:35:25,306 [INFO] CodeEngine:289 - Generated code: /Users/jaspertan/Desktop/SCU/MECH208/Final_Project/Code/STM32_Code/tilt_plate/USB_DEVICE/App/usbd_desc.c
2026-04-14 15:35:25,308 [INFO] CodeEngine:265 - oldGeneratedFile, /Users/jaspertan/Desktop/SCU/MECH208/Final_Project/Code/STM32_Code/tilt_plate/USB_DEVICE/App/usbd_cdc_if.h_save
2026-04-14 15:35:25,347 [INFO] CodeEngine:289 - Generated code: /Users/jaspertan/Desktop/SCU/MECH208/Final_Project/Code/STM32_Code/tilt_plate/USB_DEVICE/App/usbd_cdc_if.h
2026-04-14 15:35:25,351 [INFO] CodeEngine:265 - oldGeneratedFile, /Users/jaspertan/Desktop/SCU/MECH208/Final_Project/Code/STM32_Code/tilt_plate/USB_DEVICE/App/usbd_cdc_if.c_save
2026-04-14 15:35:25,420 [INFO] CodeEngine:289 - Generated code: /Users/jaspertan/Desktop/SCU/MECH208/Final_Project/Code/STM32_Code/tilt_plate/USB_DEVICE/App/usbd_cdc_if.c
2026-04-14 15:35:25,426 [INFO] CodeEngine:265 - oldGeneratedFile, /Users/jaspertan/Desktop/SCU/MECH208/Final_Project/Code/STM32_Code/tilt_plate/Core/Src/stm32f0xx_it.c_save
2026-04-14 15:35:25,508 [INFO] CodeEngine:289 - Generated code: /Users/jaspertan/Desktop/SCU/MECH208/Final_Project/Code/STM32_Code/tilt_plate/Core/Src/stm32f0xx_it.c
2026-04-14 15:35:25,509 [INFO] CodeEngine:265 - oldGeneratedFile, /Users/jaspertan/Desktop/SCU/MECH208/Final_Project/Code/STM32_Code/tilt_plate/Core/Inc/stm32f0xx_it.h_save
2026-04-14 15:35:25,549 [INFO] CodeEngine:289 - Generated code: /Users/jaspertan/Desktop/SCU/MECH208/Final_Project/Code/STM32_Code/tilt_plate/Core/Inc/stm32f0xx_it.h
2026-04-14 15:35:25,562 [INFO] CodeEngine:265 - oldGeneratedFile, /Users/jaspertan/Desktop/SCU/MECH208/Final_Project/Code/STM32_Code/tilt_plate/Core/Src/stm32f0xx_hal_msp.c_save
2026-04-14 15:35:25,664 [INFO] CodeEngine:289 - Generated code: /Users/jaspertan/Desktop/SCU/MECH208/Final_Project/Code/STM32_Code/tilt_plate/Core/Src/stm32f0xx_hal_msp.c
2026-04-14 15:35:25,666 [INFO] CodeEngine:265 - oldGeneratedFile, /Users/jaspertan/Desktop/SCU/MECH208/Final_Project/Code/STM32_Code/tilt_plate/MXTmpFiles/system.tmp_save
2026-04-14 15:35:25,704 [INFO] CodeEngine:289 - Generated code: /Users/jaspertan/Desktop/SCU/MECH208/Final_Project/Code/STM32_Code/tilt_plate/MXTmpFiles/system.tmp
2026-04-14 15:35:25,709 [INFO] CodeEngine:321 - oldGeneratedFile, /Users/jaspertan/Desktop/SCU/MECH208/Final_Project/Code/STM32_Code/tilt_plate/Core/Inc/stm32f0xx_hal_conf.h_save
2026-04-14 15:35:25,750 [INFO] CodeEngine:345 - Generated code: /Users/jaspertan/Desktop/SCU/MECH208/Final_Project/Code/STM32_Code/tilt_plate/Core/Inc/stm32f0xx_hal_conf.h
2026-04-14 15:35:25,795 [INFO] ApiDbMcu:532 - Load IP Config File for ADC
2026-04-14 15:35:25,802 [INFO] ApiDbMcu:532 - Load IP Config File for TIM16
2026-04-14 15:35:25,809 [INFO] ApiDbMcu:532 - Load IP Config File for RCC
2026-04-14 15:35:25,817 [WARN] IPConfigManager:3811 - IP not found : TIM
2026-04-14 15:35:25,817 [WARN] CodeGenerator:4259 - IP not found : null
2026-04-14 15:35:25,820 [INFO] CodeEngine:265 - oldGeneratedFile, /Users/jaspertan/Desktop/SCU/MECH208/Final_Project/Code/STM32_Code/tilt_plate/Core/Inc/main.h_save
2026-04-14 15:35:25,881 [INFO] CodeEngine:289 - Generated code: /Users/jaspertan/Desktop/SCU/MECH208/Final_Project/Code/STM32_Code/tilt_plate/Core/Inc/main.h
2026-04-14 15:35:25,883 [INFO] CodeEngine:265 - oldGeneratedFile, /Users/jaspertan/Desktop/SCU/MECH208/Final_Project/Code/STM32_Code/tilt_plate/Core/Src/main.c_save
2026-04-14 15:35:26,060 [INFO] CodeEngine:289 - Generated code: /Users/jaspertan/Desktop/SCU/MECH208/Final_Project/Code/STM32_Code/tilt_plate/Core/Src/main.c
2026-04-14 15:35:26,239 [INFO] ProjectBuilder:3606 - Time for Copy HAL[1] : 61mS.
2026-04-14 15:35:26,251 [INFO] ProjectBuilder:5216 - Project Generator version: 4.7.0-B52
2026-04-14 15:35:26,322 [INFO] ConfigFileManager:1595 - The Die is : DIE445
2026-04-14 15:35:26,329 [INFO] ApiDbMcu:532 - Load IP Config File for FATFS
2026-04-14 15:35:26,337 [INFO] ApiDbMcu:532 - Load IP Config File for FREERTOS
2026-04-14 15:35:26,345 [INFO] ApiDbMcu:532 - Load IP Config File for TOUCHSENSING
2026-04-14 15:35:27,296 [INFO] LogOutputStream:77 - [STDOUT_REDIRECT] 
2026-04-14 15:35:29,058 [INFO] ProjectBuilder:5496 - Time for Generating toolchain IDE Files: 2796mS.
2026-04-14 15:35:29,068 [INFO] ProjectBuilder:3463 - Time for Copy CMSIS : 1mS.
2026-04-14 15:35:29,072 [INFO] ProjectBuilder:3463 - Time for Copy CMSIS : 0mS.
2026-04-14 15:50:19,403 [INFO] DmaTabbedPanel:205 - Cannot restore the selected Tab for DMA
2026-04-14 15:51:24,603 [INFO] UtilMem:75 - End SaveConfig() Used Memory: 765752968 Bytes (1073741824)
2026-04-14 15:51:24,852 [INFO] UtilMem:75 - End SaveConfig() Used Memory: 776238728 Bytes (1073741824)
2026-04-14 15:51:26,472 [INFO] UtilMem:75 - End SaveConfig() Used Memory: 824995464 Bytes (1073741824)
2026-04-14 15:51:26,644 [INFO] BlockDiagram:2775 - set Specific Code input for plugin: ADC
2026-04-14 15:51:26,645 [INFO] BlockDiagram:2775 - set Specific Code input for plugin: NVIC
2026-04-14 15:51:26,645 [INFO] BlockDiagram:2775 - set Specific Code input for plugin: TIM1_8F0
2026-04-14 15:51:26,645 [INFO] BlockDiagram:2775 - set Specific Code input for plugin: SYS
2026-04-14 15:51:26,645 [INFO] BlockDiagram:2775 - set Specific Code input for plugin: GPIO
2026-04-14 15:51:26,645 [INFO] BlockDiagram:2775 - set Specific Code input for plugin: RCC
2026-04-14 15:51:26,646 [INFO] CodeGenerator:892 - code generatio: config db path: /Applications/STM32CubeIDE.app/Contents/Eclipse/plugins/com.st.stm32cube.common.mx_6.15.0.202507011659//db/
2026-04-14 15:51:26,791 [INFO] CodeEngine:265 - oldGeneratedFile, /Users/jaspertan/Desktop/SCU/MECH208/Final_Project/Code/STM32_Code/tilt_plate/MXTmpFiles/license.tmp_save
2026-04-14 15:51:27,119 [INFO] CodeEngine:289 - Generated code: /Users/jaspertan/Desktop/SCU/MECH208/Final_Project/Code/STM32_Code/tilt_plate/MXTmpFiles/license.tmp
2026-04-14 15:51:27,175 [INFO] CodeEngine:265 - oldGeneratedFile, /Users/jaspertan/Desktop/SCU/MECH208/Final_Project/Code/STM32_Code/tilt_plate/MXTmpFiles/gpio.tmp_save
2026-04-14 15:51:27,283 [INFO] CodeEngine:289 - Generated code: /Users/jaspertan/Desktop/SCU/MECH208/Final_Project/Code/STM32_Code/tilt_plate/MXTmpFiles/gpio.tmp
2026-04-14 15:51:27,394 [INFO] CodeEngine:265 - oldGeneratedFile, /Users/jaspertan/Desktop/SCU/MECH208/Final_Project/Code/STM32_Code/tilt_plate/Core/Src/stm32f0xx_it.c_save
2026-04-14 15:51:27,551 [INFO] CodeEngine:289 - Generated code: /Users/jaspertan/Desktop/SCU/MECH208/Final_Project/Code/STM32_Code/tilt_plate/Core/Src/stm32f0xx_it.c
2026-04-14 15:51:27,555 [INFO] CodeEngine:265 - oldGeneratedFile, /Users/jaspertan/Desktop/SCU/MECH208/Final_Project/Code/STM32_Code/tilt_plate/Core/Inc/stm32f0xx_it.h_save
2026-04-14 15:51:27,625 [INFO] CodeEngine:289 - Generated code: /Users/jaspertan/Desktop/SCU/MECH208/Final_Project/Code/STM32_Code/tilt_plate/Core/Inc/stm32f0xx_it.h
2026-04-14 15:51:27,629 [INFO] CodeEngine:265 - oldGeneratedFile, /Users/jaspertan/Desktop/SCU/MECH208/Final_Project/Code/STM32_Code/tilt_plate/Core/Src/stm32f0xx_hal_msp.c_save
2026-04-14 15:51:27,764 [INFO] CodeEngine:289 - Generated code: /Users/jaspertan/Desktop/SCU/MECH208/Final_Project/Code/STM32_Code/tilt_plate/Core/Src/stm32f0xx_hal_msp.c
2026-04-14 15:51:27,767 [INFO] CodeEngine:265 - oldGeneratedFile, /Users/jaspertan/Desktop/SCU/MECH208/Final_Project/Code/STM32_Code/tilt_plate/MXTmpFiles/system.tmp_save
2026-04-14 15:51:27,874 [INFO] CodeEngine:289 - Generated code: /Users/jaspertan/Desktop/SCU/MECH208/Final_Project/Code/STM32_Code/tilt_plate/MXTmpFiles/system.tmp
2026-04-14 15:51:27,881 [INFO] CodeEngine:321 - oldGeneratedFile, /Users/jaspertan/Desktop/SCU/MECH208/Final_Project/Code/STM32_Code/tilt_plate/Core/Inc/stm32f0xx_hal_conf.h_save
2026-04-14 15:51:27,936 [INFO] CodeEngine:345 - Generated code: /Users/jaspertan/Desktop/SCU/MECH208/Final_Project/Code/STM32_Code/tilt_plate/Core/Inc/stm32f0xx_hal_conf.h
2026-04-14 15:51:27,954 [WARN] IPConfigManager:3811 - IP not found : TIM
2026-04-14 15:51:27,955 [WARN] CodeGenerator:4259 - IP not found : null
2026-04-14 15:51:27,957 [INFO] CodeEngine:265 - oldGeneratedFile, /Users/jaspertan/Desktop/SCU/MECH208/Final_Project/Code/STM32_Code/tilt_plate/Core/Inc/main.h_save
2026-04-14 15:51:28,020 [INFO] CodeEngine:289 - Generated code: /Users/jaspertan/Desktop/SCU/MECH208/Final_Project/Code/STM32_Code/tilt_plate/Core/Inc/main.h
2026-04-14 15:51:28,022 [INFO] CodeEngine:265 - oldGeneratedFile, /Users/jaspertan/Desktop/SCU/MECH208/Final_Project/Code/STM32_Code/tilt_plate/Core/Src/main.c_save
2026-04-14 15:51:28,120 [INFO] CodeEngine:289 - Generated code: /Users/jaspertan/Desktop/SCU/MECH208/Final_Project/Code/STM32_Code/tilt_plate/Core/Src/main.c
2026-04-14 15:51:28,438 [INFO] ProjectBuilder:3606 - Time for Copy HAL[1] : 76mS.
2026-04-14 15:51:28,454 [INFO] ProjectBuilder:5216 - Project Generator version: 4.7.0-B52
2026-04-14 15:51:28,771 [INFO] ConfigFileManager:1595 - The Die is : DIE445
2026-04-14 15:51:31,445 [INFO] ProjectBuilder:5496 - Time for Generating toolchain IDE Files: 2938mS.
2026-04-14 15:51:31,523 [INFO] ProjectBuilder:3463 - Time for Copy CMSIS : 8mS.
2026-04-14 15:51:31,560 [INFO] ProjectBuilder:3463 - Time for Copy CMSIS : 4mS.
