2026-04-05 14:06:08,168 [INFO] Activator:176 - 


2026-04-05 14:06:08,170 [INFO] Activator:177 - !SESSION log4j initialized
2026-04-05 14:06:11,022 [INFO] LogOutputStream:77 - [STDOUT_REDIRECT] 
2026-04-05 14:06:12,163 [ERROR] LogOutputStream:75 - [STDERR_REDIRECT] 
2026-04-05 14:06:13,574 [INFO] ApplicationProperties:184 - Using Application install path: /Applications/STM32CubeIDE.app/Contents/Eclipse/plugins/com.st.stm32cube.common.mx_6.15.0.202507011659
2026-04-05 14:06:13,584 [INFO] DbMcusXml:78 - Set database path to: /Applications/STM32CubeIDE.app/Contents/Eclipse/plugins/com.st.stm32cube.common.mx_6.15.0.202507011659//db//mcu/
2026-04-05 14:06:13,585 [INFO] ApiDb:274 - Set plugin database path to: /Applications/STM32CubeIDE.app/Contents/Eclipse/plugins/com.st.stm32cube.common.mx_6.15.0.202507011659//db//plugins/boardmanager/
2026-04-05 14:06:13,585 [WARN] ApiDb:259 - Overriding images path with different value:  => /Applications/STM32CubeIDE.app/Contents/Eclipse/plugins/com.st.stm32cube.common.mx_6.15.0.202507011659//db//plugins/mcufinder/images/
2026-04-05 14:06:13,590 [INFO] ApiDb:250 - Set database path to: /Users/jaspertan/.stmcufinder/plugins/mcufinder//mcu/
2026-04-05 14:06:13,590 [INFO] DbMcusAds:125 - Set database path to: /Users/jaspertan/.stmcufinder/plugins/mcufinder//mcu/
2026-04-05 14:06:13,591 [INFO] CrossReferenceDbSqlite:203 - Set database path to: /Users/jaspertan/.stmcufinder/plugins/mcufinder//mcu/cs/
2026-04-05 14:06:13,717 [INFO] RulesReader:64 - Compatibility file has been processed (317 Rules)
2026-04-05 14:06:13,759 [INFO] DbMcusXml:78 - Set database path to: /Applications/STM32CubeIDE.app/Contents/Eclipse/plugins/com.st.stm32cube.common.mx_6.15.0.202507011659//db//mcu/
2026-04-05 14:06:13,760 [INFO] ApiDb:274 - Set plugin database path to: /Applications/STM32CubeIDE.app/Contents/Eclipse/plugins/com.st.stm32cube.common.mx_6.15.0.202507011659//db//plugins/boardmanager/
2026-04-05 14:06:13,760 [INFO] ApiDb:261 - Set plugin images path to: /Applications/STM32CubeIDE.app/Contents/Eclipse/plugins/com.st.stm32cube.common.mx_6.15.0.202507011659//db//plugins/mcufinder/images/
2026-04-05 14:06:13,760 [WARN] DbFile:41 - Overriding database path with different value: /Users/jaspertan/.stmcufinder/plugins/mcufinder/ => /Users/jaspertan/.stmcufinder/plugins/mcufinder
2026-04-05 14:06:13,760 [INFO] ApiDb:250 - Set database path to: /Users/jaspertan/.stmcufinder/plugins/mcufinder//mcu/
2026-04-05 14:06:13,760 [WARN] DbFile:41 - Overriding database path with different value: /Users/jaspertan/.stmcufinder/plugins/mcufinder/ => /Users/jaspertan/.stmcufinder/plugins/mcufinder
2026-04-05 14:06:13,760 [INFO] DbMcusAds:125 - Set database path to: /Users/jaspertan/.stmcufinder/plugins/mcufinder//mcu/
2026-04-05 14:06:13,760 [WARN] DbFile:41 - Overriding database path with different value: /Users/jaspertan/.stmcufinder/plugins/mcufinder/ => /Users/jaspertan/.stmcufinder/plugins/mcufinder
2026-04-05 14:06:13,760 [WARN] DbFile:41 - Overriding database path with different value: /Users/jaspertan/.stmcufinder/plugins/mcufinder/ => /Users/jaspertan/.stmcufinder/plugins/mcufinder
2026-04-05 14:06:13,760 [INFO] CrossReferenceDbSqlite:203 - Set database path to: /Users/jaspertan/.stmcufinder/plugins/mcufinder//mcu/cs/
2026-04-05 14:06:14,075 [INFO] MainPanel:274 - HeapMemory: 331350016
2026-04-05 14:06:14,853 [INFO] DbMcusXml:78 - Set database path to: /Applications/STM32CubeIDE.app/Contents/Eclipse/plugins/com.st.stm32cube.common.mx_6.15.0.202507011659//db//mcu/
2026-04-05 14:06:14,855 [INFO] ApiDb:274 - Set plugin database path to: /Applications/STM32CubeIDE.app/Contents/Eclipse/plugins/com.st.stm32cube.common.mx_6.15.0.202507011659//db//plugins/boardmanager/
2026-04-05 14:06:14,855 [INFO] ApiDb:261 - Set plugin images path to: /Applications/STM32CubeIDE.app/Contents/Eclipse/plugins/com.st.stm32cube.common.mx_6.15.0.202507011659//db//plugins/mcufinder/images/
2026-04-05 14:06:14,856 [WARN] DbFile:41 - Overriding database path with different value: /Users/jaspertan/.stmcufinder/plugins/mcufinder/ => /Users/jaspertan/.stmcufinder/plugins/mcufinder
2026-04-05 14:06:14,856 [INFO] ApiDb:250 - Set database path to: /Users/jaspertan/.stmcufinder/plugins/mcufinder//mcu/
2026-04-05 14:06:14,856 [WARN] DbFile:41 - Overriding database path with different value: /Users/jaspertan/.stmcufinder/plugins/mcufinder/ => /Users/jaspertan/.stmcufinder/plugins/mcufinder
2026-04-05 14:06:14,856 [INFO] DbMcusAds:125 - Set database path to: /Users/jaspertan/.stmcufinder/plugins/mcufinder//mcu/
2026-04-05 14:06:14,856 [WARN] DbFile:41 - Overriding database path with different value: /Users/jaspertan/.stmcufinder/plugins/mcufinder/ => /Users/jaspertan/.stmcufinder/plugins/mcufinder
2026-04-05 14:06:14,856 [WARN] DbFile:41 - Overriding database path with different value: /Users/jaspertan/.stmcufinder/plugins/mcufinder/ => /Users/jaspertan/.stmcufinder/plugins/mcufinder
2026-04-05 14:06:14,856 [INFO] CrossReferenceDbSqlite:203 - Set database path to: /Users/jaspertan/.stmcufinder/plugins/mcufinder//mcu/cs/
2026-04-05 14:06:14,875 [INFO] ApplicationProperties:184 - Using Application install path: /Applications/STM32CubeIDE.app/Contents/Eclipse/plugins/com.st.stm32cube.common.mx_6.15.0.202507011659
2026-04-05 14:06:14,877 [INFO] PluginManage:196 - Search for loadable plugins [exclusion list=, ]
2026-04-05 14:06:14,879 [INFO] PluginManage:310 - Check plugin analytics
2026-04-05 14:06:15,081 [INFO] AnalyticsPlugin:253 - Accepted Software Licenses: 
2026-04-05 14:06:15,082 [INFO] AnalyticsPlugin:255 - Accepted CMSIS Pack Licenses: 
2026-04-05 14:06:15,082 [INFO] AnalyticsPlugin:257 - Accepted Firmware Licenses: FW.F4.1.28.0
2026-04-05 14:06:15,087 [INFO] PluginManage:359 - Loaded plugin analytics (category:tool,tabindex:-1)
2026-04-05 14:06:15,090 [INFO] PluginManage:310 - Check plugin cadmodel
2026-04-05 14:06:15,105 [INFO] CADModel:105 - Init CAD model plugin
2026-04-05 14:06:15,105 [INFO] PluginManage:359 - Loaded plugin cadmodel (category:power,tabindex:5)
2026-04-05 14:06:15,106 [INFO] PluginManage:310 - Check plugin clock
2026-04-05 14:06:15,116 [INFO] PluginManage:359 - Loaded plugin clock (category:base,tabindex:2)
2026-04-05 14:06:15,116 [INFO] PluginManage:310 - Check plugin ddr
2026-04-05 14:06:15,118 [INFO] PluginManage:359 - Loaded plugin ddr (category:tool,tabindex:6)
2026-04-05 14:06:15,118 [INFO] PluginManage:310 - Check plugin filemanager
2026-04-05 14:06:15,242 [INFO] PluginManage:359 - Loaded plugin filemanager (category:base,tabindex:10)
2026-04-05 14:06:15,242 [INFO] PluginManage:310 - Check plugin ipmanager
2026-04-05 14:06:15,258 [INFO] PluginManage:359 - Loaded plugin ipmanager (category:base,tabindex:5)
2026-04-05 14:06:15,258 [INFO] PluginManage:310 - Check plugin lpbam
2026-04-05 14:06:15,271 [INFO] PluginManage:359 - Loaded plugin lpbam (category:base,tabindex:0)
2026-04-05 14:06:15,271 [INFO] PluginManage:310 - Check plugin memorymap
2026-04-05 14:06:15,286 [INFO] PluginManage:359 - Loaded plugin memorymap (category:base,tabindex:4)
2026-04-05 14:06:15,286 [INFO] PluginManage:310 - Check plugin pinoutandconfiguration
2026-04-05 14:06:15,291 [INFO] PluginManage:359 - Loaded plugin pinoutandconfiguration (category:base,tabindex:1)
2026-04-05 14:06:15,291 [INFO] PluginManage:310 - Check plugin pinoutconfig
2026-04-05 14:06:15,358 [WARN] SupportedApi:132 - Cannot load RTOS API schema: s4s-elt-must-match.1: The content of 'definitions' must match (annotation?, (simpleType | complexType)?, (unique | key | keyref)*)). A problem was found starting at: attribute.
2026-04-05 14:06:15,477 [INFO] PluginManage:359 - Loaded plugin pinoutconfig (category:base,tabindex:0)
2026-04-05 14:06:15,477 [INFO] PluginManage:310 - Check plugin power
2026-04-05 14:06:15,485 [INFO] PluginManage:359 - Loaded plugin power (category:power,tabindex:4)
2026-04-05 14:06:15,486 [INFO] PluginManage:310 - Check plugin projectmanager
2026-04-05 14:06:15,506 [INFO] PluginManage:359 - Loaded plugin projectmanager (category:projectmanager,tabindex:4)
2026-04-05 14:06:15,507 [INFO] PluginManage:310 - Check plugin rif
2026-04-05 14:06:15,512 [INFO] PluginManage:359 - Loaded plugin rif (category:base,tabindex:3)
2026-04-05 14:06:15,512 [INFO] PluginManage:310 - Check plugin thirdparty
2026-04-05 14:06:15,643 [INFO] PluginManage:359 - Loaded plugin thirdparty (category:base,tabindex:-1)
2026-04-05 14:06:15,643 [WARN] IntegrityCheckThread:84 - waiting for thirdparty lock release [integrity check]
2026-04-05 14:06:15,643 [INFO] PluginManage:310 - Check plugin tools
2026-04-05 14:06:15,644 [INFO] IntegrityCheckThread:86 - entering critical section [integrity check]
2026-04-05 14:06:15,644 [INFO] ThirdPartyUpdaterWithRetryManager:70 - Updater plugin not ready yet. [1/15]
2026-04-05 14:06:15,646 [INFO] PluginManage:359 - Loaded plugin tools (category:base,tabindex:7)
2026-04-05 14:06:15,646 [INFO] PluginManage:310 - Check plugin tutovideos
2026-04-05 14:06:15,777 [INFO] PluginManage:359 - Loaded plugin tutovideos (category:base,tabindex:-1)
2026-04-05 14:06:15,777 [INFO] PluginManage:310 - Check plugin updater
2026-04-05 14:06:15,797 [INFO] PluginManage:359 - Loaded plugin updater (category:base,tabindex:12)
2026-04-05 14:06:15,797 [INFO] PluginManage:310 - Check plugin userauth
2026-04-05 14:06:15,800 [INFO] UserAuth:118 - Init User Auth plugin
2026-04-05 14:06:15,801 [INFO] PluginManage:359 - Loaded plugin userauth (category:base,tabindex:14)
2026-04-05 14:06:15,801 [INFO] PluginManage:283 - PluginManage : Loaded plugins [18]
2026-04-05 14:06:15,987 [INFO] PinOutPanel:1589 - setPackage(No Configuration,No Configuration)
2026-04-05 14:06:16,041 [INFO] CADModel:165 - CPN selected for project level
2026-04-05 14:06:16,041 [INFO] CADModel:114 - Register for checkConnection events
2026-04-05 14:06:16,049 [INFO] IPUIPlugin:80 - create IPUIPlugin
2026-04-05 14:06:16,049 [INFO] PluginManager:220 - loadIPPluginJar : add mdma
2026-04-05 14:06:16,055 [INFO] IPUIPlugin:80 - create IPUIPlugin
2026-04-05 14:06:16,056 [INFO] PluginManager:220 - loadIPPluginJar : add freertos
2026-04-05 14:06:16,059 [INFO] IPUIPlugin:80 - create IPUIPlugin
2026-04-05 14:06:16,059 [INFO] PluginManager:220 - loadIPPluginJar : add gic
2026-04-05 14:06:16,067 [INFO] IPUIPlugin:80 - create IPUIPlugin
2026-04-05 14:06:16,067 [INFO] PluginManager:220 - loadIPPluginJar : add adc
2026-04-05 14:06:16,068 [INFO] IPUIPlugin:80 - create IPUIPlugin
2026-04-05 14:06:16,068 [INFO] PluginManager:220 - loadIPPluginJar : add gtzc
2026-04-05 14:06:16,069 [INFO] IPUIPlugin:80 - create IPUIPlugin
2026-04-05 14:06:16,069 [INFO] PluginManager:220 - loadIPPluginJar : add quadspi
2026-04-05 14:06:16,070 [INFO] IPUIPlugin:80 - create IPUIPlugin
2026-04-05 14:06:16,071 [INFO] PluginManager:220 - loadIPPluginJar : add aes
2026-04-05 14:06:16,072 [INFO] IPUIPlugin:80 - create IPUIPlugin
2026-04-05 14:06:16,072 [INFO] PluginManager:220 - loadIPPluginJar : add pdm2pcm
2026-04-05 14:06:16,073 [INFO] IPUIPlugin:80 - create IPUIPlugin
2026-04-05 14:06:16,073 [INFO] PluginManager:220 - loadIPPluginJar : add hash
2026-04-05 14:06:16,074 [INFO] IPUIPlugin:80 - create IPUIPlugin
2026-04-05 14:06:16,074 [INFO] PluginManager:220 - loadIPPluginJar : add tim
2026-04-05 14:06:16,074 [INFO] IPUIPlugin:80 - create IPUIPlugin
2026-04-05 14:06:16,074 [INFO] PluginManager:220 - loadIPPluginJar : add tsc
2026-04-05 14:06:16,076 [INFO] IPUIPlugin:80 - create IPUIPlugin
2026-04-05 14:06:16,076 [INFO] PluginManager:220 - loadIPPluginJar : add extmemmanager
2026-04-05 14:06:16,077 [INFO] IPUIPlugin:80 - create IPUIPlugin
2026-04-05 14:06:16,077 [INFO] PluginManager:220 - loadIPPluginJar : add ts
2026-04-05 14:06:16,078 [INFO] IPUIPlugin:80 - create IPUIPlugin
2026-04-05 14:06:16,078 [INFO] PluginManager:220 - loadIPPluginJar : add radio
2026-04-05 14:06:16,079 [INFO] IPUIPlugin:80 - create IPUIPlugin
2026-04-05 14:06:16,079 [INFO] PluginManager:220 - loadIPPluginJar : add can
2026-04-05 14:06:16,080 [INFO] IPUIPlugin:80 - create IPUIPlugin
2026-04-05 14:06:16,080 [INFO] PluginManager:220 - loadIPPluginJar : add dma3
2026-04-05 14:06:16,081 [INFO] IPUIPlugin:80 - create IPUIPlugin
2026-04-05 14:06:16,081 [INFO] PluginManager:220 - loadIPPluginJar : add dfsdm
2026-04-05 14:06:16,082 [INFO] IPUIPlugin:80 - create IPUIPlugin
2026-04-05 14:06:16,082 [INFO] PluginManager:220 - loadIPPluginJar : add spi
2026-04-05 14:06:16,083 [INFO] IPUIPlugin:80 - create IPUIPlugin
2026-04-05 14:06:16,083 [INFO] PluginManager:220 - loadIPPluginJar : add gfxmmu
2026-04-05 14:06:16,084 [INFO] IPUIPlugin:80 - create IPUIPlugin
2026-04-05 14:06:16,084 [INFO] PluginManager:220 - loadIPPluginJar : add genericplugin
2026-04-05 14:06:16,086 [INFO] IPUIPlugin:80 - create IPUIPlugin
2026-04-05 14:06:16,086 [INFO] PluginManager:220 - loadIPPluginJar : add cryp
2026-04-05 14:06:16,088 [INFO] IPUIPlugin:80 - create IPUIPlugin
2026-04-05 14:06:16,088 [INFO] PluginManager:220 - loadIPPluginJar : add gpio
2026-04-05 14:06:16,089 [INFO] IPUIPlugin:80 - create IPUIPlugin
2026-04-05 14:06:16,090 [INFO] PluginManager:220 - loadIPPluginJar : add ddr_ctrl_phy
2026-04-05 14:06:16,090 [INFO] IPUIPlugin:80 - create IPUIPlugin
2026-04-05 14:06:16,091 [INFO] PluginManager:220 - loadIPPluginJar : add comp
2026-04-05 14:06:16,092 [INFO] IPUIPlugin:80 - create IPUIPlugin
2026-04-05 14:06:16,092 [INFO] PluginManager:220 - loadIPPluginJar : add tracer_emb
2026-04-05 14:06:16,093 [INFO] IPUIPlugin:80 - create IPUIPlugin
2026-04-05 14:06:16,093 [INFO] PluginManager:220 - loadIPPluginJar : add openamp
2026-04-05 14:06:16,096 [INFO] IPUIPlugin:80 - create IPUIPlugin
2026-04-05 14:06:16,096 [INFO] PluginManager:220 - loadIPPluginJar : add stm32_wpan
2026-04-05 14:06:16,099 [INFO] IPUIPlugin:80 - create IPUIPlugin
2026-04-05 14:06:16,101 [INFO] PluginManager:220 - loadIPPluginJar : add plateformsettings
2026-04-05 14:06:16,103 [INFO] IPUIPlugin:80 - create IPUIPlugin
2026-04-05 14:06:16,103 [INFO] PluginManager:220 - loadIPPluginJar : add ipddr
2026-04-05 14:06:16,104 [INFO] IPUIPlugin:80 - create IPUIPlugin
2026-04-05 14:06:16,104 [INFO] PluginManager:220 - loadIPPluginJar : add usart
2026-04-05 14:06:16,104 [INFO] IPUIPlugin:80 - create IPUIPlugin
2026-04-05 14:06:16,105 [INFO] PluginManager:220 - loadIPPluginJar : add ltdc
2026-04-05 14:06:16,106 [INFO] IPUIPlugin:80 - create IPUIPlugin
2026-04-05 14:06:16,106 [INFO] PluginManager:220 - loadIPPluginJar : add nvic
2026-04-05 14:06:16,107 [INFO] IPUIPlugin:80 - create IPUIPlugin
2026-04-05 14:06:16,107 [INFO] PluginManager:220 - loadIPPluginJar : add fatfs
2026-04-05 14:06:16,110 [INFO] IPUIPlugin:80 - create IPUIPlugin
2026-04-05 14:06:16,110 [INFO] PluginManager:220 - loadIPPluginJar : add linkedlist
2026-04-05 14:06:16,113 [INFO] IPUIPlugin:80 - create IPUIPlugin
2026-04-05 14:06:16,113 [INFO] PluginManager:220 - loadIPPluginJar : add dma
2026-04-05 14:06:16,115 [INFO] IPUIPlugin:80 - create IPUIPlugin
2026-04-05 14:06:16,115 [INFO] PluginManager:220 - loadIPPluginJar : add fmc
2026-04-05 14:06:16,116 [INFO] IPUIPlugin:80 - create IPUIPlugin
2026-04-05 14:06:16,116 [INFO] PluginManager:220 - loadIPPluginJar : add i2s
2026-04-05 14:06:16,117 [INFO] IPUIPlugin:80 - create IPUIPlugin
2026-04-05 14:06:16,117 [INFO] PluginManager:220 - loadIPPluginJar : add ucpd
2026-04-05 14:06:16,118 [INFO] IPUIPlugin:80 - create IPUIPlugin
2026-04-05 14:06:16,118 [INFO] PluginManager:220 - loadIPPluginJar : add lorawan
2026-04-05 14:06:16,120 [INFO] IPUIPlugin:80 - create IPUIPlugin
2026-04-05 14:06:16,120 [INFO] PluginManager:220 - loadIPPluginJar : add opamp
2026-04-05 14:06:16,121 [INFO] IPUIPlugin:80 - create IPUIPlugin
2026-04-05 14:06:16,122 [INFO] PluginManager:220 - loadIPPluginJar : add i3c
2026-04-05 14:06:16,123 [INFO] IPUIPlugin:80 - create IPUIPlugin
2026-04-05 14:06:16,123 [INFO] PluginManager:220 - loadIPPluginJar : add touchsensing
2026-04-05 14:06:16,124 [INFO] IPUIPlugin:80 - create IPUIPlugin
2026-04-05 14:06:16,124 [INFO] PluginManager:220 - loadIPPluginJar : add i2c
2026-04-05 14:06:16,126 [INFO] IPUIPlugin:80 - create IPUIPlugin
2026-04-05 14:06:16,126 [INFO] PluginManager:220 - loadIPPluginJar : add resmgrutility
2026-04-05 14:06:16,127 [INFO] IPUIPlugin:80 - create IPUIPlugin
2026-04-05 14:06:16,127 [INFO] PluginManager:220 - loadIPPluginJar : add sai
2026-04-05 14:06:16,128 [INFO] IPUIPlugin:80 - create IPUIPlugin
2026-04-05 14:06:16,128 [INFO] PluginManager:220 - loadIPPluginJar : add usbx
2026-04-05 14:06:16,231 [FATAL] Updater:351 - Updater called before beeing initialized
2026-04-05 14:06:16,301 [INFO] RulesReader:64 - Compatibility file has been processed (317 Rules)
2026-04-05 14:06:16,313 [INFO] RulesReader:64 - Compatibility file has been processed (317 Rules)
2026-04-05 14:06:16,319 [INFO] CADModel:165 - CPN selected for project level
2026-04-05 14:06:16,319 [INFO] CADModel:114 - Register for checkConnection events
2026-04-05 14:06:16,319 [FATAL] Updater:351 - Updater called before beeing initialized
2026-04-05 14:06:16,319 [ERROR] CADModel:125 - Updater not yet initialized, retry later 
2026-04-05 14:06:16,513 [FATAL] Updater:351 - Updater called before beeing initialized
2026-04-05 14:06:16,514 [INFO] CADModel:165 - CPN selected for project level
2026-04-05 14:06:16,514 [INFO] CADModel:114 - Register for checkConnection events
2026-04-05 14:06:16,515 [FATAL] Updater:351 - Updater called before beeing initialized
2026-04-05 14:06:16,515 [ERROR] CADModel:125 - Updater not yet initialized, retry later 
2026-04-05 14:06:16,517 [FATAL] Updater:351 - Updater called before beeing initialized
2026-04-05 14:06:16,643 [FATAL] Updater:351 - Updater called before beeing initialized
2026-04-05 14:06:16,646 [INFO] DbMcusAds:53 - JSON generation date=Wed Feb 18 06:32:49 PST 2026 (1771425169444)
2026-04-05 14:06:16,646 [FATAL] Updater:351 - Updater called before beeing initialized
2026-04-05 14:06:16,919 [WARN] DetailPanel:346 - Failed to get advertising image, set to default
2026-04-05 14:06:16,981 [FATAL] Updater:351 - Updater called before beeing initialized
2026-04-05 14:06:16,984 [FATAL] Updater:351 - Updater called before beeing initialized
2026-04-05 14:06:16,984 [FATAL] Updater:351 - Updater called before beeing initialized
2026-04-05 14:06:16,985 [WARN] DetailPanel:346 - Failed to get advertising image, set to default
2026-04-05 14:06:16,987 [FATAL] Updater:351 - Updater called before beeing initialized
2026-04-05 14:06:17,043 [ERROR] Updater:1198 - MainUpdater not yet initialized. External WinMGr cannot be set.
2026-04-05 14:06:17,050 [INFO] Updater:1134 - Updater Version found : 6.15.0
2026-04-05 14:06:17,059 [INFO] ApplicationProperties:184 - Using Application install path: /Applications/STM32CubeIDE.app/Contents/Eclipse/plugins/com.st.stm32cube.common.mx_6.15.0.202507011659
2026-04-05 14:06:17,825 [INFO] MainUpdater:2872 - connection check result : 10
2026-04-05 14:06:17,825 [INFO] MainUpdater:3604 - Updater definition file requires update
2026-04-05 14:06:17,826 [INFO] MainUpdater:289 - Updater Check For Update Now.
2026-04-05 14:06:17,827 [INFO] MicroXplorer:498 - Change Database Version : DB.6.0.150
2026-04-05 14:06:17,833 [INFO] McuFinderGlobals:63 - Set McuFinder mode to 2 (CubeIDE integrated)
2026-04-05 14:06:17,834 [INFO] UserAuth:487 - Internet connection configuration mode: 1
2026-04-05 14:06:17,848 [INFO] JxBrowserEngine:152 - Initiate JxBrowser Engine with user profile folder
2026-04-05 14:06:17,944 [INFO] ServerAccessManage:452 - Complete download http(s) 200
2026-04-05 14:06:17,948 [INFO] ServerAccessManage:509 - Download File updaters.zip
2026-04-05 14:06:18,043 [INFO] FileExtend:248 - Unzip File : updaters.zip
2026-04-05 14:06:18,043 [INFO] FileExtend:263 - Standard Zip Deflate
2026-04-05 14:06:18,286 [INFO] ServerAccessManage:452 - Complete download http(s) 200
2026-04-05 14:06:18,286 [INFO] ServerAccessManage:509 - Download File PacksControlFlags.xml
2026-04-05 14:06:18,368 [INFO] ServerAccessManage:452 - Complete download http(s) 200
2026-04-05 14:06:18,369 [INFO] ServerAccessManage:509 - Download File cubemx.pidx
2026-04-05 14:06:18,650 [WARN] MainUpdater:1193 - Updater busy. Cannot search thirdparties
2026-04-05 14:06:18,651 [INFO] ThirdPartyUpdaterWithRetryManager:96 - Updater plugin is busy. [1/15]
2026-04-05 14:06:18,995 [INFO] ServerAccessManage:452 - Complete download http(s) 200
2026-04-05 14:06:18,995 [INFO] ServerAccessManage:509 - Download File STMicroelectronics.X-CUBE-FREERTOS.pdsc
2026-04-05 14:06:19,661 [INFO] ServerAccessManage:452 - Complete download http(s) 200
2026-04-05 14:06:19,662 [INFO] ServerAccessManage:509 - Download File STMicroelectronics.X-CUBE-TOUCHGFX.pdsc
2026-04-05 14:06:21,107 [INFO] ServerAccessManage:452 - Complete download http(s) 200
2026-04-05 14:06:21,108 [INFO] ServerAccessManage:509 - Download File STMicroelectronics.X-CUBE-AZRTOS-H7.pdsc
2026-04-05 14:06:21,656 [WARN] MainUpdater:1193 - Updater busy. Cannot search thirdparties
2026-04-05 14:06:21,656 [INFO] ThirdPartyUpdaterWithRetryManager:96 - Updater plugin is busy. [2/15]
2026-04-05 14:06:21,855 [INFO] ServerAccessManage:452 - Complete download http(s) 200
2026-04-05 14:06:21,855 [INFO] ServerAccessManage:509 - Download File STMicroelectronics.eDS-WB_DPC_VIENNA.pdsc
2026-04-05 14:06:22,392 [ERROR] ServerAccessManage:1212 - Problem, file not found on Server
2026-04-05 14:06:22,595 [ERROR] ServerAccessManage:1212 - Problem, file not found on Server
2026-04-05 14:06:23,006 [ERROR] ServerAccessManage:1212 - Problem, file not found on Server
2026-04-05 14:06:23,431 [ERROR] ServerAccessManage:1212 - Problem, file not found on Server
2026-04-05 14:06:23,824 [ERROR] ServerAccessManage:1212 - Problem, file not found on Server
2026-04-05 14:06:23,862 [INFO] ServerAccessManage:452 - Complete download http(s) 200
2026-04-05 14:06:23,862 [INFO] ServerAccessManage:509 - Download File STMicroelectronics.eDS-WB_DPC_TT-BIDIR.pdsc
2026-04-05 14:06:24,233 [ERROR] ServerAccessManage:1212 - Problem, file not found on Server
2026-04-05 14:06:24,642 [ERROR] ServerAccessManage:1212 - Problem, file not found on Server
2026-04-05 14:06:24,664 [WARN] MainUpdater:1193 - Updater busy. Cannot search thirdparties
2026-04-05 14:06:24,664 [INFO] ThirdPartyUpdaterWithRetryManager:96 - Updater plugin is busy. [3/15]
2026-04-05 14:06:25,052 [ERROR] ServerAccessManage:1212 - Problem, file not found on Server
2026-04-05 14:06:25,538 [ERROR] ServerAccessManage:1212 - Problem, file not found on Server
2026-04-05 14:06:25,628 [INFO] ServerAccessManage:452 - Complete download http(s) 200
2026-04-05 14:06:25,628 [INFO] ServerAccessManage:509 - Download File STMicroelectronics.eDS-WB_DPC_3PH2L-BIDIR.pdsc
2026-04-05 14:06:25,942 [INFO] McuFinderGlobals:63 - Set McuFinder mode to 2 (CubeIDE integrated)
2026-04-05 14:06:26,151 [ERROR] ServerAccessManage:1212 - Problem, file not found on Server
2026-04-05 14:06:26,440 [WARN] PackLoader:240 - Cannot read IP mode file for STMicroelectronics.X-CUBE-FREERTOS.1.5.0
2026-04-05 14:06:26,457 [WARN] PackLoader:240 - Cannot read IP mode file for STMicroelectronics.X-CUBE-TOUCHGFX.4.26.1
2026-04-05 14:06:26,526 [WARN] PackLoader:240 - Cannot read IP mode file for STMicroelectronics.X-CUBE-AZRTOS-H7.3.5.0
2026-04-05 14:06:26,547 [WARN] PackLoader:240 - Cannot read IP mode file for STMicroelectronics.eDS-WB_DPC_VIENNA.1.2.0
2026-04-05 14:06:26,549 [WARN] PackLoader:240 - Cannot read IP mode file for STMicroelectronics.eDS-WB_DPC_TT-BIDIR.2.1.1
2026-04-05 14:06:26,553 [WARN] PackLoader:240 - Cannot read IP mode file for STMicroelectronics.eDS-WB_DPC_3PH2L-BIDIR.1.1.1
2026-04-05 14:06:26,553 [INFO] PopulateThirdPartyThread:66 - Ending populate Thread
2026-04-05 14:06:26,556 [INFO] ThirdParty:1030 - CMSIS Pack Vendor :STMicroelectronics X-CUBE-FREERTOS 1.5.0
2026-04-05 14:06:26,556 [INFO] ThirdParty:1030 - CMSIS Pack Vendor :STMicroelectronics X-CUBE-AZRTOS-H7 3.5.0
2026-04-05 14:06:26,556 [INFO] ThirdParty:1030 - CMSIS Pack Vendor :STMicroelectronics eDS-WB_DPC_TT-BIDIR 2.1.1
2026-04-05 14:06:26,556 [INFO] ThirdParty:1030 - CMSIS Pack Vendor :STMicroelectronics eDS-WB_DPC_VIENNA 1.2.0
2026-04-05 14:06:26,556 [INFO] ThirdParty:1030 - CMSIS Pack Vendor :STMicroelectronics eDS-WB_DPC_3PH2L-BIDIR 1.1.1
2026-04-05 14:06:26,556 [INFO] ThirdParty:1030 - CMSIS Pack Vendor :STMicroelectronics X-CUBE-TOUCHGFX 4.26.1
2026-04-05 14:06:26,557 [INFO] LoadServerUpdatesThread:375 - End of LoadServerUpdate Thread
2026-04-05 14:06:26,600 [INFO] CheckServerUpdateThread:120 - End of CheckServer Thread
2026-04-05 14:06:26,751 [INFO] MainUpdater:2872 - connection check result : 10
2026-04-05 14:06:26,756 [INFO] McuFinderGlobals:76 - Set McuFinderConnectedMode to true
2026-04-05 14:06:27,622 [INFO] ServerAccessManage:452 - Complete download http(s) 200
2026-04-05 14:06:27,625 [INFO] ServerAccessManage:509 - Download File mcusAds.json._tmp_
2026-04-05 14:06:27,669 [WARN] MainUpdater:1193 - Updater busy. Cannot search thirdparties
2026-04-05 14:06:27,670 [INFO] ThirdPartyUpdaterWithRetryManager:96 - Updater plugin is busy. [4/15]
2026-04-05 14:06:27,738 [INFO] LoadUrlFilesThread:156 - End of LoadUrlFiles Thread
2026-04-05 14:06:27,923 [INFO] ServerAccessManage:452 - Complete download http(s) 200
2026-04-05 14:06:27,925 [INFO] ServerAccessManage:509 - Download File cube-finder-db.zip
2026-04-05 14:06:29,474 [INFO] FileExtend:248 - Unzip File : cube-finder-db.zip
2026-04-05 14:06:29,478 [INFO] FileExtend:263 - Standard Zip Deflate
2026-04-05 14:06:30,092 [INFO] LoadUrlFilesThread:156 - End of LoadUrlFiles Thread
2026-04-05 14:06:30,675 [WARN] MainUpdater:1193 - Updater busy. Cannot search thirdparties
2026-04-05 14:06:30,677 [INFO] ThirdPartyUpdaterWithRetryManager:96 - Updater plugin is busy. [5/15]
2026-04-05 14:06:31,071 [INFO] ServerAccessManage:452 - Complete download http(s) 200
2026-04-05 14:06:31,080 [INFO] ServerAccessManage:509 - Download File crdb.zip
2026-04-05 14:06:32,029 [INFO] FileExtend:248 - Unzip File : crdb.zip
2026-04-05 14:06:32,032 [INFO] FileExtend:263 - Standard Zip Deflate
2026-04-05 14:06:32,150 [INFO] LoadUrlFilesThread:156 - End of LoadUrlFiles Thread
2026-04-05 14:06:32,240 [INFO] ServerAccessManage:452 - Complete download http(s) 200
2026-04-05 14:06:32,242 [INFO] ServerAccessManage:509 - Download File tutoVideoDB.zip
2026-04-05 14:06:32,246 [INFO] FileExtend:248 - Unzip File : tutoVideoDB.zip
2026-04-05 14:06:32,246 [INFO] FileExtend:263 - Standard Zip Deflate
2026-04-05 14:06:32,358 [INFO] LoadUrlFilesThread:156 - End of LoadUrlFiles Thread
2026-04-05 14:06:32,361 [WARN] DbFile:41 - Overriding database path with different value: /Users/jaspertan/.stmcufinder/plugins/mcufinder/ => /Users/jaspertan/.stmcufinder/plugins/mcufinder
2026-04-05 14:06:32,939 [INFO] ServerAccessManage:452 - Complete download http(s) 200
2026-04-05 14:06:32,940 [INFO] ServerAccessManage:509 - Download File api_config.json
2026-04-05 14:06:33,048 [INFO] LoadUrlFilesThread:156 - End of LoadUrlFiles Thread
2026-04-05 14:06:33,050 [INFO] DbMcusAds:53 - JSON generation date=Thu Mar 05 06:32:52 PST 2026 (1772721172890)
2026-04-05 14:06:33,165 [INFO] ServerAccessManage:452 - Complete download http(s) 200
2026-04-05 14:06:33,165 [INFO] ServerAccessManage:509 - Download File 
2026-04-05 14:06:33,184 [INFO] LoadUrlFilesThread:185 - End of LoadServerUrlFiles without Thread
2026-04-05 14:06:33,184 [INFO] TargetSelectorAdapter:259 - Refresh data is successful
2026-04-05 14:06:33,687 [INFO] ApiDb:581 - Connected to CubeFinder SQLite database (/Users/jaspertan/.stmcufinder/plugins/mcufinder/mcu/cube-finder-db.db)
2026-04-05 14:06:33,727 [INFO] ApiDb:668 - CubeFinder database Data Model version=2.1
2026-04-05 14:06:33,727 [INFO] ApiDb:669 - CubeFinder database Configuration version=3.0.42
2026-04-05 14:06:33,728 [INFO] ApiDb:670 - CubeFinder database generation date=2026-03-11 (1773229989)
2026-04-05 14:06:33,728 [INFO] ApiDb:671 - CubeFinder database FW Pack versions=[FP-ATR-ASTRA1_V2.0.0, FP-SNS-FLIGHT1_V5.1.0, FP-SNS-MOTENV1_V5.1.0, FP-SNS-MOTENVWB1_V1.5.0, FP-SNS-SMARTAG2_V1.2.0, FP-SNS-STBOX1_V2.1.0, STM32Cube_FW_C0_V1.4.0, STM32Cube_FW_F4_V1.28.3, STM32Cube_FW_F7_V1.17.4, STM32Cube_FW_G0_V1.6.3, STM32Cube_FW_G4_V1.6.2, STM32Cube_FW_H5_V1.6.0, STM32Cube_FW_H7RS_V1.3.0, STM32Cube_FW_H7_V1.13.0, STM32Cube_FW_L0_V1.12.2, STM32Cube_FW_L4_V1.18.2, STM32Cube_FW_L5_V1.6.0, STM32Cube_FW_N6_V1.3.0, STM32Cube_FW_U0_V1.3.0, STM32Cube_FW_U3_V1.3.0, STM32Cube_FW_U5_V1.8.0, STM32Cube_FW_WB0_V1.4.0, STM32Cube_FW_WBA_V1.9.0, STM32Cube_FW_WB_V1.24.0, STM32Cube_FW_WL3_V1.4.0, STM32Cube_FW_WL_V1.5.0, X-CUBE-ALGOBUILD_V1.4.0, X-CUBE-ALS_V1.0.2, X-CUBE-AZRTOS-F4_V1.1.0, X-CUBE-AZRTOS-F7_V1.1.0, X-CUBE-AZRTOS-G0_V1.1.0, X-CUBE-AZRTOS-G4_V2.0.0, X-CUBE-AZRTOS-H7RS_V1.1.0, X-CUBE-AZRTOS-H7_V3.4.0, X-CUBE-AZRTOS-L4_V2.0.0, X-CUBE-AZRTOS-L5_V2.0.0, X-CUBE-AZRTOS-WB_V2.0.0, X-CUBE-AZRTOS-WL_V2.0.0, X-CUBE-BLE1_V7.1.0, X-CUBE-BLE2_V3.3.0, X-CUBE-BLEMGR_V4.1.0, X-CUBE-EEPRMA1_V5.2.0, X-CUBE-FREERTOS_V1.5.0, X-CUBE-GNSS1_V6.0.0, X-CUBE-MEMS1_V12.0.0, X-CUBE-NFC4_V3.0.0, X-CUBE-NFC7_V2.0.0, X-CUBE-SFXS2LP1_V4.0.0, X-CUBE-ST67W61_V1.2.0, X-CUBE-SUBG2_V5.0.0, X-CUBE-TOF1_V3.4.3]
2026-04-05 14:06:34,259 [WARN] PackLoader:240 - Cannot read IP mode file for STMicroelectronics.X-CUBE-AZRTOS-H7.3.5.0
2026-04-05 14:06:34,724 [WARN] PackLoader:240 - Cannot read IP mode file for STMicroelectronics.FP-SNS-MOTENVWB1.1.4.0
2026-04-05 14:06:34,765 [WARN] PackLoader:240 - Cannot read IP mode file for STMicroelectronics.FP-ATR-ASTRA1.2.0.2
2026-04-05 14:06:34,787 [WARN] PackLoader:240 - Cannot read IP mode file for STMicroelectronics.X-CUBE-SMBUS.2.1.0
2026-04-05 14:06:34,794 [WARN] PackLoader:240 - Cannot read IP mode file for STMicroelectronics.X-CUBE-ST60.1.0.0
2026-04-05 14:06:34,844 [WARN] PackLoader:240 - Cannot read IP mode file for STMicroelectronics.X-CUBE-AZRTOS-F7.1.1.0
2026-04-05 14:06:34,861 [WARN] PackLoader:240 - Cannot read IP mode file for STMicroelectronics.FP-SNS-MOTENV1.5.1.0
2026-04-05 14:06:34,915 [WARN] PackLoader:240 - Cannot read IP mode file for Infineon.AIROC-Wi-Fi-Bluetooth-STM32.1.7.0
2026-04-05 14:06:34,966 [WARN] PackLoader:240 - Cannot read IP mode file for STMicroelectronics.X-CUBE-AZRTOS-H7.3.4.0
2026-04-05 14:06:34,981 [WARN] PackLoader:240 - Cannot read IP mode file for STMicroelectronics.X-CUBE-DISPLAY.3.0.0
2026-04-05 14:06:35,003 [WARN] PackLoader:240 - Cannot read IP mode file for STMicroelectronics.FP-SNS-MOTENVWB1.1.5.0
2026-04-05 14:06:35,016 [WARN] PackLoader:240 - Cannot read IP mode file for STMicroelectronics.X-CUBE-NFC10.1.0.0
2026-04-05 14:06:35,037 [WARN] PackLoader:240 - Cannot read IP mode file for STMicroelectronics.X-CUBE-BLEMGR.4.0.0
2026-04-05 14:06:35,057 [WARN] PackLoader:240 - Cannot read IP mode file for STMicroelectronics.X-CUBE-ST60.1.1.0
2026-04-05 14:06:35,065 [WARN] PackLoader:240 - Cannot read IP mode file for emotas.I-CUBE-CANOPEN.1.3.0
2026-04-05 14:06:35,072 [WARN] PackLoader:240 - Cannot read IP mode file for STMicroelectronics.X-CUBE-GNSS1.7.1.0
2026-04-05 14:06:35,086 [WARN] ConditionMgr:438 - getConditionDescription Invalid condition id : Cortex-A Device cause : null
2026-04-05 14:06:35,140 [WARN] ConditionMgr:1044 - genDependencies : Invalid condition id : Cortex-A Device cause : null
2026-04-05 14:06:35,140 [WARN] ConditionMgr:1044 - genDependencies : Invalid condition id : Cortex-A Device cause : null
2026-04-05 14:06:35,140 [WARN] ConditionMgr:1044 - genDependencies : Invalid condition id : Cortex-A Device cause : null
2026-04-05 14:06:35,147 [WARN] PackLoader:240 - Cannot read IP mode file for STMicroelectronics.X-CUBE-AI.10.0.0
2026-04-05 14:06:35,155 [WARN] PackLoader:240 - Cannot read IP mode file for STMicroelectronics.FP-SNS-STBOX1.2.1.0
2026-04-05 14:06:35,160 [WARN] PackLoader:240 - Cannot read IP mode file for STMicroelectronics.FP-SNS-SMARTAG2.1.2.0
2026-04-05 14:06:35,163 [WARN] PackLoader:240 - Cannot read IP mode file for STMicroelectronics.FP-SNS-FLIGHT1.5.1.0
2026-04-05 14:06:35,173 [INFO] LogOutputStream:77 - [STDOUT_REDIRECT] 1 : Invalid condition id : UX_CORESTACK_Condition cause : null
2026-04-05 14:06:35,177 [INFO] LogOutputStream:77 - [STDOUT_REDIRECT] 1 : Invalid condition id : UX_CORESTACK_Condition cause : null
2026-04-05 14:06:35,177 [INFO] LogOutputStream:77 - [STDOUT_REDIRECT] 1 : Invalid condition id : UX_CORESTACK_Condition cause : null
2026-04-05 14:06:35,177 [INFO] LogOutputStream:77 - [STDOUT_REDIRECT] 1 : Invalid condition id : UX_CORESTACK_Condition cause : null
2026-04-05 14:06:35,178 [INFO] LogOutputStream:77 - [STDOUT_REDIRECT] 1 : Invalid condition id : UX_CORESTACK_Condition cause : null
2026-04-05 14:06:35,183 [WARN] PackLoader:240 - Cannot read IP mode file for STMicroelectronics.X-CUBE-AZRTOS-WL.2.0.0
2026-04-05 14:06:35,188 [WARN] PackLoader:240 - Cannot read IP mode file for STMicroelectronics.FP-SNS-MOTENV1.5.0.0
2026-04-05 14:06:35,209 [WARN] PackLoader:240 - Cannot read IP mode file for STMicroelectronics.X-CUBE-AZRTOS-H7RS.1.2.0
2026-04-05 14:06:35,222 [WARN] PackLoader:240 - Cannot read IP mode file for WES.I-CUBE-Cesium.1.3.0
2026-04-05 14:06:35,226 [WARN] PackLoader:240 - Cannot read IP mode file for STMicroelectronics.X-CUBE-BLE2.3.3.0
2026-04-05 14:06:35,257 [WARN] PackLoader:240 - Cannot read IP mode file for STMicroelectronics.X-CUBE-NFC9.1.0.0
2026-04-05 14:06:35,286 [INFO] ApiDb:240 - Found 880 in-development CPN: [B-G473E-ZEST1S, B-WB1M-WPAN1, B-WBA5M-WPAN, B-WL5M-SUBG1, NUCLEO-C031C6, NUCLEO-C051C8, NUCLEO-C071RB, NUCLEO-C092RC, NUCLEO-H503RB, NUCLEO-H533RE, NUCLEO-H563ZI, NUCLEO-H7S3L8, NUCLEO-N657X0-Q, NUCLEO-U031R8, NUCLEO-U083RC, NUCLEO-U385RG-Q, NUCLEO-U545RE-Q, NUCLEO-U5A5ZJ-Q, NUCLEO-WB05KZ, NUCLEO-WB07CC, NUCLEO-WB09KE, NUCLEO-WBA52CG, NUCLEO-WBA55CG, NUCLEO-WL33CC1, NUCLEO-WL33CC2, STEVAL-PROTEUS1, STEVAL-SMARTAG2, STEVAL-STWINBX1, STM320518-EVAL, STM32C0116-DK, STM32C011D6Y3TR, STM32C011D6Y6TR, STM32C011F4P3, STM32C011F4P6, STM32C011F4U3, STM32C011F4U6TR, STM32C011F6P3, STM32C011F6P6, STM32C011F6U3, STM32C011F6U6TR, STM32C011J4M3, STM32C011J4M6, STM32C011J6M3, STM32C011J6M6, STM32C0316-DK, STM32C031C4T3, STM32C031C4T6, STM32C031C4U3, STM32C031C4U6, STM32C031C6T3, STM32C031C6T6, STM32C031C6U3, STM32C031C6U6, STM32C031F4P3, STM32C031F4P6, STM32C031F6P3, STM32C031F6P6, STM32C031G4U3, STM32C031G4U6, STM32C031G6U3, STM32C031G6U6, STM32C031K4T3, STM32C031K4T6, STM32C031K4U3, STM32C031K4U6, STM32C031K6T3, STM32C031K6T6, STM32C031K6U3, STM32C031K6U6, STM32C051C6T6, STM32C051C6U6, STM32C051C8T6, STM32C051C8U6, STM32C051D8Y6TR, STM32C051F6P6, STM32C051F8P6, STM32C051G6U6, STM32C051G8U6, STM32C051K6T6, STM32C051K6U6, STM32C051K8T6, STM32C071C8T6, STM32C071C8T6N, STM32C071C8U6, STM32C071C8U6N, STM32C071CBT6, STM32C071CBT6N, STM32C071CBU6, STM32C071CBU6N, STM32C071F8P6, STM32C071F8P6N, STM32C071FBP6, STM32C071FBP6N, STM32C071FBY6TR, STM32C071G8U6, STM32C071G8U6N, STM32C071GBU6, STM32C071GBU6N, STM32C071K8T6, STM32C071K8T6N, STM32C071K8U6, STM32C071K8U6N, STM32C071KBT6, STM32C071KBT6N, STM32C071KBU6, STM32C071KBU6N, STM32C071R8T6, STM32C071R8T6N, STM32C071RBI6N, STM32C071RBT6, STM32C071RBT6N, STM32C091CBT6, STM32C091CBU6, STM32C091CCT6, STM32C091CCU6, STM32C091ECY6TR, STM32C091FBP6, STM32C091FCP6, STM32C091GBU6, STM32C091GCU6, STM32C091KBT6, STM32C091KBU6, STM32C091KCT6, STM32C091KCU6, STM32C091RBT6, STM32C091RCI6, STM32C091RCT6, STM32C092CBT6, STM32C092CBU6, STM32C092CCT6, STM32C092CCU6, STM32C092ECY6TR, STM32C092FBP6, STM32C092FCP6, STM32C092GBU6, STM32C092GCU6, STM32C092KBT6, STM32C092KBU6, STM32C092KCT6, STM32C092KCU6, STM32C092RBT6, STM32C092RCI6, STM32C092RCT6, STM32G071K8TXN, STM32G071K8UXN, STM32G081GBU6N, STM32G081KBT6N, STM32G081KBUXN, STM32G0B1CCT6N, STM32G0B1KCT6, STM32G0B1NEY6TR, STM32G0B1RCT6N, STM32G0C1CCT6, STM32G0C1CCT6N, STM32G0C1CCU6N, STM32G0C1CET6N, STM32G0C1CEU6N, STM32G0C1KCT6, STM32G0C1NEY6TR, STM32G0C1RCI6N, STM32G0C1RCT6N, STM32G0C1REI6N, STM32G0C1RET6N, STM32G0C1VCI6, STM32G0C1VEI6, STM32G411C6T3, STM32G411C6T6, STM32G411C6U3, STM32G411C6U6, STM32G411C8T3, STM32G411C8T6, STM32G411C8U3, STM32G411C8U6, STM32G411CBT3, STM32G411CBT6, STM32G411CBU3, STM32G411CBU6, STM32G411K6T3, STM32G411K6T6, STM32G411K6U3, STM32G411K6U6, STM32G411K8T3, STM32G411K8T6, STM32G411K8U3, STM32G411K8U6, STM32G411KBT3, STM32G411KBT6, STM32G411KBU3, STM32G411KBU6, STM32G411M6T3, STM32G411M6T6, STM32G411M8T3, STM32G411M8T6, STM32G411MBT3, STM32G411MBT6, STM32G411R6T3, STM32G411R6T6, STM32G411R8T3, STM32G411R8T6, STM32G411RBT3, STM32G411RBT6, STM32G414CBT3, STM32G414CBT6, STM32G414CBU3, STM32G414CBU6, STM32G414CCT3, STM32G414CCT6, STM32G414CCU3, STM32G414CCU6, STM32G414MBT3, STM32G414MBT6, STM32G414MCT3, STM32G414MCT6, STM32G414RBT3, STM32G414RBT6, STM32G414RCT3, STM32G414RCT6, STM32G414VBT3, STM32G414VBT6, STM32G414VCT3, STM32G414VCT6, STM32G431CBT3Z, STM32G431RBT3Z, STM32G471CCT6, STM32G471CCU6, STM32G471CET3, STM32G471CET6, STM32G471CEU3, STM32G471CEU6, STM32G471MCT6, STM32G471MET3, STM32G471MET6, STM32G471MEY6TR, STM32G471QCT6, STM32G471QET3, STM32G471RCT6, STM32G471RET3, STM32G471RET6, STM32G471VCH6, STM32G471VCI6, STM32G471VCT6, STM32G471VEH3, STM32G471VEH6, STM32G471VEI3, STM32G471VEI6, STM32G471VET3, STM32G471VET6, STM32G473QET3Z, STM32G473RET3Z, STM32G474CCT6, STM32G491RET3Z, STM32H503CBT6, STM32H503CBU6, STM32H503EBY6TR, STM32H503KBU6, STM32H503RBT6, STM32H523CCT6, STM32H523CCU6, STM32H523CET6, STM32H523CEU6, STM32H523HEY6TR, STM32H523RCT6, STM32H523RET6, STM32H523VCI6, STM32H523VCT6, STM32H523VEI6, STM32H523VET6, STM32H523ZCJ6, STM32H523ZCT6, STM32H523ZEJ6, STM32H523ZET6, STM32H533CET6, STM32H533CEU6, STM32H533HEY6TR, STM32H533RET6, STM32H533VEI6, STM32H533VET6, STM32H533ZEJ6, STM32H533ZET6, STM32H562AGI6, STM32H562AII6, STM32H562IGK6, STM32H562IGT6, STM32H562IIK6, STM32H562IIT6, STM32H562RGT6, STM32H562RGV6, STM32H562RIT6, STM32H562RIV6, STM32H562VGT6, STM32H562VIT6, STM32H562ZGT6, STM32H562ZIT6, STM32H563AGI6, STM32H563AII3Q, STM32H563AII6, STM32H563IGK6, STM32H563IGT6, STM32H563IIK3Q, STM32H563IIK6, STM32H563IIT3Q, STM32H563IIT6, STM32H563MIY3QTR, STM32H563RGT6, STM32H563RGV6, STM32H563RIT6, STM32H563RIV6, STM32H563VGT6, STM32H563VIT3Q, STM32H563VIT6, STM32H563ZGT6, STM32H563ZIT3Q, STM32H563ZIT6, STM32H573AII3Q, STM32H573AII6, STM32H573I-DK, STM32H573IIK3Q, STM32H573IIK6, STM32H573IIT3Q, STM32H573IIT6, STM32H573MIY3QTR, STM32H573RIT6, STM32H573RIV6, STM32H573VIT3Q, STM32H573VIT6, STM32H573ZIT3Q, STM32H573ZIT6, STM32H7R3A8I6, STM32H7R3I8K6, STM32H7R3I8T6, STM32H7R3L8H6, STM32H7R3L8H6H, STM32H7R3R8V6, STM32H7R3V8H6, STM32H7R3V8T6, STM32H7R3V8Y6TR, STM32H7R3Z8J6, STM32H7R3Z8T6, STM32H7R7A8I6, STM32H7R7I8K6, STM32H7R7I8T6, STM32H7R7L8H6, STM32H7R7L8H6H, STM32H7R7Z8J6, STM32H7S3A8I6, STM32H7S3I8K6, STM32H7S3I8T6, STM32H7S3L8H6, STM32H7S3L8H6H, STM32H7S3R8V6, STM32H7S3V8H6, STM32H7S3V8T6, STM32H7S3V8Y6TR, STM32H7S3Z8J6, STM32H7S3Z8T6, STM32H7S78-DK, STM32H7S7A8I6, STM32H7S7I8K6, STM32H7S7I8T6, STM32H7S7L8H6, STM32H7S7L8H6H, STM32H7S7Z8J6, STM32L4R5QGI6STR, STM32MP131AAE3, STM32MP131AAF3, STM32MP131AAG3, STM32MP131CAE3, STM32MP131CAF3, STM32MP131CAG3, STM32MP131DAE7, STM32MP131DAF7, STM32MP131DAG7, STM32MP131FAE7, STM32MP131FAF7, STM32MP131FAG7, STM32MP133AAE3, STM32MP133AAF3, STM32MP133AAG3, STM32MP133CAE3, STM32MP133CAF3, STM32MP133CAG3, STM32MP133DAE7, STM32MP133DAF7, STM32MP133DAG7, STM32MP133FAE7, STM32MP133FAF7, STM32MP133FAG7, STM32MP135AAE3, STM32MP135AAF3, STM32MP135AAG3, STM32MP135CAE3, STM32MP135CAF3, STM32MP135CAG3, STM32MP135DAE7, STM32MP135DAF7, STM32MP135DAG7, STM32MP135F-DK, STM32MP135FAE7, STM32MP135FAF7, STM32MP135FAF7T, STM32MP135FAF7U, STM32MP135FAG7, STM32MP211AAL3, STM32MP211AAM3, STM32MP211AAN3, STM32MP211AAO3, STM32MP211CAL3, STM32MP211CAM3, STM32MP211CAN3, STM32MP211CAO3, STM32MP211DAL3, STM32MP211DAM3, STM32MP211DAN3, STM32MP211DAO3, STM32MP211FAL3, STM32MP211FAM3, STM32MP211FAN3, STM32MP211FAO3, STM32MP213AAL3, STM32MP213AAM3, STM32MP213AAN3, STM32MP213AAO3, STM32MP213CAL3, STM32MP213CAM3, STM32MP213CAN3, STM32MP213CAO3, STM32MP213DAL3, STM32MP213DAM3, STM32MP213DAN3, STM32MP213DAO3, STM32MP213FAL3, STM32MP213FAM3, STM32MP213FAN3, STM32MP213FAO3, STM32MP215AAL3, STM32MP215AAM3, STM32MP215AAN3, STM32MP215AAO3, STM32MP215CAL3, STM32MP215CAM3, STM32MP215CAN3, STM32MP215CAO3, STM32MP215DAL3, STM32MP215DAM3, STM32MP215DAN3, STM32MP215DAO3, STM32MP215F-DK, STM32MP215FAL3, STM32MP215FAM3, STM32MP215FAN3, STM32MP215FAO3, STM32MP231AAJ3, STM32MP231AAK3, STM32MP231AAL3, STM32MP231CAJ3, STM32MP231CAK3, STM32MP231CAL3, STM32MP231DAJ3, STM32MP231DAK3, STM32MP231DAL3, STM32MP231FAJ3, STM32MP231FAK3, STM32MP231FAL3, STM32MP233AAJ3, STM32MP233AAK3, STM32MP233AAL3, STM32MP233CAJ3, STM32MP233CAK3, STM32MP233CAL3, STM32MP233DAJ3, STM32MP233DAK3, STM32MP233DAL3, STM32MP233FAJ3, STM32MP233FAK3, STM32MP233FAL3, STM32MP235AAJ3, STM32MP235AAK3, STM32MP235AAL3, STM32MP235CAJ3, STM32MP235CAK3, STM32MP235CAL3, STM32MP235DAJ3, STM32MP235DAK3, STM32MP235DAL3, STM32MP235FAJ3, STM32MP235FAK3, STM32MP235FAL3, STM32MP251AAI3, STM32MP251AAK3, STM32MP251AAL3, STM32MP251CAI3, STM32MP251CAK3, STM32MP251CAL3, STM32MP251DAI3, STM32MP251DAK3, STM32MP251DAL3, STM32MP251FAI3, STM32MP251FAK3, STM32MP251FAL3, STM32MP253AAI3, STM32MP253AAK3, STM32MP253AAL3, STM32MP253CAI3, STM32MP253CAK3, STM32MP253CAL3, STM32MP253DAI3, STM32MP253DAK3, STM32MP253DAL3, STM32MP253FAI3, STM32MP253FAK3, STM32MP253FAL3, STM32MP255AAI3, STM32MP255AAK3, STM32MP255AAL3, STM32MP255CAI3, STM32MP255CAK3, STM32MP255CAL3, STM32MP255DAI3, STM32MP255DAK3, STM32MP255DAL3, STM32MP255FAI3, STM32MP255FAK3, STM32MP255FAL3, STM32MP257AAI3, STM32MP257AAK3, STM32MP257AAL3, STM32MP257CAI3, STM32MP257CAK3, STM32MP257CAL3, STM32MP257DAI3, STM32MP257DAK3, STM32MP257DAL3, STM32MP257F-DK, STM32MP257F-EV1, STM32MP257FAI3, STM32MP257FAK3, STM32MP257FAL3, STM32N645A0H3Q, STM32N645B0H3Q, STM32N645I0H3Q, STM32N645L0H3Q, STM32N645X0H3Q, STM32N645Z0H3Q, STM32N647A0H3Q, STM32N647B0H3Q, STM32N647I0H3Q, STM32N647L0H3Q, STM32N647X0H3Q, STM32N647Z0H3Q, STM32N655A0H3Q, STM32N655B0H3Q, STM32N655I0H3Q, STM32N655L0H3Q, STM32N655X0H3Q, STM32N655Z0H3Q, STM32N6570-DK, STM32N657A0H3Q, STM32N657B0H3Q, STM32N657I0H3Q, STM32N657L0H3Q, STM32N657X0H3Q, STM32N657Z0H3Q, STM32U031C6T6, STM32U031C6U6, STM32U031C8T6, STM32U031C8U6, STM32U031F4P6, STM32U031F6P6, STM32U031F8P6, STM32U031G6Y6TR, STM32U031G8Y6TR, STM32U031K4U6, STM32U031K6U6, STM32U031K8U6, STM32U031R6I6, STM32U031R6T6, STM32U031R8I6, STM32U031R8T6, STM32U073C8T6, STM32U073C8U6, STM32U073CBT6, STM32U073CBU6, STM32U073CCT6, STM32U073CCU6, STM32U073H8Y6TR, STM32U073HBY6TR, STM32U073HCY6TR, STM32U073K8U6, STM32U073KBU6, STM32U073KCU6, STM32U073M8I6, STM32U073M8T6, STM32U073MBI6, STM32U073MBT6, STM32U073MCI6, STM32U073MCT6, STM32U073R8I6, STM32U073R8T6, STM32U073RBI6, STM32U073RBT6, STM32U073RCI6, STM32U073RCT6, STM32U083C-DK, STM32U083CCT6, STM32U083CCU6, STM32U083HCY6TR, STM32U083KCU6, STM32U083MCI6, STM32U083MCT6, STM32U083RCI6, STM32U083RCT6, STM32U375CET6, STM32U375CET6Q, STM32U375CEU6, STM32U375CEU6Q, STM32U375CEY6QTR, STM32U375CGT6, STM32U375CGT6Q, STM32U375CGU6, STM32U375CGU6Q, STM32U375CGY6QTR, STM32U375KEU6, STM32U375KGU6, STM32U375REI6, STM32U375REI6Q, STM32U375RET6, STM32U375RET6Q, STM32U375REY6GTR, STM32U375REY6QTR, STM32U375RGI6, STM32U375RGI6Q, STM32U375RGT6, STM32U375RGT6Q, STM32U375RGY6GTR, STM32U375RGY6QTR, STM32U375VEI6, STM32U375VEI6Q, STM32U375VET6, STM32U375VET6Q, STM32U375VGI6, STM32U375VGI6Q, STM32U375VGT6, STM32U375VGT6Q, STM32U385CGT6, STM32U385CGT6Q, STM32U385CGU6, STM32U385CGU6Q, STM32U385CGY6QTR, STM32U385KGU6, STM32U385RGI6, STM32U385RGI6Q, STM32U385RGT6, STM32U385RGT6Q, STM32U385RGY6GTR, STM32U385RGY6QTR, STM32U385VGI6, STM32U385VGI6Q, STM32U385VGT6, STM32U385VGT6Q, STM32U535CBT6, STM32U535CBT6Q, STM32U535CBU6, STM32U535CBU6Q, STM32U535CCT6, STM32U535CCT6Q, STM32U535CCU6, STM32U535CCU6Q, STM32U535CET6, STM32U535CET6Q, STM32U535CEU6, STM32U535CEU6Q, STM32U535JEY6QTR, STM32U535NCY6QTR, STM32U535NEY6QTR, STM32U535RBI6, STM32U535RBI6Q, STM32U535RBT6, STM32U535RBT6Q, STM32U535RCI6, STM32U535RCI6Q, STM32U535RCT6, STM32U535RCT6Q, STM32U535REI6, STM32U535REI6Q, STM32U535RET6, STM32U535RET6Q, STM32U535VCI6, STM32U535VCI6Q, STM32U535VCT6, STM32U535VCT6Q, STM32U535VEI6, STM32U535VEI6Q, STM32U535VET6, STM32U535VET6Q, STM32U545CET6, STM32U545CET6Q, STM32U545CEU6, STM32U545CEU6Q, STM32U545JEY6QTR, STM32U545NEY6QTR, STM32U545REI6, STM32U545REI6Q, STM32U545RET6, STM32U545RET6Q, STM32U545VEI6, STM32U545VEI6Q, STM32U545VET6, STM32U545VET6Q, STM32U595AIH6, STM32U595AIH6Q, STM32U595AJH6, STM32U595AJH6Q, STM32U595QII6, STM32U595QII6Q, STM32U595QJI6, STM32U595QJI6Q, STM32U595RIT6, STM32U595RIT6Q, STM32U595RJT6, STM32U595RJT6Q, STM32U595VIT6, STM32U595VIT6Q, STM32U595VJT6, STM32U595VJT6Q, STM32U595ZIT6, STM32U595ZIT6Q, STM32U595ZIY6QTR, STM32U595ZJT6, STM32U595ZJT6Q, STM32U595ZJY6QTR, STM32U599BJY6QTR, STM32U599NIH6Q, STM32U599NJH6Q, STM32U599VIT6Q, STM32U599VJT6, STM32U599VJT6Q, STM32U599ZIT6Q, STM32U599ZIY6QTR, STM32U599ZJT6Q, STM32U599ZJY6QTR, STM32U5A5AJH6, STM32U5A5AJH6Q, STM32U5A5QII3Q , STM32U5A5QJI6, STM32U5A5QJI6Q, STM32U5A5RJT6, STM32U5A5RJT6Q, STM32U5A5VJT6, STM32U5A5VJT6Q, STM32U5A5ZJT6, STM32U5A5ZJT6Q, STM32U5A5ZJY6QTR, STM32U5A9BJY6QTR, STM32U5A9J-DK, STM32U5A9NJH6Q, STM32U5A9VJT6Q, STM32U5A9ZJT6Q, STM32U5A9ZJY6QTR, STM32U5F7VIT6, STM32U5F7VIT6Q, STM32U5F7VJT6, STM32U5F7VJT6Q, STM32U5F9BJY6QTR, STM32U5F9NJH6Q, STM32U5F9VIT6Q, STM32U5F9VJT6Q, STM32U5F9ZIJ6QTR, STM32U5F9ZIT6Q, STM32U5F9ZJJ6QTR, STM32U5F9ZJT6Q, STM32U5G7VJT6, STM32U5G7VJT6Q, STM32U5G9BJY6QTR, STM32U5G9J-DK1, STM32U5G9J-DK2, STM32U5G9NJH6Q, STM32U5G9VJT6Q, STM32U5G9ZJJ6QTR, STM32U5G9ZJT6Q, STM32WB05KZV6TR, STM32WB05KZV7TR, STM32WB05TZF6TR, STM32WB05TZF7TR, STM32WB06CCF6TR, STM32WB06CCF7TR, STM32WB06CCV6TR, STM32WB06CCV7TR, STM32WB06KCV6TR, STM32WB06KCV7TR, STM32WB07CCF6TR, STM32WB07CCF7TR, STM32WB07CCV6TR, STM32WB07CCV7TR, STM32WB07KCV6TR, STM32WB07KCV7TR, STM32WB09KEV6TR, STM32WB09KEV7TR, STM32WB09TEF6TR, STM32WB09TEF7TR, STM32WB1MMCH6, STM32WBA50KGU6, STM32WBA50KGU6TR, STM32WBA52CEU6, STM32WBA52CEU6TR, STM32WBA52CEU7, STM32WBA52CEU7TR, STM32WBA52CGU6, STM32WBA52CGU6TR, STM32WBA52CGU6U, STM32WBA52CGU7, STM32WBA52CGU7TR, STM32WBA52KEU6, STM32WBA52KEU6TR, STM32WBA52KGU6, STM32WBA52KGU6TR, STM32WBA54CEU6, STM32WBA54CEU6TR, STM32WBA54CEU7, STM32WBA54CEU7TR, STM32WBA54CGU6, STM32WBA54CGU6TR, STM32WBA54CGU7, STM32WBA54CGU7TR, STM32WBA54KEU6, STM32WBA54KEU6TR, STM32WBA54KEU7, STM32WBA54KEU7TR, STM32WBA54KGU6, STM32WBA54KGU6TR, STM32WBA54KGU7, STM32WBA54KGU7TR, STM32WBA55CEU6, STM32WBA55CEU6TR, STM32WBA55CEU7, STM32WBA55CEU7TR, STM32WBA55CGU6, STM32WBA55CGU6TR, STM32WBA55CGU6U, STM32WBA55CGU7, STM32WBA55CGU7TR, STM32WBA55G-DK1, STM32WBA55HEF6, STM32WBA55HEF7, STM32WBA55HGF6, STM32WBA55HGF7, STM32WBA55UEI6, STM32WBA55UEI6TR, STM32WBA55UEI7, STM32WBA55UEI7TR, STM32WBA55UGI6, STM32WBA55UGI6TR, STM32WBA55UGI7, STM32WBA55UGI7TR, STM32WBA5MMGH6TR, STM32WBA62MGF6, STM32WBA62MIF6, STM32WBA65MGF7, STM32WBA65MIF6, STM32WBA65MIF7, STM32WL30K8V6, STM32WL30KBV6, STM32WL31C8V6, STM32WL31CBV6, STM32WL31K8V6, STM32WL31KBV6, STM32WL33C8V6, STM32WL33C8V6X, STM32WL33CBV6, STM32WL33CBV6X, STM32WL33CCV6, STM32WL33CCV6A, STM32WL33CCV6X, STM32WL33K8V7, STM32WL33K8V7X, STM32WL33KBV7 , STM32WL33KBV7X, STM32WL33KCV7, STM32WL33KCV7X, STM32WL5MOCH6, STM32WL5MOCH6TR]
2026-04-05 14:06:35,303 [WARN] PackLoader:240 - Cannot read IP mode file for STMicroelectronics.X-CUBE-BLE1.7.1.0
2026-04-05 14:06:35,304 [INFO] DbMcus:218 - Found 5055 MCUs, 4968 are supported
2026-04-05 14:06:35,305 [INFO] ApiDb:423 - Load user favorites file /Users/jaspertan/.stm32cubeide/favorites.mcus.txt: 0 item(s)
2026-04-05 14:06:35,305 [INFO] ApiDb:427 - User favorites MCUs=[]
2026-04-05 14:06:35,305 [INFO] DbMcus:224 - Set 0 / 0 favorites MCUs
2026-04-05 14:06:35,320 [WARN] PackLoader:240 - Cannot read IP mode file for wolfSSL.I-CUBE-wolfMQTT.1.19.2
2026-04-05 14:06:35,343 [WARN] PackLoader:240 - Cannot read IP mode file for STMicroelectronics.X-CUBE-FREERTOS.1.4.0
2026-04-05 14:06:35,366 [WARN] PackLoader:240 - Cannot read IP mode file for STMicroelectronics.X-CUBE-EEPRMA1.5.2.0
2026-04-05 14:06:35,381 [WARN] PackLoader:240 - Cannot read IP mode file for STMicroelectronics.X-CUBE-ST67W61.1.1.0
2026-04-05 14:06:35,390 [WARN] PackLoader:240 - Cannot read IP mode file for STMicroelectronics.X-CUBE-AI.10.1.0
2026-04-05 14:06:35,473 [WARN] PackLoader:240 - Cannot read IP mode file for STMicroelectronics.X-CUBE-MEMS1.12.0.0
2026-04-05 14:06:35,702 [INFO] ApiDb:668 - CubeFinder database Data Model version=2.1
2026-04-05 14:06:35,702 [INFO] ApiDb:669 - CubeFinder database Configuration version=3.0.42
2026-04-05 14:06:35,703 [INFO] ApiDb:670 - CubeFinder database generation date=2026-03-11 (1773229989)
2026-04-05 14:06:35,703 [INFO] ApiDb:671 - CubeFinder database FW Pack versions=[FP-ATR-ASTRA1_V2.0.0, FP-SNS-FLIGHT1_V5.1.0, FP-SNS-MOTENV1_V5.1.0, FP-SNS-MOTENVWB1_V1.5.0, FP-SNS-SMARTAG2_V1.2.0, FP-SNS-STBOX1_V2.1.0, STM32Cube_FW_C0_V1.4.0, STM32Cube_FW_F4_V1.28.3, STM32Cube_FW_F7_V1.17.4, STM32Cube_FW_G0_V1.6.3, STM32Cube_FW_G4_V1.6.2, STM32Cube_FW_H5_V1.6.0, STM32Cube_FW_H7RS_V1.3.0, STM32Cube_FW_H7_V1.13.0, STM32Cube_FW_L0_V1.12.2, STM32Cube_FW_L4_V1.18.2, STM32Cube_FW_L5_V1.6.0, STM32Cube_FW_N6_V1.3.0, STM32Cube_FW_U0_V1.3.0, STM32Cube_FW_U3_V1.3.0, STM32Cube_FW_U5_V1.8.0, STM32Cube_FW_WB0_V1.4.0, STM32Cube_FW_WBA_V1.9.0, STM32Cube_FW_WB_V1.24.0, STM32Cube_FW_WL3_V1.4.0, STM32Cube_FW_WL_V1.5.0, X-CUBE-ALGOBUILD_V1.4.0, X-CUBE-ALS_V1.0.2, X-CUBE-AZRTOS-F4_V1.1.0, X-CUBE-AZRTOS-F7_V1.1.0, X-CUBE-AZRTOS-G0_V1.1.0, X-CUBE-AZRTOS-G4_V2.0.0, X-CUBE-AZRTOS-H7RS_V1.1.0, X-CUBE-AZRTOS-H7_V3.4.0, X-CUBE-AZRTOS-L4_V2.0.0, X-CUBE-AZRTOS-L5_V2.0.0, X-CUBE-AZRTOS-WB_V2.0.0, X-CUBE-AZRTOS-WL_V2.0.0, X-CUBE-BLE1_V7.1.0, X-CUBE-BLE2_V3.3.0, X-CUBE-BLEMGR_V4.1.0, X-CUBE-EEPRMA1_V5.2.0, X-CUBE-FREERTOS_V1.5.0, X-CUBE-GNSS1_V6.0.0, X-CUBE-MEMS1_V12.0.0, X-CUBE-NFC4_V3.0.0, X-CUBE-NFC7_V2.0.0, X-CUBE-SFXS2LP1_V4.0.0, X-CUBE-ST67W61_V1.2.0, X-CUBE-SUBG2_V5.0.0, X-CUBE-TOF1_V3.4.3]
2026-04-05 14:06:35,724 [WARN] PackLoader:240 - Cannot read IP mode file for STMicroelectronics.X-CUBE-MEMS1.11.2.0
2026-04-05 14:06:35,758 [INFO] DbBoardsSqlite:226 - include board P-NUCLEO-WB55-NUCLEO as a kit item of type 'Nucleo-64'
2026-04-05 14:06:35,759 [INFO] DbBoardsSqlite:226 - include board P-NUCLEO-WB55-USBDONGLE as a kit item of type 'Nucleo USB Dongle'
2026-04-05 14:06:35,759 [INFO] DbBoardsSqlite:226 - include board STEVAL-IDP005V1 as a kit item of type 'Evaluation Board'
2026-04-05 14:06:35,760 [INFO] DbBoardsSqlite:226 - include board STEVAL-IDP005V2 as a kit item of type 'Evaluation Board'
2026-04-05 14:06:35,813 [WARN] PackLoader:240 - Cannot read IP mode file for STMicroelectronics.X-CUBE-AZRTOS-G0.1.1.0
2026-04-05 14:06:35,822 [WARN] PackLoader:240 - Cannot read IP mode file for STMicroelectronics.X-CUBE-SAFEA1.1.2.2
2026-04-05 14:06:35,827 [WARN] PackLoader:240 - Cannot read IP mode file for STMicroelectronics.X-CUBE-NFC4.3.0.0
2026-04-05 14:06:35,836 [WARN] PackLoader:240 - Cannot read IP mode file for EmbeddedOffice.I-CUBE-FS-RTOS.1.0.1
2026-04-05 14:06:35,842 [WARN] PackLoader:240 - Cannot read IP mode file for STMicroelectronics.X-CUBE-WB05N.2.0.0
2026-04-05 14:06:35,846 [WARN] PackLoader:240 - Cannot read IP mode file for wolfSSL.I-CUBE-wolfTPM.3.8.0
2026-04-05 14:06:35,850 [WARN] PackLoader:240 - Cannot read IP mode file for STMicroelectronics.X-CUBE-TCPP.4.2.0
2026-04-05 14:06:35,856 [WARN] PackLoader:240 - Cannot read IP mode file for RealThread.X-CUBE-RT-Thread_Nano.4.1.1
2026-04-05 14:06:35,858 [WARN] PackLoader:240 - Cannot read IP mode file for STMicroelectronics.FP-ATR-SIGFOX1.3.2.0
2026-04-05 14:06:35,862 [WARN] PackLoader:240 - Cannot read IP mode file for STMicroelectronics.X-CUBE-EEPRMA1.5.1.0
2026-04-05 14:06:35,866 [WARN] PackLoader:240 - Cannot read IP mode file for STMicroelectronics.X-CUBE-FREERTOS.1.5.0
2026-04-05 14:06:35,868 [WARN] PackLoader:240 - Cannot read IP mode file for wolfSSL.I-CUBE-wolfSSL.5.7.6
2026-04-05 14:06:35,872 [WARN] PackLoader:240 - Cannot read IP mode file for ITTIA_DB.I-CUBE-ITTIADB.8.9.0
2026-04-05 14:06:35,878 [WARN] PackLoader:240 - Cannot read IP mode file for STMicroelectronics.X-CUBE-NFC6.3.2.0
2026-04-05 14:06:35,886 [WARN] PackLoader:240 - Cannot read IP mode file for STMicroelectronics.X-CUBE-ST67W61.1.0.0
2026-04-05 14:06:35,889 [WARN] PackLoader:240 - Cannot read IP mode file for STMicroelectronics.X-CUBE-AI.10.2.0
2026-04-05 14:06:35,920 [WARN] PackLoader:240 - Cannot read IP mode file for SEGGER.I-CUBE-embOS.1.3.1
2026-04-05 14:06:35,921 [INFO] ApiDb:240 - Found 880 in-development CPN: [B-G473E-ZEST1S, B-WB1M-WPAN1, B-WBA5M-WPAN, B-WL5M-SUBG1, NUCLEO-C031C6, NUCLEO-C051C8, NUCLEO-C071RB, NUCLEO-C092RC, NUCLEO-H503RB, NUCLEO-H533RE, NUCLEO-H563ZI, NUCLEO-H7S3L8, NUCLEO-N657X0-Q, NUCLEO-U031R8, NUCLEO-U083RC, NUCLEO-U385RG-Q, NUCLEO-U545RE-Q, NUCLEO-U5A5ZJ-Q, NUCLEO-WB05KZ, NUCLEO-WB07CC, NUCLEO-WB09KE, NUCLEO-WBA52CG, NUCLEO-WBA55CG, NUCLEO-WL33CC1, NUCLEO-WL33CC2, STEVAL-PROTEUS1, STEVAL-SMARTAG2, STEVAL-STWINBX1, STM320518-EVAL, STM32C0116-DK, STM32C011D6Y3TR, STM32C011D6Y6TR, STM32C011F4P3, STM32C011F4P6, STM32C011F4U3, STM32C011F4U6TR, STM32C011F6P3, STM32C011F6P6, STM32C011F6U3, STM32C011F6U6TR, STM32C011J4M3, STM32C011J4M6, STM32C011J6M3, STM32C011J6M6, STM32C0316-DK, STM32C031C4T3, STM32C031C4T6, STM32C031C4U3, STM32C031C4U6, STM32C031C6T3, STM32C031C6T6, STM32C031C6U3, STM32C031C6U6, STM32C031F4P3, STM32C031F4P6, STM32C031F6P3, STM32C031F6P6, STM32C031G4U3, STM32C031G4U6, STM32C031G6U3, STM32C031G6U6, STM32C031K4T3, STM32C031K4T6, STM32C031K4U3, STM32C031K4U6, STM32C031K6T3, STM32C031K6T6, STM32C031K6U3, STM32C031K6U6, STM32C051C6T6, STM32C051C6U6, STM32C051C8T6, STM32C051C8U6, STM32C051D8Y6TR, STM32C051F6P6, STM32C051F8P6, STM32C051G6U6, STM32C051G8U6, STM32C051K6T6, STM32C051K6U6, STM32C051K8T6, STM32C071C8T6, STM32C071C8T6N, STM32C071C8U6, STM32C071C8U6N, STM32C071CBT6, STM32C071CBT6N, STM32C071CBU6, STM32C071CBU6N, STM32C071F8P6, STM32C071F8P6N, STM32C071FBP6, STM32C071FBP6N, STM32C071FBY6TR, STM32C071G8U6, STM32C071G8U6N, STM32C071GBU6, STM32C071GBU6N, STM32C071K8T6, STM32C071K8T6N, STM32C071K8U6, STM32C071K8U6N, STM32C071KBT6, STM32C071KBT6N, STM32C071KBU6, STM32C071KBU6N, STM32C071R8T6, STM32C071R8T6N, STM32C071RBI6N, STM32C071RBT6, STM32C071RBT6N, STM32C091CBT6, STM32C091CBU6, STM32C091CCT6, STM32C091CCU6, STM32C091ECY6TR, STM32C091FBP6, STM32C091FCP6, STM32C091GBU6, STM32C091GCU6, STM32C091KBT6, STM32C091KBU6, STM32C091KCT6, STM32C091KCU6, STM32C091RBT6, STM32C091RCI6, STM32C091RCT6, STM32C092CBT6, STM32C092CBU6, STM32C092CCT6, STM32C092CCU6, STM32C092ECY6TR, STM32C092FBP6, STM32C092FCP6, STM32C092GBU6, STM32C092GCU6, STM32C092KBT6, STM32C092KBU6, STM32C092KCT6, STM32C092KCU6, STM32C092RBT6, STM32C092RCI6, STM32C092RCT6, STM32G071K8TXN, STM32G071K8UXN, STM32G081GBU6N, STM32G081KBT6N, STM32G081KBUXN, STM32G0B1CCT6N, STM32G0B1KCT6, STM32G0B1NEY6TR, STM32G0B1RCT6N, STM32G0C1CCT6, STM32G0C1CCT6N, STM32G0C1CCU6N, STM32G0C1CET6N, STM32G0C1CEU6N, STM32G0C1KCT6, STM32G0C1NEY6TR, STM32G0C1RCI6N, STM32G0C1RCT6N, STM32G0C1REI6N, STM32G0C1RET6N, STM32G0C1VCI6, STM32G0C1VEI6, STM32G411C6T3, STM32G411C6T6, STM32G411C6U3, STM32G411C6U6, STM32G411C8T3, STM32G411C8T6, STM32G411C8U3, STM32G411C8U6, STM32G411CBT3, STM32G411CBT6, STM32G411CBU3, STM32G411CBU6, STM32G411K6T3, STM32G411K6T6, STM32G411K6U3, STM32G411K6U6, STM32G411K8T3, STM32G411K8T6, STM32G411K8U3, STM32G411K8U6, STM32G411KBT3, STM32G411KBT6, STM32G411KBU3, STM32G411KBU6, STM32G411M6T3, STM32G411M6T6, STM32G411M8T3, STM32G411M8T6, STM32G411MBT3, STM32G411MBT6, STM32G411R6T3, STM32G411R6T6, STM32G411R8T3, STM32G411R8T6, STM32G411RBT3, STM32G411RBT6, STM32G414CBT3, STM32G414CBT6, STM32G414CBU3, STM32G414CBU6, STM32G414CCT3, STM32G414CCT6, STM32G414CCU3, STM32G414CCU6, STM32G414MBT3, STM32G414MBT6, STM32G414MCT3, STM32G414MCT6, STM32G414RBT3, STM32G414RBT6, STM32G414RCT3, STM32G414RCT6, STM32G414VBT3, STM32G414VBT6, STM32G414VCT3, STM32G414VCT6, STM32G431CBT3Z, STM32G431RBT3Z, STM32G471CCT6, STM32G471CCU6, STM32G471CET3, STM32G471CET6, STM32G471CEU3, STM32G471CEU6, STM32G471MCT6, STM32G471MET3, STM32G471MET6, STM32G471MEY6TR, STM32G471QCT6, STM32G471QET3, STM32G471RCT6, STM32G471RET3, STM32G471RET6, STM32G471VCH6, STM32G471VCI6, STM32G471VCT6, STM32G471VEH3, STM32G471VEH6, STM32G471VEI3, STM32G471VEI6, STM32G471VET3, STM32G471VET6, STM32G473QET3Z, STM32G473RET3Z, STM32G474CCT6, STM32G491RET3Z, STM32H503CBT6, STM32H503CBU6, STM32H503EBY6TR, STM32H503KBU6, STM32H503RBT6, STM32H523CCT6, STM32H523CCU6, STM32H523CET6, STM32H523CEU6, STM32H523HEY6TR, STM32H523RCT6, STM32H523RET6, STM32H523VCI6, STM32H523VCT6, STM32H523VEI6, STM32H523VET6, STM32H523ZCJ6, STM32H523ZCT6, STM32H523ZEJ6, STM32H523ZET6, STM32H533CET6, STM32H533CEU6, STM32H533HEY6TR, STM32H533RET6, STM32H533VEI6, STM32H533VET6, STM32H533ZEJ6, STM32H533ZET6, STM32H562AGI6, STM32H562AII6, STM32H562IGK6, STM32H562IGT6, STM32H562IIK6, STM32H562IIT6, STM32H562RGT6, STM32H562RGV6, STM32H562RIT6, STM32H562RIV6, STM32H562VGT6, STM32H562VIT6, STM32H562ZGT6, STM32H562ZIT6, STM32H563AGI6, STM32H563AII3Q, STM32H563AII6, STM32H563IGK6, STM32H563IGT6, STM32H563IIK3Q, STM32H563IIK6, STM32H563IIT3Q, STM32H563IIT6, STM32H563MIY3QTR, STM32H563RGT6, STM32H563RGV6, STM32H563RIT6, STM32H563RIV6, STM32H563VGT6, STM32H563VIT3Q, STM32H563VIT6, STM32H563ZGT6, STM32H563ZIT3Q, STM32H563ZIT6, STM32H573AII3Q, STM32H573AII6, STM32H573I-DK, STM32H573IIK3Q, STM32H573IIK6, STM32H573IIT3Q, STM32H573IIT6, STM32H573MIY3QTR, STM32H573RIT6, STM32H573RIV6, STM32H573VIT3Q, STM32H573VIT6, STM32H573ZIT3Q, STM32H573ZIT6, STM32H7R3A8I6, STM32H7R3I8K6, STM32H7R3I8T6, STM32H7R3L8H6, STM32H7R3L8H6H, STM32H7R3R8V6, STM32H7R3V8H6, STM32H7R3V8T6, STM32H7R3V8Y6TR, STM32H7R3Z8J6, STM32H7R3Z8T6, STM32H7R7A8I6, STM32H7R7I8K6, STM32H7R7I8T6, STM32H7R7L8H6, STM32H7R7L8H6H, STM32H7R7Z8J6, STM32H7S3A8I6, STM32H7S3I8K6, STM32H7S3I8T6, STM32H7S3L8H6, STM32H7S3L8H6H, STM32H7S3R8V6, STM32H7S3V8H6, STM32H7S3V8T6, STM32H7S3V8Y6TR, STM32H7S3Z8J6, STM32H7S3Z8T6, STM32H7S78-DK, STM32H7S7A8I6, STM32H7S7I8K6, STM32H7S7I8T6, STM32H7S7L8H6, STM32H7S7L8H6H, STM32H7S7Z8J6, STM32L4R5QGI6STR, STM32MP131AAE3, STM32MP131AAF3, STM32MP131AAG3, STM32MP131CAE3, STM32MP131CAF3, STM32MP131CAG3, STM32MP131DAE7, STM32MP131DAF7, STM32MP131DAG7, STM32MP131FAE7, STM32MP131FAF7, STM32MP131FAG7, STM32MP133AAE3, STM32MP133AAF3, STM32MP133AAG3, STM32MP133CAE3, STM32MP133CAF3, STM32MP133CAG3, STM32MP133DAE7, STM32MP133DAF7, STM32MP133DAG7, STM32MP133FAE7, STM32MP133FAF7, STM32MP133FAG7, STM32MP135AAE3, STM32MP135AAF3, STM32MP135AAG3, STM32MP135CAE3, STM32MP135CAF3, STM32MP135CAG3, STM32MP135DAE7, STM32MP135DAF7, STM32MP135DAG7, STM32MP135F-DK, STM32MP135FAE7, STM32MP135FAF7, STM32MP135FAF7T, STM32MP135FAF7U, STM32MP135FAG7, STM32MP211AAL3, STM32MP211AAM3, STM32MP211AAN3, STM32MP211AAO3, STM32MP211CAL3, STM32MP211CAM3, STM32MP211CAN3, STM32MP211CAO3, STM32MP211DAL3, STM32MP211DAM3, STM32MP211DAN3, STM32MP211DAO3, STM32MP211FAL3, STM32MP211FAM3, STM32MP211FAN3, STM32MP211FAO3, STM32MP213AAL3, STM32MP213AAM3, STM32MP213AAN3, STM32MP213AAO3, STM32MP213CAL3, STM32MP213CAM3, STM32MP213CAN3, STM32MP213CAO3, STM32MP213DAL3, STM32MP213DAM3, STM32MP213DAN3, STM32MP213DAO3, STM32MP213FAL3, STM32MP213FAM3, STM32MP213FAN3, STM32MP213FAO3, STM32MP215AAL3, STM32MP215AAM3, STM32MP215AAN3, STM32MP215AAO3, STM32MP215CAL3, STM32MP215CAM3, STM32MP215CAN3, STM32MP215CAO3, STM32MP215DAL3, STM32MP215DAM3, STM32MP215DAN3, STM32MP215DAO3, STM32MP215F-DK, STM32MP215FAL3, STM32MP215FAM3, STM32MP215FAN3, STM32MP215FAO3, STM32MP231AAJ3, STM32MP231AAK3, STM32MP231AAL3, STM32MP231CAJ3, STM32MP231CAK3, STM32MP231CAL3, STM32MP231DAJ3, STM32MP231DAK3, STM32MP231DAL3, STM32MP231FAJ3, STM32MP231FAK3, STM32MP231FAL3, STM32MP233AAJ3, STM32MP233AAK3, STM32MP233AAL3, STM32MP233CAJ3, STM32MP233CAK3, STM32MP233CAL3, STM32MP233DAJ3, STM32MP233DAK3, STM32MP233DAL3, STM32MP233FAJ3, STM32MP233FAK3, STM32MP233FAL3, STM32MP235AAJ3, STM32MP235AAK3, STM32MP235AAL3, STM32MP235CAJ3, STM32MP235CAK3, STM32MP235CAL3, STM32MP235DAJ3, STM32MP235DAK3, STM32MP235DAL3, STM32MP235FAJ3, STM32MP235FAK3, STM32MP235FAL3, STM32MP251AAI3, STM32MP251AAK3, STM32MP251AAL3, STM32MP251CAI3, STM32MP251CAK3, STM32MP251CAL3, STM32MP251DAI3, STM32MP251DAK3, STM32MP251DAL3, STM32MP251FAI3, STM32MP251FAK3, STM32MP251FAL3, STM32MP253AAI3, STM32MP253AAK3, STM32MP253AAL3, STM32MP253CAI3, STM32MP253CAK3, STM32MP253CAL3, STM32MP253DAI3, STM32MP253DAK3, STM32MP253DAL3, STM32MP253FAI3, STM32MP253FAK3, STM32MP253FAL3, STM32MP255AAI3, STM32MP255AAK3, STM32MP255AAL3, STM32MP255CAI3, STM32MP255CAK3, STM32MP255CAL3, STM32MP255DAI3, STM32MP255DAK3, STM32MP255DAL3, STM32MP255FAI3, STM32MP255FAK3, STM32MP255FAL3, STM32MP257AAI3, STM32MP257AAK3, STM32MP257AAL3, STM32MP257CAI3, STM32MP257CAK3, STM32MP257CAL3, STM32MP257DAI3, STM32MP257DAK3, STM32MP257DAL3, STM32MP257F-DK, STM32MP257F-EV1, STM32MP257FAI3, STM32MP257FAK3, STM32MP257FAL3, STM32N645A0H3Q, STM32N645B0H3Q, STM32N645I0H3Q, STM32N645L0H3Q, STM32N645X0H3Q, STM32N645Z0H3Q, STM32N647A0H3Q, STM32N647B0H3Q, STM32N647I0H3Q, STM32N647L0H3Q, STM32N647X0H3Q, STM32N647Z0H3Q, STM32N655A0H3Q, STM32N655B0H3Q, STM32N655I0H3Q, STM32N655L0H3Q, STM32N655X0H3Q, STM32N655Z0H3Q, STM32N6570-DK, STM32N657A0H3Q, STM32N657B0H3Q, STM32N657I0H3Q, STM32N657L0H3Q, STM32N657X0H3Q, STM32N657Z0H3Q, STM32U031C6T6, STM32U031C6U6, STM32U031C8T6, STM32U031C8U6, STM32U031F4P6, STM32U031F6P6, STM32U031F8P6, STM32U031G6Y6TR, STM32U031G8Y6TR, STM32U031K4U6, STM32U031K6U6, STM32U031K8U6, STM32U031R6I6, STM32U031R6T6, STM32U031R8I6, STM32U031R8T6, STM32U073C8T6, STM32U073C8U6, STM32U073CBT6, STM32U073CBU6, STM32U073CCT6, STM32U073CCU6, STM32U073H8Y6TR, STM32U073HBY6TR, STM32U073HCY6TR, STM32U073K8U6, STM32U073KBU6, STM32U073KCU6, STM32U073M8I6, STM32U073M8T6, STM32U073MBI6, STM32U073MBT6, STM32U073MCI6, STM32U073MCT6, STM32U073R8I6, STM32U073R8T6, STM32U073RBI6, STM32U073RBT6, STM32U073RCI6, STM32U073RCT6, STM32U083C-DK, STM32U083CCT6, STM32U083CCU6, STM32U083HCY6TR, STM32U083KCU6, STM32U083MCI6, STM32U083MCT6, STM32U083RCI6, STM32U083RCT6, STM32U375CET6, STM32U375CET6Q, STM32U375CEU6, STM32U375CEU6Q, STM32U375CEY6QTR, STM32U375CGT6, STM32U375CGT6Q, STM32U375CGU6, STM32U375CGU6Q, STM32U375CGY6QTR, STM32U375KEU6, STM32U375KGU6, STM32U375REI6, STM32U375REI6Q, STM32U375RET6, STM32U375RET6Q, STM32U375REY6GTR, STM32U375REY6QTR, STM32U375RGI6, STM32U375RGI6Q, STM32U375RGT6, STM32U375RGT6Q, STM32U375RGY6GTR, STM32U375RGY6QTR, STM32U375VEI6, STM32U375VEI6Q, STM32U375VET6, STM32U375VET6Q, STM32U375VGI6, STM32U375VGI6Q, STM32U375VGT6, STM32U375VGT6Q, STM32U385CGT6, STM32U385CGT6Q, STM32U385CGU6, STM32U385CGU6Q, STM32U385CGY6QTR, STM32U385KGU6, STM32U385RGI6, STM32U385RGI6Q, STM32U385RGT6, STM32U385RGT6Q, STM32U385RGY6GTR, STM32U385RGY6QTR, STM32U385VGI6, STM32U385VGI6Q, STM32U385VGT6, STM32U385VGT6Q, STM32U535CBT6, STM32U535CBT6Q, STM32U535CBU6, STM32U535CBU6Q, STM32U535CCT6, STM32U535CCT6Q, STM32U535CCU6, STM32U535CCU6Q, STM32U535CET6, STM32U535CET6Q, STM32U535CEU6, STM32U535CEU6Q, STM32U535JEY6QTR, STM32U535NCY6QTR, STM32U535NEY6QTR, STM32U535RBI6, STM32U535RBI6Q, STM32U535RBT6, STM32U535RBT6Q, STM32U535RCI6, STM32U535RCI6Q, STM32U535RCT6, STM32U535RCT6Q, STM32U535REI6, STM32U535REI6Q, STM32U535RET6, STM32U535RET6Q, STM32U535VCI6, STM32U535VCI6Q, STM32U535VCT6, STM32U535VCT6Q, STM32U535VEI6, STM32U535VEI6Q, STM32U535VET6, STM32U535VET6Q, STM32U545CET6, STM32U545CET6Q, STM32U545CEU6, STM32U545CEU6Q, STM32U545JEY6QTR, STM32U545NEY6QTR, STM32U545REI6, STM32U545REI6Q, STM32U545RET6, STM32U545RET6Q, STM32U545VEI6, STM32U545VEI6Q, STM32U545VET6, STM32U545VET6Q, STM32U595AIH6, STM32U595AIH6Q, STM32U595AJH6, STM32U595AJH6Q, STM32U595QII6, STM32U595QII6Q, STM32U595QJI6, STM32U595QJI6Q, STM32U595RIT6, STM32U595RIT6Q, STM32U595RJT6, STM32U595RJT6Q, STM32U595VIT6, STM32U595VIT6Q, STM32U595VJT6, STM32U595VJT6Q, STM32U595ZIT6, STM32U595ZIT6Q, STM32U595ZIY6QTR, STM32U595ZJT6, STM32U595ZJT6Q, STM32U595ZJY6QTR, STM32U599BJY6QTR, STM32U599NIH6Q, STM32U599NJH6Q, STM32U599VIT6Q, STM32U599VJT6, STM32U599VJT6Q, STM32U599ZIT6Q, STM32U599ZIY6QTR, STM32U599ZJT6Q, STM32U599ZJY6QTR, STM32U5A5AJH6, STM32U5A5AJH6Q, STM32U5A5QII3Q , STM32U5A5QJI6, STM32U5A5QJI6Q, STM32U5A5RJT6, STM32U5A5RJT6Q, STM32U5A5VJT6, STM32U5A5VJT6Q, STM32U5A5ZJT6, STM32U5A5ZJT6Q, STM32U5A5ZJY6QTR, STM32U5A9BJY6QTR, STM32U5A9J-DK, STM32U5A9NJH6Q, STM32U5A9VJT6Q, STM32U5A9ZJT6Q, STM32U5A9ZJY6QTR, STM32U5F7VIT6, STM32U5F7VIT6Q, STM32U5F7VJT6, STM32U5F7VJT6Q, STM32U5F9BJY6QTR, STM32U5F9NJH6Q, STM32U5F9VIT6Q, STM32U5F9VJT6Q, STM32U5F9ZIJ6QTR, STM32U5F9ZIT6Q, STM32U5F9ZJJ6QTR, STM32U5F9ZJT6Q, STM32U5G7VJT6, STM32U5G7VJT6Q, STM32U5G9BJY6QTR, STM32U5G9J-DK1, STM32U5G9J-DK2, STM32U5G9NJH6Q, STM32U5G9VJT6Q, STM32U5G9ZJJ6QTR, STM32U5G9ZJT6Q, STM32WB05KZV6TR, STM32WB05KZV7TR, STM32WB05TZF6TR, STM32WB05TZF7TR, STM32WB06CCF6TR, STM32WB06CCF7TR, STM32WB06CCV6TR, STM32WB06CCV7TR, STM32WB06KCV6TR, STM32WB06KCV7TR, STM32WB07CCF6TR, STM32WB07CCF7TR, STM32WB07CCV6TR, STM32WB07CCV7TR, STM32WB07KCV6TR, STM32WB07KCV7TR, STM32WB09KEV6TR, STM32WB09KEV7TR, STM32WB09TEF6TR, STM32WB09TEF7TR, STM32WB1MMCH6, STM32WBA50KGU6, STM32WBA50KGU6TR, STM32WBA52CEU6, STM32WBA52CEU6TR, STM32WBA52CEU7, STM32WBA52CEU7TR, STM32WBA52CGU6, STM32WBA52CGU6TR, STM32WBA52CGU6U, STM32WBA52CGU7, STM32WBA52CGU7TR, STM32WBA52KEU6, STM32WBA52KEU6TR, STM32WBA52KGU6, STM32WBA52KGU6TR, STM32WBA54CEU6, STM32WBA54CEU6TR, STM32WBA54CEU7, STM32WBA54CEU7TR, STM32WBA54CGU6, STM32WBA54CGU6TR, STM32WBA54CGU7, STM32WBA54CGU7TR, STM32WBA54KEU6, STM32WBA54KEU6TR, STM32WBA54KEU7, STM32WBA54KEU7TR, STM32WBA54KGU6, STM32WBA54KGU6TR, STM32WBA54KGU7, STM32WBA54KGU7TR, STM32WBA55CEU6, STM32WBA55CEU6TR, STM32WBA55CEU7, STM32WBA55CEU7TR, STM32WBA55CGU6, STM32WBA55CGU6TR, STM32WBA55CGU6U, STM32WBA55CGU7, STM32WBA55CGU7TR, STM32WBA55G-DK1, STM32WBA55HEF6, STM32WBA55HEF7, STM32WBA55HGF6, STM32WBA55HGF7, STM32WBA55UEI6, STM32WBA55UEI6TR, STM32WBA55UEI7, STM32WBA55UEI7TR, STM32WBA55UGI6, STM32WBA55UGI6TR, STM32WBA55UGI7, STM32WBA55UGI7TR, STM32WBA5MMGH6TR, STM32WBA62MGF6, STM32WBA62MIF6, STM32WBA65MGF7, STM32WBA65MIF6, STM32WBA65MIF7, STM32WL30K8V6, STM32WL30KBV6, STM32WL31C8V6, STM32WL31CBV6, STM32WL31K8V6, STM32WL31KBV6, STM32WL33C8V6, STM32WL33C8V6X, STM32WL33CBV6, STM32WL33CBV6X, STM32WL33CCV6, STM32WL33CCV6A, STM32WL33CCV6X, STM32WL33K8V7, STM32WL33K8V7X, STM32WL33KBV7 , STM32WL33KBV7X, STM32WL33KCV7, STM32WL33KCV7X, STM32WL5MOCH6, STM32WL5MOCH6TR]
2026-04-05 14:06:35,947 [WARN] PackLoader:240 - Cannot read IP mode file for STMicroelectronics.X-CUBE-ALGOBUILD.1.4.0
2026-04-05 14:06:36,019 [INFO] BoardInfo:889 - No configuration file found for board NUCLEO-H5E5ZJ
2026-04-05 14:06:36,020 [INFO] DbBoards:161 - Board is not supported: NUCLEO-H5E5ZJ
2026-04-05 14:06:36,034 [WARN] PackLoader:240 - Cannot read IP mode file for STMicroelectronics.X-CUBE-MEMS1.11.3.0
2026-04-05 14:06:36,051 [INFO] BoardInfo:889 - No configuration file found for board NUCLEO-U3C5ZI-Q
2026-04-05 14:06:36,052 [INFO] DbBoards:161 - Board is not supported: NUCLEO-U3C5ZI-Q
2026-04-05 14:06:36,061 [INFO] BoardInfo:889 - No configuration file found for board NUCLEO-WBA25CE1
2026-04-05 14:06:36,061 [INFO] DbBoards:161 - Board is not supported: NUCLEO-WBA25CE1
2026-04-05 14:06:36,067 [INFO] BoardInfo:889 - No configuration file found for board NUCLEO-WL3RKB1
2026-04-05 14:06:36,068 [INFO] DbBoards:161 - Board is not supported: NUCLEO-WL3RKB1
2026-04-05 14:06:36,068 [INFO] BoardInfo:889 - No configuration file found for board NUCLEO-WL3RKB2
2026-04-05 14:06:36,069 [INFO] DbBoards:161 - Board is not supported: NUCLEO-WL3RKB2
2026-04-05 14:06:36,074 [INFO] BoardInfo:889 - No configuration file found for board P-NUCLEO-WB55
2026-04-05 14:06:36,075 [INFO] DbBoards:161 - Kit is not supported: P-NUCLEO-WB55
2026-04-05 14:06:36,079 [INFO] BoardInfo:889 - No configuration file found for board STEVAL-BFA001V1B
2026-04-05 14:06:36,079 [INFO] DbBoards:161 - Kit is not supported: STEVAL-BFA001V1B
2026-04-05 14:06:36,080 [INFO] BoardInfo:889 - No configuration file found for board STEVAL-BFA001V2B
2026-04-05 14:06:36,081 [INFO] DbBoards:161 - Kit is not supported: STEVAL-BFA001V2B
2026-04-05 14:06:36,108 [WARN] PackLoader:240 - Cannot read IP mode file for STMicroelectronics.X-CUBE-PM33A1.1.0.0
2026-04-05 14:06:36,126 [WARN] PackLoader:240 - Cannot read IP mode file for STMicroelectronics.X-CUBE-AZRTOS-F4.1.1.0
2026-04-05 14:06:36,137 [WARN] PackLoader:240 - Cannot read IP mode file for Avnet-IotConnect.X-CUBE-IoTC-DA16k-PMOD.1.0.0
2026-04-05 14:06:36,141 [WARN] PackLoader:240 - Cannot read IP mode file for STMicroelectronics.X-CUBE-ISPU.2.1.0
2026-04-05 14:06:36,144 [INFO] BoardInfo:889 - No configuration file found for board STM32H5F5J-DK
2026-04-05 14:06:36,144 [INFO] DbBoards:161 - Board is not supported: STM32H5F5J-DK
2026-04-05 14:06:36,320 [WARN] PackLoader:240 - Cannot read IP mode file for STMicroelectronics.X-CUBE-IPS.3.2.0
2026-04-05 14:06:36,353 [INFO] DbBoards:168 - Found 218 boards, 209 are supported
2026-04-05 14:06:36,358 [INFO] DbBoards:169 - Found 218 boards, 43 of them is supported for  Bsp
2026-04-05 14:06:36,379 [INFO] ApiDb:423 - Load user favorites file /Users/jaspertan/.stm32cubeide/favorites.boards.txt: 2 item(s)
2026-04-05 14:06:36,381 [INFO] ApiDb:427 - User favorites Boards=[B-L475E-IOT01A1, NUCLEO-F446RE]
2026-04-05 14:06:36,382 [INFO] DbBoards:198 - Set 2 / 2 favorites Boards
2026-04-05 14:06:36,409 [INFO] ApiDb:668 - CubeFinder database Data Model version=2.1
2026-04-05 14:06:36,409 [INFO] ApiDb:669 - CubeFinder database Configuration version=3.0.42
2026-04-05 14:06:36,412 [INFO] ApiDb:670 - CubeFinder database generation date=2026-03-11 (1773229989)
2026-04-05 14:06:36,412 [INFO] ApiDb:671 - CubeFinder database FW Pack versions=[FP-ATR-ASTRA1_V2.0.0, FP-SNS-FLIGHT1_V5.1.0, FP-SNS-MOTENV1_V5.1.0, FP-SNS-MOTENVWB1_V1.5.0, FP-SNS-SMARTAG2_V1.2.0, FP-SNS-STBOX1_V2.1.0, STM32Cube_FW_C0_V1.4.0, STM32Cube_FW_F4_V1.28.3, STM32Cube_FW_F7_V1.17.4, STM32Cube_FW_G0_V1.6.3, STM32Cube_FW_G4_V1.6.2, STM32Cube_FW_H5_V1.6.0, STM32Cube_FW_H7RS_V1.3.0, STM32Cube_FW_H7_V1.13.0, STM32Cube_FW_L0_V1.12.2, STM32Cube_FW_L4_V1.18.2, STM32Cube_FW_L5_V1.6.0, STM32Cube_FW_N6_V1.3.0, STM32Cube_FW_U0_V1.3.0, STM32Cube_FW_U3_V1.3.0, STM32Cube_FW_U5_V1.8.0, STM32Cube_FW_WB0_V1.4.0, STM32Cube_FW_WBA_V1.9.0, STM32Cube_FW_WB_V1.24.0, STM32Cube_FW_WL3_V1.4.0, STM32Cube_FW_WL_V1.5.0, X-CUBE-ALGOBUILD_V1.4.0, X-CUBE-ALS_V1.0.2, X-CUBE-AZRTOS-F4_V1.1.0, X-CUBE-AZRTOS-F7_V1.1.0, X-CUBE-AZRTOS-G0_V1.1.0, X-CUBE-AZRTOS-G4_V2.0.0, X-CUBE-AZRTOS-H7RS_V1.1.0, X-CUBE-AZRTOS-H7_V3.4.0, X-CUBE-AZRTOS-L4_V2.0.0, X-CUBE-AZRTOS-L5_V2.0.0, X-CUBE-AZRTOS-WB_V2.0.0, X-CUBE-AZRTOS-WL_V2.0.0, X-CUBE-BLE1_V7.1.0, X-CUBE-BLE2_V3.3.0, X-CUBE-BLEMGR_V4.1.0, X-CUBE-EEPRMA1_V5.2.0, X-CUBE-FREERTOS_V1.5.0, X-CUBE-GNSS1_V6.0.0, X-CUBE-MEMS1_V12.0.0, X-CUBE-NFC4_V3.0.0, X-CUBE-NFC7_V2.0.0, X-CUBE-SFXS2LP1_V4.0.0, X-CUBE-ST67W61_V1.2.0, X-CUBE-SUBG2_V5.0.0, X-CUBE-TOF1_V3.4.3]
2026-04-05 14:06:36,501 [WARN] PackLoader:240 - Cannot read IP mode file for STMicroelectronics.eDS-WB_DPC_TT-BIDIR.2.1.1
2026-04-05 14:06:36,559 [WARN] PackLoader:240 - Cannot read IP mode file for STMicroelectronics.X-CUBE-NFC12.1.0.0
2026-04-05 14:06:36,600 [WARN] PackLoader:240 - Cannot read IP mode file for STMicroelectronics.X-CUBE-AZRTOS-L5.2.0.0
2026-04-05 14:06:36,620 [WARN] PackLoader:240 - Cannot read IP mode file for STMicroelectronics.X-CUBE-NFC6.3.1.0
2026-04-05 14:06:36,640 [WARN] PackLoader:240 - Cannot read IP mode file for STMicroelectronics.eDS-WB_DPC_VIENNA.1.2.0
2026-04-05 14:06:36,652 [WARN] PackLoader:240 - Cannot read IP mode file for STMicroelectronics.eDS-WB_DPC_3PH2L-BIDIR.1.1.1
2026-04-05 14:06:36,664 [WARN] PackLoader:240 - Cannot read IP mode file for STMicroelectronics.X-CUBE-FREERTOS.1.3.1
2026-04-05 14:06:36,673 [WARN] PackLoader:240 - Cannot read IP mode file for STMicroelectronics.X-CUBE-FREERTOS.1.3.0
2026-04-05 14:06:36,678 [WARN] PackLoader:240 - Cannot read IP mode file for STMicroelectronics.X-CUBE-NFC7.1.0.1
2026-04-05 14:06:36,680 [WARN] PackLoader:240 - Cannot read IP mode file for STMicroelectronics.X-CUBE-TOUCHGFX.4.26.0
2026-04-05 14:06:36,682 [WARN] PackLoader:240 - Cannot read IP mode file for STMicroelectronics.X-CUBE-TOUCHGFX.4.26.1
2026-04-05 14:06:36,688 [WARN] PackLoader:240 - Cannot read IP mode file for STMicroelectronics.FP-SNS-STAIOTCFT.1.0.0
2026-04-05 14:06:36,693 [WARN] PackLoader:240 - Cannot read IP mode file for STMicroelectronics.X-CUBE-DPower.1.3.0
2026-04-05 14:06:36,711 [WARN] ConditionMgr:438 - getConditionDescription Invalid condition id : LAN8742 Phy interface Condition cause : null
2026-04-05 14:06:36,712 [WARN] PackLoader:240 - Cannot read IP mode file for STMicroelectronics.X-CUBE-AZRTOS-L4.2.0.0
2026-04-05 14:06:36,715 [WARN] ConditionMgr:1044 - genDependencies : Invalid condition id : LAN8742 Phy interface Condition cause : null
2026-04-05 14:06:36,718 [WARN] ConditionMgr:1044 - genDependencies : Invalid condition id : LAN8742 Phy interface Condition cause : null
2026-04-05 14:06:36,719 [WARN] ConditionMgr:1044 - genDependencies : Invalid condition id : LAN8742 Phy interface Condition cause : null
2026-04-05 14:06:36,742 [WARN] PackLoader:240 - Cannot read IP mode file for STMicroelectronics.X-CUBE-SFXS2LP1.4.0.0
2026-04-05 14:06:36,760 [WARN] PackLoader:240 - Cannot read IP mode file for STMicroelectronics.X-CUBE-ST67W61.1.2.0
2026-04-05 14:06:36,791 [WARN] PackLoader:240 - Cannot read IP mode file for STMicroelectronics.X-CUBE-AZRTOS-H7.3.3.0
2026-04-05 14:06:36,811 [WARN] PackLoader:240 - Cannot read IP mode file for STMicroelectronics.X-CUBE-BLEMGR.4.1.0
2026-04-05 14:06:36,824 [WARN] ConditionMgr:438 - getConditionDescription Invalid condition id : UX DEVICE CLASS RTOS Condition cause : null
2026-04-05 14:06:36,825 [WARN] ConditionMgr:438 - getConditionDescription Invalid condition id : UX DEVICE CLASS RTOS Condition cause : null
2026-04-05 14:06:36,827 [WARN] PackLoader:240 - Cannot read IP mode file for STMicroelectronics.X-CUBE-AZRTOS-WB.2.0.0
2026-04-05 14:06:36,828 [WARN] ConditionMgr:1044 - genDependencies : Invalid condition id : UX DEVICE CLASS RTOS Condition cause : null
2026-04-05 14:06:36,828 [WARN] ConditionMgr:1044 - genDependencies : Invalid condition id : UX DEVICE CLASS RTOS Condition cause : null
2026-04-05 14:06:36,829 [WARN] ConditionMgr:1044 - genDependencies : Invalid condition id : UX DEVICE CLASS RTOS Condition cause : null
2026-04-05 14:06:36,829 [WARN] ConditionMgr:1044 - genDependencies : Invalid condition id : UX DEVICE CLASS RTOS Condition cause : null
2026-04-05 14:06:36,829 [WARN] ConditionMgr:1044 - genDependencies : Invalid condition id : UX DEVICE CLASS RTOS Condition cause : null
2026-04-05 14:06:36,833 [WARN] PackLoader:240 - Cannot read IP mode file for STMicroelectronics.X-CUBE-GNSS1.7.0.1
2026-04-05 14:06:36,836 [WARN] PackLoader:240 - Cannot read IP mode file for STMicroelectronics.X-CUBE-TOUCHGFX.4.25.0
2026-04-05 14:06:36,839 [WARN] PackLoader:240 - Cannot read IP mode file for STMicroelectronics.FP-SNS-STBOX1.2.0.0
2026-04-05 14:06:36,851 [WARN] PackLoader:240 - Cannot read IP mode file for STMicroelectronics.X-CUBE-STSE01.2.0.0
2026-04-05 14:06:36,868 [WARN] PackLoader:240 - Cannot read IP mode file for STMicroelectronics.X-CUBE-SUBG2.5.0.0
2026-04-05 14:06:36,911 [WARN] PackLoader:240 - Cannot read IP mode file for STMicroelectronics.X-CUBE-AZRTOS-H7RS.1.1.0
2026-04-05 14:06:36,925 [WARN] PackLoader:240 - Cannot read IP mode file for Cesanta.I-CUBE-Mongoose.7.13.0
2026-04-05 14:06:36,943 [WARN] PackLoader:240 - Cannot read IP mode file for STMicroelectronics.X-CUBE-AZRTOS-G4.2.0.0
2026-04-05 14:06:36,950 [WARN] PackLoader:240 - Cannot read IP mode file for wolfSSL.I-CUBE-wolfSSH.1.4.20
2026-04-05 14:06:36,955 [WARN] PackLoader:240 - Cannot read IP mode file for STMicroelectronics.X-CUBE-NFC7.2.0.0
2026-04-05 14:06:36,970 [WARN] PackLoader:240 - Cannot read IP mode file for STMicroelectronics.X-CUBE-IPS.3.1.0
2026-04-05 14:06:36,982 [WARN] PackLoader:240 - Cannot read IP mode file for STMicroelectronics.X-CUBE-ALS.1.0.2
2026-04-05 14:06:36,992 [WARN] PackLoader:240 - Cannot read IP mode file for STMicroelectronics.X-CUBE-STSE01.1.0.0
2026-04-05 14:06:37,005 [WARN] PackLoader:240 - Cannot read IP mode file for portGmbH.I-Cube-SoM-uGOAL.1.1.0
2026-04-05 14:06:37,016 [WARN] PackLoader:240 - Cannot read IP mode file for STMicroelectronics.X-CUBE-TOF1.3.4.3
2026-04-05 14:06:37,029 [INFO] ThirdParty:978 - Integrity check success = true
2026-04-05 14:06:37,029 [INFO] IntegrityCheckThread:100 - exiting critical section [integrity check]
2026-04-05 14:06:37,029 [INFO] IntegrityCheckThread:103 - End integrity checks thread
2026-04-05 14:06:37,130 [ERROR] DbExamplesSqlite:437 - Missing JSON key: board_cpn
2026-04-05 14:06:37,131 [ERROR] DbExamplesSqlite:437 - Missing JSON key: board_cpn
2026-04-05 14:06:37,131 [ERROR] DbExamplesSqlite:437 - Missing JSON key: board_cpn
2026-04-05 14:06:37,131 [ERROR] DbExamplesSqlite:437 - Missing JSON key: board_cpn
2026-04-05 14:06:37,354 [ERROR] DbExamplesSqlite:437 - Missing JSON key: board_cpn
2026-04-05 14:06:37,355 [ERROR] DbExamplesSqlite:437 - Missing JSON key: board_cpn
2026-04-05 14:06:37,393 [INFO] DbExamplesSqlite:395 - Ignored 39 examples not supported by CubeIDE
2026-04-05 14:06:37,394 [INFO] DbExamplesSqlite:396 - Found 11210 examples active
2026-04-05 14:06:37,394 [INFO] DbExamplesSqlite:397 - Found 0 examples obsolete
2026-04-05 14:06:37,394 [INFO] DbExamplesSqlite:398 - Found 0 examples under development
2026-04-05 14:06:37,394 [INFO] DbExamplesSqlite:399 - Found 76 examples not building
2026-04-05 14:06:37,397 [INFO] DbExamples:125 - Found 11247 examples
2026-04-05 14:06:37,437 [ERROR] DbExamples:208 - Found 377 examples with invalid data (board or MCU)
2026-04-05 14:06:37,438 [INFO] DbExamples:222 - Found 140 boards with related examples
2026-04-05 14:06:37,438 [INFO] DbExamples:235 - Found 114 MCUs with related examples
2026-04-05 14:06:37,458 [INFO] ApiDb:423 - Load user favorites file /Users/jaspertan/.stm32cubeide/favorites.examples.txt: 0 item(s)
2026-04-05 14:06:37,458 [INFO] ApiDb:427 - User favorites Examples=[]
2026-04-05 14:06:37,458 [INFO] DbExamples:250 - Set 0 / 0 favorites Examples
2026-04-05 14:06:38,191 [INFO] McuFinderGlobals:76 - Set McuFinderConnectedMode to true
2026-04-05 14:06:38,200 [INFO] MultiScanPanel:200 - Auto-refresh data requested => check proxy status ongoing
2026-04-05 14:06:38,202 [INFO] FinderPluginLoader:96 - Searching for filters in installed packs
2026-04-05 14:06:39,638 [INFO] LoadUrlFilesThread:185 - End of LoadServerUrlFiles without Thread
2026-04-05 14:06:39,761 [INFO] DetailPanel:341 - Set advertising image to /Users/jaspertan/STM32Cube/Repository//en.prom-stm32c5-0326.jpg
2026-04-05 14:06:49,735 [INFO] WebApp:169 - Instantiating new browser for Auth
2026-04-05 14:06:51,072 [INFO] WebApp:463 - Apply proxy settings
2026-04-05 14:06:51,106 [INFO] WebApp:508 - Chromium authenticates against Manually configured proxy
2026-04-05 14:06:51,117 [INFO] WebApp:516 - Username used for proxy authentication: 
2026-04-05 14:06:51,149 [INFO] WebApp:900 - Register for checkConnection events
2026-04-05 14:06:51,150 [INFO] WebApp:463 - Apply proxy settings
2026-04-05 14:06:51,160 [INFO] WebApp:508 - Chromium authenticates against Manually configured proxy
2026-04-05 14:06:51,160 [INFO] WebApp:516 - Username used for proxy authentication: 
2026-04-05 14:06:51,342 [INFO] WebApp:225 - Starting web application
2026-04-05 14:06:51,343 [INFO] WebApp:593 - Web application path used /Applications/STM32CubeIDE.app/Contents/Eclipse/plugins/com.st.stm32cube.common.mx_6.15.0.202507011659/db/plugins/mcufinder/reactClient1/index.html
2026-04-05 14:06:51,693 [INFO] WebApp:191 - Connection restablished
2026-04-05 14:06:51,933 [INFO] UserAuth:487 - Internet connection configuration mode: 1
2026-04-05 14:08:01,202 [INFO] MetaSearchPanel:329 - Expand all filters sections
2026-04-05 14:08:05,809 [INFO] McuResultTable:1403 - Mark MCU STM32F042F6P6TR as favorite
2026-04-05 14:08:28,253 [INFO] MainUpdater:2872 - connection check result : 10
2026-04-05 14:08:28,254 [INFO] MainUpdater:2872 - connection check result : 10
2026-04-05 14:08:28,626 [INFO] MicroXplorer:468 - Change Database Path : 
2026-04-05 14:08:28,626 [INFO] MicroXplorer:498 - Change Database Version : DB.6.0.150
2026-04-05 14:08:28,630 [WARN] ThirdParty:871 - waiting for thirdparty lock release [close project]
2026-04-05 14:08:28,630 [INFO] ThirdParty:873 - entering critical section [close project]
2026-04-05 14:08:28,632 [INFO] ThirdParty:883 - exiting critical section [close project]
2026-04-05 14:08:28,635 [INFO] PinOutPanel:1589 - setPackage(No Configuration,No Configuration)
2026-04-05 14:08:28,635 [INFO] UtilMem:75 - Begin LoadConfig() Used Memory: 901378264 Bytes (1073741824)
2026-04-05 14:08:28,637 [INFO] MicroXplorer:468 - Change Database Path : 
2026-04-05 14:08:28,637 [INFO] MicroXplorer:498 - Change Database Version : DB.6.0.150
2026-04-05 14:08:28,637 [INFO] OpenFileManager:355 - Change cursor
2026-04-05 14:08:28,721 [INFO] Mcu:2029 - Initializing MCU STM32F042F6Px STM32F042F6Px STM32F042F6P6TR
2026-04-05 14:08:29,973 [INFO] Context:786 - Trying to add GPIOservice into a context  which must be forbidden
2026-04-05 14:08:30,339 [INFO] ImportTextPane:234 - (OptionalMessage_ERROR) Unable to find key (Mcu.ThirdPartyNb) in loaded IOC file
2026-04-05 14:08:30,341 [INFO] ImportTextPane:234 - (OptionalMessage_ERROR) Unable to find key (Mcu.PinsNb) in loaded IOC file
2026-04-05 14:08:30,342 [INFO] ImportTextPane:234 - (OptionalMessage_ERROR) Pin0 (VP_RIF_VS_RIF1) cannot be retrieved for this MCU
2026-04-05 14:08:30,342 [INFO] ImportTextPane:234 - (OptionalMessage_ERROR) Unable to find key (Mcu.IPNb) in loaded IOC file
2026-04-05 14:08:30,466 [INFO] RtosManager:558 - Registered RTOS mode: class=CMSIS, group=RTOS, mode=CMSIS_V1, owner=FREERTOS
2026-04-05 14:08:30,466 [INFO] RtosManager:558 - Registered RTOS mode: class=CMSIS, group=RTOS2, mode=CMSIS_V2, owner=FREERTOS
2026-04-05 14:08:30,467 [INFO] RtosManager:558 - Registered RTOS mode: class=RTOS, group=Core, mode=CMSIS_V1, owner=FREERTOS
2026-04-05 14:08:30,467 [INFO] RtosManager:558 - Registered RTOS mode: class=RTOS, group=Core, mode=CMSIS_V2, owner=FREERTOS
2026-04-05 14:08:30,467 [WARN] ModelIntegratedComponent:184 - Missing modes for component STMicroelectronics:FreeRTOS:0.0.1:STMicroelectronics:RTOS:FreeRTOS:Core:::10.2.0:
2026-04-05 14:08:30,478 [WARN] ModelIntegratedComponent:63 - No mode defined for component null
2026-04-05 14:08:30,478 [WARN] ModelIntegratedComponent:63 - No mode defined for component null
2026-04-05 14:08:30,478 [WARN] ModelIntegratedComponent:63 - No mode defined for component null
2026-04-05 14:08:30,478 [WARN] ModelIntegratedComponent:63 - No mode defined for component null
2026-04-05 14:08:30,478 [WARN] ModelIntegratedComponent:63 - No mode defined for component null
2026-04-05 14:08:30,478 [WARN] ModelIntegratedComponent:63 - No mode defined for component null
2026-04-05 14:08:30,478 [WARN] ModelIntegratedComponent:63 - No mode defined for component null
2026-04-05 14:08:30,478 [WARN] ModelIntegratedComponent:63 - No mode defined for component null
2026-04-05 14:08:30,479 [WARN] ModelIntegratedComponent:63 - No mode defined for component null
2026-04-05 14:08:30,481 [WARN] ModelIntegratedComponent:63 - No mode defined for component null
2026-04-05 14:08:30,482 [WARN] ModelIntegratedComponent:63 - No mode defined for component null
2026-04-05 14:08:30,482 [WARN] ModelIntegratedComponent:63 - No mode defined for component null
2026-04-05 14:08:30,482 [WARN] ModelIntegratedComponent:63 - No mode defined for component null
2026-04-05 14:08:30,483 [WARN] ModelIntegratedComponent:63 - No mode defined for component null
2026-04-05 14:08:30,483 [WARN] ModelIntegratedComponent:63 - No mode defined for component null
2026-04-05 14:08:30,483 [WARN] ModelIntegratedComponent:63 - No mode defined for component null
2026-04-05 14:08:30,483 [WARN] ModelIntegratedComponent:63 - No mode defined for component null
2026-04-05 14:08:30,483 [WARN] ModelIntegratedComponent:63 - No mode defined for component null
2026-04-05 14:08:30,483 [WARN] ModelIntegratedComponent:63 - No mode defined for component null
2026-04-05 14:08:30,483 [WARN] ModelIntegratedComponent:63 - No mode defined for component null
2026-04-05 14:08:30,483 [WARN] ModelIntegratedComponent:63 - No mode defined for component null
2026-04-05 14:08:30,483 [WARN] ModelIntegratedComponent:63 - No mode defined for component null
2026-04-05 14:08:30,483 [WARN] ModelIntegratedComponent:63 - No mode defined for component null
2026-04-05 14:08:30,483 [WARN] ModelIntegratedComponent:63 - No mode defined for component null
2026-04-05 14:08:30,483 [WARN] ModelIntegratedComponent:63 - No mode defined for component null
2026-04-05 14:08:30,483 [WARN] ModelIntegratedComponent:63 - No mode defined for component null
2026-04-05 14:08:30,483 [WARN] ModelIntegratedComponent:63 - No mode defined for component null
2026-04-05 14:08:30,483 [WARN] ModelIntegratedComponent:63 - No mode defined for component null
2026-04-05 14:08:30,483 [WARN] ModelIntegratedComponent:63 - No mode defined for component null
2026-04-05 14:08:30,483 [WARN] ModelIntegratedComponent:63 - No mode defined for component null
2026-04-05 14:08:30,483 [WARN] ModelIntegratedComponent:63 - No mode defined for component null
2026-04-05 14:08:30,483 [WARN] ModelIntegratedComponent:63 - No mode defined for component null
2026-04-05 14:08:30,484 [WARN] ModelIntegratedComponent:63 - No mode defined for component null
2026-04-05 14:08:30,484 [WARN] ModelIntegratedComponent:63 - No mode defined for component null
2026-04-05 14:08:30,484 [WARN] ModelIntegratedComponent:63 - No mode defined for component null
2026-04-05 14:08:30,484 [WARN] ModelPack:524 - Component already loaded: STMicroelectronics:HAL Drivers:0.0.0:STMicroelectronics:Device:STMicro_Driver:XSPI:HAL::0.0.1:HAL_XSPI
2026-04-05 14:08:30,775 [INFO] ThirdPartyModel:298 - Start build external matchings
2026-04-05 14:08:31,614 [INFO] ThirdPartyModel:316 - End build external matchings
2026-04-05 14:08:31,935 [INFO] UtilMem:75 - End LoadConfig() Used Memory: 692694896 Bytes (1073741824)
2026-04-05 14:08:32,050 [WARN] ThirdParty:833 - waiting for thirdparty lock release [change project]
2026-04-05 14:08:32,055 [INFO] ThirdParty:835 - entering critical section [change project]
2026-04-05 14:08:32,055 [INFO] ThirdParty:1030 - CMSIS Pack Vendor :STMicroelectronics X-CUBE-AZRTOS-H7 3.5.0
2026-04-05 14:08:32,055 [INFO] ThirdParty:1030 - CMSIS Pack Vendor :STMicroelectronics X-CUBE-PM33A1 1.0.0
2026-04-05 14:08:32,056 [INFO] ThirdParty:1030 - CMSIS Pack Vendor :STMicroelectronics USBPD 4.1
2026-04-05 14:08:32,056 [INFO] ThirdParty:1030 - CMSIS Pack Vendor :STMicroelectronics USB_HOST 2.0.0
2026-04-05 14:08:32,056 [INFO] ThirdParty:1030 - CMSIS Pack Vendor :STMicroelectronics FP-SNS-MOTENVWB1 1.4.0
2026-04-05 14:08:32,056 [INFO] ThirdParty:1030 - CMSIS Pack Vendor :STMicroelectronics X-CUBE-AZRTOS-F4 1.1.0
2026-04-05 14:08:32,056 [INFO] ThirdParty:1030 - CMSIS Pack Vendor :STMicroelectronics LIBJPEG 8.0.0
2026-04-05 14:08:32,056 [INFO] ThirdParty:1030 - CMSIS Pack Vendor :STMicroelectronics FP-ATR-ASTRA1 2.0.2
2026-04-05 14:08:32,056 [INFO] ThirdParty:1030 - CMSIS Pack Vendor :Avnet-IotConnect X-CUBE-IoTC-DA16k-PMOD 1.0.0
2026-04-05 14:08:32,056 [INFO] ThirdParty:1030 - CMSIS Pack Vendor :STMicroelectronics X-CUBE-SMBUS 2.1.0
2026-04-05 14:08:32,056 [INFO] ThirdParty:1030 - CMSIS Pack Vendor :STMicroelectronics X-CUBE-ISPU 2.1.0
2026-04-05 14:08:32,056 [INFO] ThirdParty:1030 - CMSIS Pack Vendor :STMicroelectronics X-CUBE-IPS 3.2.0
2026-04-05 14:08:32,056 [INFO] ThirdParty:1030 - CMSIS Pack Vendor :STMicroelectronics eDS-WB_DPC_TT-BIDIR 2.1.1
2026-04-05 14:08:32,056 [INFO] ThirdParty:1030 - CMSIS Pack Vendor :STMicroelectronics X-CUBE-ST60 1.0.0
2026-04-05 14:08:32,056 [INFO] ThirdParty:1030 - CMSIS Pack Vendor :STMicroelectronics X-CUBE-NFC12 1.0.0
2026-04-05 14:08:32,056 [INFO] ThirdParty:1030 - CMSIS Pack Vendor :STMicroelectronics X-CUBE-AZRTOS-F7 1.1.0
2026-04-05 14:08:32,056 [INFO] ThirdParty:1030 - CMSIS Pack Vendor :STMicroelectronics X-CUBE-AZRTOS-L5 2.0.0
2026-04-05 14:08:32,056 [INFO] ThirdParty:1030 - CMSIS Pack Vendor :STMicroelectronics USB_DEVICE 2.0.0
2026-04-05 14:08:32,056 [INFO] ThirdParty:1030 - CMSIS Pack Vendor :STMicroelectronics X-CUBE-NFC6 3.1.0
2026-04-05 14:08:32,056 [INFO] ThirdParty:1030 - CMSIS Pack Vendor :STMicroelectronics FP-SNS-MOTENV1 5.1.0
2026-04-05 14:08:32,056 [INFO] ThirdParty:1030 - CMSIS Pack Vendor :STMicroelectronics FreeRTOS 0.0.1
2026-04-05 14:08:32,056 [INFO] ThirdParty:1030 - CMSIS Pack Vendor :STMicroelectronics eDS-WB_DPC_VIENNA 1.2.0
2026-04-05 14:08:32,056 [INFO] ThirdParty:1030 - CMSIS Pack Vendor :STMicroelectronics eDS-WB_DPC_3PH2L-BIDIR 1.1.1
2026-04-05 14:08:32,056 [INFO] ThirdParty:1030 - CMSIS Pack Vendor :Infineon AIROC-Wi-Fi-Bluetooth-STM32 1.7.0
2026-04-05 14:08:32,056 [INFO] ThirdParty:1030 - CMSIS Pack Vendor :STMicroelectronics PDM2PCM 3.3.0
2026-04-05 14:08:32,056 [INFO] ThirdParty:1030 - CMSIS Pack Vendor :STMicroelectronics X-CUBE-AZRTOS-H7 3.4.0
2026-04-05 14:08:32,056 [INFO] ThirdParty:1030 - CMSIS Pack Vendor :STMicroelectronics X-CUBE-DISPLAY 3.0.0
2026-04-05 14:08:32,056 [INFO] ThirdParty:1030 - CMSIS Pack Vendor :STMicroelectronics FP-SNS-MOTENVWB1 1.5.0
2026-04-05 14:08:32,056 [INFO] ThirdParty:1030 - CMSIS Pack Vendor :STMicroelectronics X-CUBE-NFC10 1.0.0
2026-04-05 14:08:32,056 [INFO] ThirdParty:1030 - CMSIS Pack Vendor :STMicroelectronics X-CUBE-BLEMGR 4.0.0
2026-04-05 14:08:32,056 [INFO] ThirdParty:1030 - CMSIS Pack Vendor :STMicroelectronics X-CUBE-FREERTOS 1.3.1
2026-04-05 14:08:32,056 [INFO] ThirdParty:1030 - CMSIS Pack Vendor :STMicroelectronics HAL Drivers 0.0.0
2026-04-05 14:08:32,056 [INFO] ThirdParty:1030 - CMSIS Pack Vendor :STMicroelectronics X-CUBE-ST60 1.1.0
2026-04-05 14:08:32,056 [INFO] ThirdParty:1030 - CMSIS Pack Vendor :emotas I-CUBE-CANOPEN 1.3.0
2026-04-05 14:08:32,056 [INFO] ThirdParty:1030 - CMSIS Pack Vendor :STMicroelectronics X-CUBE-FREERTOS 1.3.0
2026-04-05 14:08:32,056 [INFO] ThirdParty:1030 - CMSIS Pack Vendor :STMicroelectronics X-CUBE-NFC7 1.0.1
2026-04-05 14:08:32,056 [INFO] ThirdParty:1030 - CMSIS Pack Vendor :STMicroelectronics MBEDTLS 2.14.1
2026-04-05 14:08:32,056 [INFO] ThirdParty:1030 - CMSIS Pack Vendor :STMicroelectronics X-CUBE-GNSS1 7.1.0
2026-04-05 14:08:32,056 [INFO] ThirdParty:1030 - CMSIS Pack Vendor :STMicroelectronics X-CUBE-TOUCHGFX 4.26.0
2026-04-05 14:08:32,056 [INFO] ThirdParty:1030 - CMSIS Pack Vendor :STMicroelectronics X-CUBE-TOUCHGFX 4.26.1
2026-04-05 14:08:32,056 [INFO] ThirdParty:1030 - CMSIS Pack Vendor :quantropi X-CUBE-qispace-sdk-base 2.0.0
2026-04-05 14:08:32,056 [INFO] ThirdParty:1030 - CMSIS Pack Vendor :STMicroelectronics X-CUBE-AI 10.0.0
2026-04-05 14:08:32,056 [INFO] ThirdParty:1030 - CMSIS Pack Vendor :STMicroelectronics FP-SNS-STBOX1 2.1.0
2026-04-05 14:08:32,056 [INFO] ThirdParty:1030 - CMSIS Pack Vendor :STMicroelectronics FP-SNS-STAIOTCFT 1.0.0
2026-04-05 14:08:32,056 [INFO] ThirdParty:1030 - CMSIS Pack Vendor :STMicroelectronics FP-SNS-SMARTAG2 1.2.0
2026-04-05 14:08:32,056 [INFO] ThirdParty:1030 - CMSIS Pack Vendor :STMicroelectronics FP-SNS-FLIGHT1 5.1.0
2026-04-05 14:08:32,056 [INFO] ThirdParty:1030 - CMSIS Pack Vendor :STMicroelectronics X-CUBE-AZRTOS-WL 2.0.0
2026-04-05 14:08:32,056 [INFO] ThirdParty:1030 - CMSIS Pack Vendor :STMicroelectronics X-CUBE-DPower 1.3.0
2026-04-05 14:08:32,056 [INFO] ThirdParty:1030 - CMSIS Pack Vendor :STMicroelectronics FP-SNS-MOTENV1 5.0.0
2026-04-05 14:08:32,056 [INFO] ThirdParty:1030 - CMSIS Pack Vendor :STMicroelectronics USB_DEVICE 1.0.0
2026-04-05 14:08:32,056 [INFO] ThirdParty:1030 - CMSIS Pack Vendor :STMicroelectronics X-CUBE-AZRTOS-H7RS 1.2.0
2026-04-05 14:08:32,056 [INFO] ThirdParty:1030 - CMSIS Pack Vendor :STMicroelectronics X-CUBE-AZRTOS-L4 2.0.0
2026-04-05 14:08:32,056 [INFO] ThirdParty:1030 - CMSIS Pack Vendor :STMicroelectronics ThreadX 0.0.2
2026-04-05 14:08:32,056 [INFO] ThirdParty:1030 - CMSIS Pack Vendor :WES I-CUBE-Cesium 1.3.0
2026-04-05 14:08:32,056 [INFO] ThirdParty:1030 - CMSIS Pack Vendor :STMicroelectronics lwIP 2.1.2
2026-04-05 14:08:32,057 [INFO] ThirdParty:1030 - CMSIS Pack Vendor :STMicroelectronics X-CUBE-SFXS2LP1 4.0.0
2026-04-05 14:08:32,057 [INFO] ThirdParty:1030 - CMSIS Pack Vendor :STMicroelectronics X-CUBE-BLE2 3.3.0
2026-04-05 14:08:32,057 [INFO] ThirdParty:1030 - CMSIS Pack Vendor :Avnet-IOTCONNECT X-CUBE-iotc-st67-sdk 1.0.0
2026-04-05 14:08:32,058 [INFO] ThirdParty:1030 - CMSIS Pack Vendor :STMicroelectronics PDM2PCM 3.2.0
2026-04-05 14:08:32,058 [INFO] ThirdParty:1030 - CMSIS Pack Vendor :STMicroelectronics X-CUBE-ST67W61 1.2.0
2026-04-05 14:08:32,058 [INFO] ThirdParty:1030 - CMSIS Pack Vendor :STMicroelectronics X-CUBE-AZRTOS-H7 3.3.0
2026-04-05 14:08:32,058 [INFO] ThirdParty:1030 - CMSIS Pack Vendor :STMicroelectronics X-CUBE-NFC9 1.0.0
2026-04-05 14:08:32,058 [INFO] ThirdParty:1030 - CMSIS Pack Vendor :STMicroelectronics X-CUBE-BLE1 7.1.0
2026-04-05 14:08:32,058 [INFO] ThirdParty:1030 - CMSIS Pack Vendor :wolfSSL I-CUBE-wolfMQTT 1.19.2
2026-04-05 14:08:32,058 [INFO] ThirdParty:1030 - CMSIS Pack Vendor :STMicroelectronics USB_DEVICE 3.0.0
2026-04-05 14:08:32,058 [INFO] ThirdParty:1030 - CMSIS Pack Vendor :STMicroelectronics X-CUBE-FREERTOS 1.4.0
2026-04-05 14:08:32,058 [INFO] ThirdParty:1030 - CMSIS Pack Vendor :STMicroelectronics X-CUBE-EEPRMA1 5.2.0
2026-04-05 14:08:32,058 [INFO] ThirdParty:1030 - CMSIS Pack Vendor :STMicroelectronics X-CUBE-BLEMGR 4.1.0
2026-04-05 14:08:32,058 [INFO] ThirdParty:1030 - CMSIS Pack Vendor :STMicroelectronics X-CUBE-AZRTOS-WB 2.0.0
2026-04-05 14:08:32,058 [INFO] ThirdParty:1030 - CMSIS Pack Vendor :STMicroelectronics X-CUBE-GNSS1 7.0.1
2026-04-05 14:08:32,058 [INFO] ThirdParty:1030 - CMSIS Pack Vendor :STMicroelectronics X-CUBE-TOUCHGFX 4.25.0
2026-04-05 14:08:32,058 [INFO] ThirdParty:1030 - CMSIS Pack Vendor :STMicroelectronics X-CUBE-ST67W61 1.1.0
2026-04-05 14:08:32,058 [INFO] ThirdParty:1030 - CMSIS Pack Vendor :STMicroelectronics X-CUBE-AI 10.1.0
2026-04-05 14:08:32,058 [INFO] ThirdParty:1030 - CMSIS Pack Vendor :STMicroelectronics FP-SNS-STBOX1 2.0.0
2026-04-05 14:08:32,058 [INFO] ThirdParty:1030 - CMSIS Pack Vendor :STMicroelectronics X-CUBE-MEMS1 12.0.0
2026-04-05 14:08:32,058 [INFO] ThirdParty:1030 - CMSIS Pack Vendor :STMicroelectronics X-CUBE-STSE01 2.0.0
2026-04-05 14:08:32,058 [INFO] ThirdParty:1030 - CMSIS Pack Vendor :STMicroelectronics X-CUBE-MEMS1 11.2.0
2026-04-05 14:08:32,058 [INFO] ThirdParty:1030 - CMSIS Pack Vendor :STMicroelectronics X-CUBE-AZRTOS-G0 1.1.0
2026-04-05 14:08:32,058 [INFO] ThirdParty:1030 - CMSIS Pack Vendor :STMicroelectronics X-CUBE-SAFEA1 1.2.2
2026-04-05 14:08:32,058 [INFO] ThirdParty:1030 - CMSIS Pack Vendor :STMicroelectronics X-CUBE-NFC4 3.0.0
2026-04-05 14:08:32,058 [INFO] ThirdParty:1030 - CMSIS Pack Vendor :STMicroelectronics X-CUBE-SUBG2 5.0.0
2026-04-05 14:08:32,058 [INFO] ThirdParty:1030 - CMSIS Pack Vendor :STMicroelectronics X-CUBE-AZRTOS-H7RS 1.1.0
2026-04-05 14:08:32,058 [INFO] ThirdParty:1030 - CMSIS Pack Vendor :STMicroelectronics STM32_WPAN 1.0.0
2026-04-05 14:08:32,058 [INFO] ThirdParty:1030 - CMSIS Pack Vendor :EmbeddedOffice I-CUBE-FS-RTOS 1.0.1
2026-04-05 14:08:32,058 [INFO] ThirdParty:1030 - CMSIS Pack Vendor :STMicroelectronics lwIP 2.0.3
2026-04-05 14:08:32,058 [INFO] ThirdParty:1030 - CMSIS Pack Vendor :Cesanta I-CUBE-Mongoose 7.13.0
2026-04-05 14:08:32,058 [INFO] ThirdParty:1030 - CMSIS Pack Vendor :STMicroelectronics USB_HOST 1.0.0
2026-04-05 14:08:32,058 [INFO] ThirdParty:1030 - CMSIS Pack Vendor :STMicroelectronics X-CUBE-AZRTOS-G4 2.0.0
2026-04-05 14:08:32,058 [INFO] ThirdParty:1030 - CMSIS Pack Vendor :STMicroelectronics X-CUBE-WB05N 2.0.0
2026-04-05 14:08:32,058 [INFO] ThirdParty:1030 - CMSIS Pack Vendor :STMicroelectronics PDM2PCM 3.1.0
2026-04-05 14:08:32,058 [INFO] ThirdParty:1030 - CMSIS Pack Vendor :wolfSSL I-CUBE-wolfTPM 3.8.0
2026-04-05 14:08:32,058 [INFO] ThirdParty:1030 - CMSIS Pack Vendor :wolfSSL I-CUBE-wolfSSH 1.4.20
2026-04-05 14:08:32,058 [INFO] ThirdParty:1030 - CMSIS Pack Vendor :STMicroelectronics X-CUBE-NFC7 2.0.0
2026-04-05 14:08:32,058 [INFO] ThirdParty:1030 - CMSIS Pack Vendor :STMicroelectronics X-CUBE-TCPP 4.2.0
2026-04-05 14:08:32,058 [INFO] ThirdParty:1030 - CMSIS Pack Vendor :RealThread X-CUBE-RT-Thread_Nano 4.1.1
2026-04-05 14:08:32,058 [INFO] ThirdParty:1030 - CMSIS Pack Vendor :STMicroelectronics FP-ATR-SIGFOX1 3.2.0
2026-04-05 14:08:32,058 [INFO] ThirdParty:1030 - CMSIS Pack Vendor :STMicroelectronics X-CUBE-EEPRMA1 5.1.0
2026-04-05 14:08:32,058 [INFO] ThirdParty:1030 - CMSIS Pack Vendor :STMicroelectronics X-CUBE-FREERTOS 1.5.0
2026-04-05 14:08:32,058 [INFO] ThirdParty:1030 - CMSIS Pack Vendor :STMicroelectronics MBEDTLS 2.16.2
2026-04-05 14:08:32,058 [INFO] ThirdParty:1030 - CMSIS Pack Vendor :STMicroelectronics X-CUBE-IPS 3.1.0
2026-04-05 14:08:32,058 [INFO] ThirdParty:1030 - CMSIS Pack Vendor :STMicroelectronics X-CUBE-ALS 1.0.2
2026-04-05 14:08:32,058 [INFO] ThirdParty:1030 - CMSIS Pack Vendor :wolfSSL I-CUBE-wolfSSL 5.7.6
2026-04-05 14:08:32,058 [INFO] ThirdParty:1030 - CMSIS Pack Vendor :ITTIA_DB I-CUBE-ITTIADB 8.9.0
2026-04-05 14:08:32,058 [INFO] ThirdParty:1030 - CMSIS Pack Vendor :STMicroelectronics X-CUBE-STSE01 1.0.0
2026-04-05 14:08:32,059 [INFO] ThirdParty:1030 - CMSIS Pack Vendor :portGmbH I-Cube-SoM-uGOAL 1.1.0
2026-04-05 14:08:32,059 [INFO] ThirdParty:1030 - CMSIS Pack Vendor :STMicroelectronics X-CUBE-NFC6 3.2.0
2026-04-05 14:08:32,059 [INFO] ThirdParty:1030 - CMSIS Pack Vendor :STMicroelectronics X-CUBE-ST67W61 1.0.0
2026-04-05 14:08:32,059 [INFO] ThirdParty:1030 - CMSIS Pack Vendor :STMicroelectronics X-CUBE-AI 10.2.0
2026-04-05 14:08:32,059 [INFO] ThirdParty:1030 - CMSIS Pack Vendor :STMicroelectronics ThreadX 1.0.0
2026-04-05 14:08:32,060 [INFO] ThirdParty:1030 - CMSIS Pack Vendor :SEGGER I-CUBE-embOS 1.3.1
2026-04-05 14:08:32,060 [INFO] ThirdParty:1030 - CMSIS Pack Vendor :STMicroelectronics X-CUBE-ALGOBUILD 1.4.0
2026-04-05 14:08:32,061 [INFO] ThirdParty:1030 - CMSIS Pack Vendor :STMicroelectronics X-CUBE-MEMS1 11.3.0
2026-04-05 14:08:32,061 [INFO] ThirdParty:1030 - CMSIS Pack Vendor :STMicroelectronics X-CUBE-TOF1 3.4.3
2026-04-05 14:08:32,063 [INFO] ThirdParty:841 - exiting critical section [change project]
2026-04-05 14:08:32,566 [INFO] PinOutPanel:1589 - setPackage(No Configuration,No Configuration)
2026-04-05 14:08:32,573 [INFO] PinOutPanel:1589 - setPackage(STM32F042F6Px,TSSOP20)
2026-04-05 14:08:33,669 [INFO] UtilMem:75 - Before build in PCC Used Memory: 843685144 Bytes (1073741824)
2026-04-05 14:08:34,529 [INFO] UtilMem:75 - After build in PCC Used Memory: 792519248 Bytes (1073741824)
2026-04-05 14:08:34,588 [INFO] IPUIPlugin:80 - create IPUIPlugin
2026-04-05 14:08:34,589 [INFO] IPUIPlugin:80 - create IPUIPlugin
2026-04-05 14:08:34,590 [INFO] IPUIPlugin:80 - create IPUIPlugin
2026-04-05 14:08:34,590 [INFO] IPUIPlugin:80 - create IPUIPlugin
2026-04-05 14:08:34,590 [INFO] IPUIPlugin:80 - create IPUIPlugin
2026-04-05 14:08:34,591 [INFO] IPUIPlugin:80 - create IPUIPlugin
2026-04-05 14:08:34,592 [INFO] IPUIPlugin:80 - create IPUIPlugin
2026-04-05 14:08:34,592 [INFO] IPUIPlugin:80 - create IPUIPlugin
2026-04-05 14:08:34,592 [INFO] IPUIPlugin:80 - create IPUIPlugin
2026-04-05 14:08:34,592 [INFO] IPUIPlugin:80 - create IPUIPlugin
2026-04-05 14:08:34,592 [INFO] IPUIPlugin:80 - create IPUIPlugin
2026-04-05 14:08:34,592 [INFO] IPUIPlugin:80 - create IPUIPlugin
2026-04-05 14:08:34,593 [INFO] IPUIPlugin:80 - create IPUIPlugin
2026-04-05 14:08:34,593 [INFO] IPUIPlugin:80 - create IPUIPlugin
2026-04-05 14:08:34,593 [INFO] IPUIPlugin:80 - create IPUIPlugin
2026-04-05 14:08:34,593 [INFO] IPUIPlugin:80 - create IPUIPlugin
2026-04-05 14:08:34,593 [INFO] IPUIPlugin:80 - create IPUIPlugin
2026-04-05 14:08:34,593 [INFO] IPUIPlugin:80 - create IPUIPlugin
2026-04-05 14:08:34,594 [INFO] IPUIPlugin:80 - create IPUIPlugin
2026-04-05 14:08:34,594 [INFO] IPUIPlugin:80 - create IPUIPlugin
2026-04-05 14:08:34,594 [INFO] IPUIPlugin:80 - create IPUIPlugin
2026-04-05 14:08:34,594 [INFO] IPUIPlugin:80 - create IPUIPlugin
2026-04-05 14:08:34,594 [INFO] IPUIPlugin:80 - create IPUIPlugin
2026-04-05 14:08:34,595 [INFO] IPUIPlugin:80 - create IPUIPlugin
2026-04-05 14:08:34,595 [INFO] IPUIPlugin:80 - create IPUIPlugin
2026-04-05 14:08:34,595 [INFO] IPUIPlugin:80 - create IPUIPlugin
2026-04-05 14:08:34,595 [INFO] IPUIPlugin:80 - create IPUIPlugin
2026-04-05 14:08:34,595 [INFO] IPUIPlugin:80 - create IPUIPlugin
2026-04-05 14:08:34,595 [INFO] IPUIPlugin:80 - create IPUIPlugin
2026-04-05 14:08:34,595 [INFO] IPUIPlugin:80 - create IPUIPlugin
2026-04-05 14:08:34,745 [INFO] CADModel:165 - CPN selected for project levelSTM32F042F6P6TR
2026-04-05 14:08:34,745 [INFO] CADModel:114 - Register for checkConnection events
2026-04-05 14:08:34,798 [INFO] OpenFileManager:386 - Restore cursor
2026-04-05 14:08:35,637 [INFO] UtilMem:75 - End SaveConfig() Used Memory: 929423632 Bytes (1073741824)
2026-04-05 14:08:37,061 [INFO] ServerAccessManage:452 - Complete download http(s) 200
2026-04-05 14:08:37,067 [INFO] ServerAccessManage:509 - Download File stm32cube_fw_f0_v1110.zip
2026-04-05 14:09:39,738 [WARN] FileExtend:469 - File entry not found
2026-04-05 14:09:39,740 [INFO] FileExtend:248 - Unzip File : stm32cube_fw_f0_v1110.zip
2026-04-05 14:09:39,741 [INFO] FileExtend:263 - Standard Zip Deflate
2026-04-05 14:09:43,831 [INFO] ServerAccessManage:452 - Complete download http(s) 200
2026-04-05 14:09:43,845 [INFO] ServerAccessManage:509 - Download File stm32cube_fw_f0_v1116.zip
2026-04-05 14:10:45,890 [INFO] FileExtend:248 - Unzip File : stm32cube_fw_f0_v1116.zip
2026-04-05 14:10:45,897 [INFO] FileExtend:263 - Standard Zip Deflate
2026-04-05 14:10:48,758 [INFO] LoadServerPackagesThread:196 - End of LoadServerPackages Thread
2026-04-05 14:10:49,048 [INFO] ThirdPartyModel:298 - Start build external matchings
2026-04-05 14:10:49,126 [INFO] UtilMem:75 - End SaveConfig() Used Memory: 699825656 Bytes (1073741824)
2026-04-05 14:10:49,991 [INFO] ThirdPartyModel:316 - End build external matchings
2026-04-05 14:10:50,010 [INFO] CheckServerUpdateThread:120 - End of CheckServer Thread
2026-04-05 14:10:50,344 [INFO] BlockDiagram:2775 - set Specific Code input for plugin: NVIC
2026-04-05 14:10:50,344 [INFO] BlockDiagram:2775 - set Specific Code input for plugin: RCC
2026-04-05 14:10:50,345 [INFO] CodeGenerator:892 - code generatio: config db path: /Applications/STM32CubeIDE.app/Contents/Eclipse/plugins/com.st.stm32cube.common.mx_6.15.0.202507011659//db/
2026-04-05 14:10:50,489 [INFO] CodeEngine:265 - oldGeneratedFile, /Users/jaspertan/Desktop/SCU/MECH208/Final_Project/Code/STM32_Code/tilt_plate/MXTmpFiles/license.tmp_save
2026-04-05 14:10:50,935 [INFO] CodeEngine:289 - Generated code: /Users/jaspertan/Desktop/SCU/MECH208/Final_Project/Code/STM32_Code/tilt_plate/MXTmpFiles/license.tmp
2026-04-05 14:10:50,954 [INFO] CodeEngine:265 - oldGeneratedFile, /Users/jaspertan/Desktop/SCU/MECH208/Final_Project/Code/STM32_Code/tilt_plate/Core/Src/stm32f0xx_it.c_save
2026-04-05 14:10:51,132 [INFO] CodeEngine:289 - Generated code: /Users/jaspertan/Desktop/SCU/MECH208/Final_Project/Code/STM32_Code/tilt_plate/Core/Src/stm32f0xx_it.c
2026-04-05 14:10:51,134 [INFO] CodeEngine:265 - oldGeneratedFile, /Users/jaspertan/Desktop/SCU/MECH208/Final_Project/Code/STM32_Code/tilt_plate/Core/Inc/stm32f0xx_it.h_save
2026-04-05 14:10:51,229 [INFO] CodeEngine:289 - Generated code: /Users/jaspertan/Desktop/SCU/MECH208/Final_Project/Code/STM32_Code/tilt_plate/Core/Inc/stm32f0xx_it.h
2026-04-05 14:10:51,324 [INFO] CodeEngine:265 - oldGeneratedFile, /Users/jaspertan/Desktop/SCU/MECH208/Final_Project/Code/STM32_Code/tilt_plate/Core/Src/stm32f0xx_hal_msp.c_save
2026-04-05 14:10:51,426 [INFO] CodeEngine:289 - Generated code: /Users/jaspertan/Desktop/SCU/MECH208/Final_Project/Code/STM32_Code/tilt_plate/Core/Src/stm32f0xx_hal_msp.c
2026-04-05 14:10:51,428 [INFO] CodeEngine:265 - oldGeneratedFile, /Users/jaspertan/Desktop/SCU/MECH208/Final_Project/Code/STM32_Code/tilt_plate/MXTmpFiles/system.tmp_save
2026-04-05 14:10:51,471 [INFO] CodeEngine:289 - Generated code: /Users/jaspertan/Desktop/SCU/MECH208/Final_Project/Code/STM32_Code/tilt_plate/MXTmpFiles/system.tmp
2026-04-05 14:10:51,475 [INFO] CodeEngine:321 - oldGeneratedFile, /Users/jaspertan/Desktop/SCU/MECH208/Final_Project/Code/STM32_Code/tilt_plate/Core/Inc/stm32f0xx_hal_conf.h_save
2026-04-05 14:10:51,551 [INFO] CodeEngine:345 - Generated code: /Users/jaspertan/Desktop/SCU/MECH208/Final_Project/Code/STM32_Code/tilt_plate/Core/Inc/stm32f0xx_hal_conf.h
2026-04-05 14:10:51,612 [INFO] ApiDbMcu:532 - Load IP Config File for RCC
2026-04-05 14:10:51,618 [INFO] CodeEngine:265 - oldGeneratedFile, /Users/jaspertan/Desktop/SCU/MECH208/Final_Project/Code/STM32_Code/tilt_plate/Core/Inc/main.h_save
2026-04-05 14:10:51,750 [INFO] CodeEngine:289 - Generated code: /Users/jaspertan/Desktop/SCU/MECH208/Final_Project/Code/STM32_Code/tilt_plate/Core/Inc/main.h
2026-04-05 14:10:51,752 [INFO] CodeEngine:265 - oldGeneratedFile, /Users/jaspertan/Desktop/SCU/MECH208/Final_Project/Code/STM32_Code/tilt_plate/Core/Src/main.c_save
2026-04-05 14:10:51,926 [INFO] CodeEngine:289 - Generated code: /Users/jaspertan/Desktop/SCU/MECH208/Final_Project/Code/STM32_Code/tilt_plate/Core/Src/main.c
2026-04-05 14:10:52,547 [INFO] ProjectBuilder:3606 - Time for Copy HAL[1] : 39mS.
2026-04-05 14:10:52,567 [INFO] ProjectBuilder:5216 - Project Generator version: 4.7.0-B52
2026-04-05 14:10:52,712 [INFO] ConfigFileManager:1595 - The Die is : DIE445
2026-04-05 14:10:52,742 [INFO] ApiDbMcu:532 - Load IP Config File for FATFS
2026-04-05 14:10:52,805 [INFO] ApiDbMcu:532 - Load IP Config File for FREERTOS
2026-04-05 14:10:53,094 [INFO] ApiDbMcu:532 - Load IP Config File for TOUCHSENSING
2026-04-05 14:10:53,145 [INFO] ApiDbMcu:532 - Load IP Config File for USB_DEVICE
2026-04-05 14:10:53,580 [INFO] LogOutputStream:77 - [STDOUT_REDIRECT] 
2026-04-05 14:10:59,728 [INFO] ProjectBuilder:5496 - Time for Generating toolchain IDE Files: 7160mS.
2026-04-05 14:10:59,731 [INFO] ProjectBuilder:3463 - Time for Copy CMSIS : 0mS.
2026-04-05 14:10:59,731 [INFO] ProjectBuilder:3463 - Time for Copy CMSIS : 0mS.
2026-04-05 14:11:00,778 [INFO] McuFinderGlobals:76 - Set McuFinderConnectedMode to true
2026-04-05 14:11:00,791 [INFO] ApiDb:448 - Save user favorites file /Users/jaspertan/.stm32cubeide/favorites.mcus.txt: 1 item(s)
2026-04-05 14:11:00,791 [INFO] ApiDb:452 - User favorites MCUs=[STM32F042F6P6TR]
2026-04-05 14:28:50,780 [INFO] WebApp:194 - Connection lost
2026-04-05 14:28:51,453 [INFO] WebApp:191 - Connection restablished
2026-04-05 14:36:20,184 [INFO] WebApp:194 - Connection lost
2026-04-05 14:36:20,663 [INFO] WebApp:191 - Connection restablished
2026-04-05 14:37:56,878 [INFO] UtilMem:75 - End SaveConfig() Used Memory: 990550872 Bytes (1073741824)
2026-04-05 14:37:58,143 [INFO] UtilMem:75 - End SaveConfig() Used Memory: 1005743640 Bytes (1073741824)
2026-04-05 14:38:00,616 [INFO] UtilMem:75 - End SaveConfig() Used Memory: 854804280 Bytes (1073741824)
2026-04-05 14:38:01,435 [INFO] BlockDiagram:2775 - set Specific Code input for plugin: NVIC
2026-04-05 14:38:01,450 [INFO] BlockDiagram:2775 - set Specific Code input for plugin: RCC
2026-04-05 14:38:01,455 [INFO] CodeGenerator:892 - code generatio: config db path: /Applications/STM32CubeIDE.app/Contents/Eclipse/plugins/com.st.stm32cube.common.mx_6.15.0.202507011659//db/
2026-04-05 14:38:01,673 [INFO] CodeEngine:265 - oldGeneratedFile, /Users/jaspertan/Desktop/SCU/MECH208/Final_Project/Code/STM32_Code/tilt_plate/MXTmpFiles/license.tmp_save
2026-04-05 14:38:01,906 [INFO] CodeEngine:289 - Generated code: /Users/jaspertan/Desktop/SCU/MECH208/Final_Project/Code/STM32_Code/tilt_plate/MXTmpFiles/license.tmp
2026-04-05 14:38:01,919 [INFO] CodeEngine:265 - oldGeneratedFile, /Users/jaspertan/Desktop/SCU/MECH208/Final_Project/Code/STM32_Code/tilt_plate/Core/Src/stm32f0xx_it.c_save
2026-04-05 14:38:02,057 [INFO] CodeEngine:289 - Generated code: /Users/jaspertan/Desktop/SCU/MECH208/Final_Project/Code/STM32_Code/tilt_plate/Core/Src/stm32f0xx_it.c
2026-04-05 14:38:02,059 [INFO] CodeEngine:265 - oldGeneratedFile, /Users/jaspertan/Desktop/SCU/MECH208/Final_Project/Code/STM32_Code/tilt_plate/Core/Inc/stm32f0xx_it.h_save
2026-04-05 14:38:02,110 [INFO] CodeEngine:289 - Generated code: /Users/jaspertan/Desktop/SCU/MECH208/Final_Project/Code/STM32_Code/tilt_plate/Core/Inc/stm32f0xx_it.h
2026-04-05 14:38:02,115 [INFO] CodeEngine:265 - oldGeneratedFile, /Users/jaspertan/Desktop/SCU/MECH208/Final_Project/Code/STM32_Code/tilt_plate/Core/Src/stm32f0xx_hal_msp.c_save
2026-04-05 14:38:02,190 [INFO] CodeEngine:289 - Generated code: /Users/jaspertan/Desktop/SCU/MECH208/Final_Project/Code/STM32_Code/tilt_plate/Core/Src/stm32f0xx_hal_msp.c
2026-04-05 14:38:02,192 [INFO] CodeEngine:265 - oldGeneratedFile, /Users/jaspertan/Desktop/SCU/MECH208/Final_Project/Code/STM32_Code/tilt_plate/MXTmpFiles/system.tmp_save
2026-04-05 14:38:02,254 [INFO] CodeEngine:289 - Generated code: /Users/jaspertan/Desktop/SCU/MECH208/Final_Project/Code/STM32_Code/tilt_plate/MXTmpFiles/system.tmp
2026-04-05 14:38:02,258 [INFO] CodeEngine:321 - oldGeneratedFile, /Users/jaspertan/Desktop/SCU/MECH208/Final_Project/Code/STM32_Code/tilt_plate/Core/Inc/stm32f0xx_hal_conf.h_save
2026-04-05 14:38:02,304 [INFO] CodeEngine:345 - Generated code: /Users/jaspertan/Desktop/SCU/MECH208/Final_Project/Code/STM32_Code/tilt_plate/Core/Inc/stm32f0xx_hal_conf.h
2026-04-05 14:38:02,326 [INFO] CodeEngine:265 - oldGeneratedFile, /Users/jaspertan/Desktop/SCU/MECH208/Final_Project/Code/STM32_Code/tilt_plate/Core/Inc/main.h_save
2026-04-05 14:38:02,407 [INFO] CodeEngine:289 - Generated code: /Users/jaspertan/Desktop/SCU/MECH208/Final_Project/Code/STM32_Code/tilt_plate/Core/Inc/main.h
2026-04-05 14:38:02,410 [INFO] CodeEngine:265 - oldGeneratedFile, /Users/jaspertan/Desktop/SCU/MECH208/Final_Project/Code/STM32_Code/tilt_plate/Core/Src/main.c_save
2026-04-05 14:38:02,497 [INFO] CodeEngine:289 - Generated code: /Users/jaspertan/Desktop/SCU/MECH208/Final_Project/Code/STM32_Code/tilt_plate/Core/Src/main.c
2026-04-05 14:38:02,642 [INFO] ProjectBuilder:3606 - Time for Copy HAL[1] : 36mS.
2026-04-05 14:38:02,645 [INFO] ProjectBuilder:5216 - Project Generator version: 4.7.0-B52
2026-04-05 14:38:02,695 [INFO] ConfigFileManager:1595 - The Die is : DIE445
2026-04-05 14:38:04,936 [INFO] ProjectBuilder:5496 - Time for Generating toolchain IDE Files: 2283mS.
2026-04-05 14:38:04,944 [INFO] ProjectBuilder:3463 - Time for Copy CMSIS : 1mS.
2026-04-05 14:38:04,947 [INFO] ProjectBuilder:3463 - Time for Copy CMSIS : 0mS.
2026-04-05 14:52:00,478 [ERROR] LogOutputStream:75 - [STDERR_REDIRECT] 
